Order_ID,Customer_Name,Category,Product_Name,Price,Quantity,Order_Date,Delivery_Status,City,Discount_Pct
FK-1001,Customer_1,Clothing,Jeans,Rs. 3385,1,Jan 11 2025,Delivered,Chennai,15
FK-1002,Customer_2,Electronics,Sony Headphones,59737,1,26-12-25,Delivered,Gurgaon,0%
FK-1003,Customer_3,BEAUTY,Lakme Eyeliner,26935,1,26-07-25,Shipped,Bengaluru,5
FK-1004,Customer_4,Shoes,Puma Sneakers,44469,2,23-05-25,Canceled,Kolkata,28%
FK-1005,Customer_5,Clothing,Saree,60208,3,12-02-25,Pending,Gurgaon,0
FK-1006,Customer_6,Clothing,Jacket,₹32456,2,31-05-25,Canceled,Hyd,20
fk-1007,Customer_7,Clothing,Men's T-Shirt,Rs. 55680,1,14-02-25,Pending,Kolkata,13
FK-1008,Customer_8,Clothing,Saree,6811,1,22-01-25,Canceled,Gurgaon,3
FK-1009,Customer_9,Electronics,Dell Mouse,₹42891,1,09-03-25,returned,Gurgaon,N/A
FK-1010,Customer_10,Books,Python Crash Course,₹30319,1,25-04-25,Delivered,Pune,17%
FK-1011,Customer_11,beauty,Lakme Eyeliner,₹23340,1,16-07-25,Canceled,Pune,29
FK-1012,Customer_12,Shoes,Puma Sneakers,70373,2,17-02-25,Returned,Chennai,9
FK-1013,Customer_13,Shoes,Puma Sneakers,53304,1,26-04-26,delivered,Gurgaon,3
FK-1014,Customer_14,Electronics,HP Pavilion Laptop,53057,2,22-02-26,delivered,Gurgaon,7
FK-1015,Customer_15,books,Atomic Habits,24105,1,06-03-25,Pending,BLR,27
FK-1016,,shoes,Adidas Sliders,59091,2,22-03-25,Delivered,Pune,N/A
FK-1017,Customer_17,Clothing,Jeans,44557,1,15-09-25,returned,Chennai,16
FK-1018,Customer_18,Home & Kitchen,Pigeon Gas Stove,21900,2,Mar 19 2025,Delivered,Delhi,22
FK-1019,Customer_19,Home & Kitchen,Milton Thermos,Rs. 4040,1,27-02-25,Shipped,Bengaluru,27
FK-1020,Customer_20,Home & Kitchen,Milton Thermos,-52435,3,15-12-25,Canceled,,NULL
FK-1021,Customer_21,Electronics,Dell Mouse,,5,17-10-25,Delivered,,15
FK-1022,Customer_22,Home & Kitchen,Milton Thermos,26977,1,Oct 17 2025,Returned,BLR,9
FK-1023,Customer_23,Clothing,Saree,4223,2,16-11-25,Delivered,,25
FK-1024,Customer_24,Books,Python Crash Course,64481,1,13-01-26,Shipped,Pune,22
FK-1025,Customer_25,Shoes,Puma Sneakers,73739,1,20-12-25,Delivered,Mumbai,11
FK-1026,,,Apple iPhone 15,,-1,25-03-26,Returned,Hyd,25
fk-1027,Customer_27,Electronics,Apple iPhone 15,₹5721,1,06-02-26,Canceled,Kolkata,24
FK-1028,Customer_28,Electronics,Samsung Galaxy M14,36979,1,Oct 10 2025,Canceled,Bengaluru,
FK-1029,Customer_29,Beauty,Maybelline Lipstick,74071,3,05-06-25,delivered,Hyd,10%
FK-1030,Customer_30,Books,Rich Dad Poor Dad,₹19575,two,29-04-25,Returned,Kolkata,5
FK-1031,,Shoes,Adidas Sliders,23394,1,09-12-25,Shipped,Kolkata,21
FK-1032,Customer_32,Shoes,Puma Sneakers,45763,2,May 22 2025,delivered,Delhi,23
FK-1033,Customer_33,Home & Kitchen,Pigeon Gas Stove,66900,1,12-02-25,delivered,Mumbai,21
FK-1034,Customer_34,Clothing,Saree,12930,5,13-02-26,Canceled,BLR,4
FK-1035,Customer_35,Home & Kitchen,Pigeon Gas Stove,29915,1,May 28 2025,Shipped,Kolkata,5
FK-1036,Customer_36,Shoes,Nike Running Shoes,43730,2,,returned,Chennai,2
FK-1037,Customer_37,Beauty,Nivea Lotion,28966,1,04-03-25,delivered,Chennai,29
FK-1038,Customer_38,BOOKS,Dune,Rs. 50807,5,10-02-25,delivered,Gurgaon,3
FK-1039,,,Boat Airdopes,,2,31-01-26,Canceled,,6
FK-1040,Customer_40,Books,Rich Dad Poor Dad,57167,1,28-05-25,Returned,Chennai,29
FK-1041,Customer_41,Home & Kitchen,Prestige Cooker,29174,3,03-10-25,returned,Gurgaon,14
1042,Customer_42,Home & Kitchen,Pigeon Gas Stove,Rs. 7273,3,23-08-25,Canceled,Chennai,14
FK-1043,Customer_43,Clothing,Men's T-Shirt,-54748,2,28-12-25,Canceled,BLR,7
FK-1044,Customer_44,Electronics,Sony Headphones,39783,1,13-06-25,Pending,,1
FK-1045,Customer_45,Shoes,Adidas Sliders,12856,,03-07-25,delivered,Mumbai,8%
FK-1046,Customer_46,Beauty,Lakme Eyeliner,17269,1,14-08-25,Shipped,,11%
FK-1047,Customer_47,Beauty,Nivea Lotion,₹70123,1,29-07-25,Delivered,BLR,15
fk-1048,Customer_48,Home & Kitchen,Milton Thermos,1062,1,02-05-25,Pending,Chennai,23
FK-1049,Customer_49,home & kitchen,Milton Thermos,20461,4,10-04-26,Pending,Kolkata,27
FK-1050,Customer_50,Home & Kitchen,Bajaj Iron,,3,05-06-25,Canceled,,30%
FK-1051,Customer_51,Clothing,Saree,-21214,3,06-10-25,delivered,Mumbai,NULL
FK-1052,Customer_52,Shoes,Puma Sneakers,9941,1,06-03-25,Returned,Bengaluru,10
FK-1053,Customer_53,home & kitchen,Pigeon Gas Stove,66376,1,08-07-25,returned,Chennai,16
1054,Customer_54,Home & Kitchen,Pigeon Gas Stove,2334,1,05-05-26,returned,Gurgaon,11%
FK-1055,Customer_55,Shoes,Adidas Sliders,,1,19-03-26,returned,Bengaluru,NULL
FK-1056,Customer_56,home & kitchen,Pigeon Gas Stove,50949,1,Dec 21 2025,Shipped,Pune,2
FK-1057,Customer_57,beauty,Maybelline Lipstick,30641,1,25-10-25,Shipped,Hyderabad,29
FK-1058,Customer_58,Home & Kitchen,Bajaj Iron,Rs. 58126,1,24-03-25,Returned,Hyd,20
FK-1059,Customer_59,Books,Rich Dad Poor Dad,,3,09-01-26,Delivered,Mumbai,9
fk-1060,,Home & Kitchen,Prestige Cooker,74980,,May 27 2025,returned,Pune,18
FK-1061,Customer_61,Electronics,Samsung Galaxy M14,70544,1,20-07-25,returned,Mumbai,16
FK-1062,Customer_62,Beauty,Nivea Lotion,₹25462,3,16-04-26,Shipped,Mumbai,13
FK-1063,Customer_63,clothing,Jacket,32168,4,02-10-25,Returned,Kolkata,21
FK-1064,Customer_64,Shoes,Nike Running Shoes,66975,3,,Delivered,Mumbai,N/A
FK-1065,Customer_65,books,Atomic Habits,11961,5,Mar 02 2025,Returned,Hyderabad,30
FK-1066,Customer_66,Electronics,Apple iPhone 15,69858,2,07-08-25,Shipped,Mumbai,24
FK-1067,Customer_67,,Sony Headphones,45830,1,12-01-25,Returned,Kolkata,2
fk-1068,Customer_68,Clothing,Women's Kurta,Rs. 26303,1,29-01-26,Canceled,Bengaluru,3
FK-1069,Customer_69,beauty,Nivea Lotion,-41368,1,26-01-25,Shipped,Bengaluru,N/A
FK-1070,Customer_70,Clothing,Women's Kurta,42696,3,20-10-25,Canceled,Chennai,0
FK-1071,Customer_71,beauty,Lakme Eyeliner,51090,3,21-02-25,delivered,Hyd,9
FK-1072,Customer_72,Shoes,Puma Sneakers,47842,1,07-06-25,Canceled,Pune,29%
FK-1073,Customer_73,Electronics,Apple iPhone 15,9640,1,,returned,Chennai,4
FK-1074,Customer_74,BEAUTY,Lakme Eyeliner,48773,2,17-01-26,Pending,Delhi,NULL
FK-1074,Customer_74,BEAUTY,Lakme Eyeliner,48773,2,17-01-26,Pending,Delhi,NULL
FK-1075,Customer_75,,Boat Airdopes,56207,1,13-11-25,Shipped,Mumbai,NULL
FK-1076,,Beauty,Nivea Lotion,61469,1,04-07-25,Shipped,Bengaluru,28
FK-1077,Customer_77,Clothing,Jeans,47102,1,28-06-25,Returned,Hyderabad,16
FK-1078,Customer_78,Books,Rich Dad Poor Dad,54779,2,05-12-25,Shipped,Hyd,7
FK-1079,Customer_79,Books,Python Crash Course,13799,1,21-04-26,Shipped,BLR,8
fk-1080,Customer_80,ELECTRONICS,Dell Mouse,53565,1,22-07-25,Pending,,6
FK-1081,Customer_81,Electronics,Apple iPhone 15,₹47319,1,17-01-26,returned,Chennai,7
FK-1082,Customer_82,Books,Dune,9922,1,07-02-25,Canceled,Pune,22
FK-1083,Customer_83,Electronics,Boat Airdopes,73437,3,14-05-26,Shipped,Pune,13
fk-1084,Customer_84,,HP Pavilion Laptop,,1,21-01-26,delivered,Hyd,15
FK-1085,Customer_85,Beauty,Lakme Eyeliner,Rs. 15729,,03-03-25,Pending,Pune,9
1086,Customer_86,,Dell Mouse,74592,4,Apr 30 2026,delivered,,1
FK-1087,Customer_87,Books,Dune,-44312,2,Jul 21 2025,Canceled,Chennai,23
FK-1088,Customer_88,Beauty,Nivea Lotion,₹42558,1,07-11-25,Canceled,,10
FK-1089,,Home & Kitchen,Milton Thermos,Rs. 5018,3,13-01-25,Shipped,Bengaluru,29
FK-1090,Customer_90,Electronics,Samsung Galaxy M14,61305,999,07-12-25,returned,,4%
FK-1091,Customer_91,Books,Rich Dad Poor Dad,39616,1,11-09-25,delivered,Chennai,
1092,Customer_92,Home & Kitchen,Pigeon Gas Stove,53215,1,09-02-25,Canceled,Gurgaon,NULL
FK-1093,Customer_93,Shoes,Nike Running Shoes,52676,2,07-04-25,Delivered,Hyd,15
FK-1094,,Clothing,Men's T-Shirt,71236,one,24-04-25,Delivered,Pune,16
FK-1095,Customer_95,,Dell Mouse,3154,-1,30-03-26,Delivered,Hyd,14
FK-1096,Customer_96,Shoes,Puma Sneakers,39909,1,25-04-26,Shipped,Delhi,15
FK-1097,Customer_97,Shoes,Adidas Sliders,20561,1,Jan 30 2025,Delivered,,12
FK-1098,Customer_98,electronics,Dell Mouse,57111,1,14-05-26,returned,Mumbai,17
FK-1099,Customer_99,Home & Kitchen,Pigeon Gas Stove,49061,1,06-11-25,Pending,,24%
FK-1100,Customer_100,Electronics,HP Pavilion Laptop,₹55456,2,29-07-25,returned,Delhi,14
FK-1101,Customer_101,Beauty,Nivea Lotion,10841,1,03-07-25,returned,Chennai,11
1102,Customer_102,Beauty,Lakme Eyeliner,Rs. 55525,4,23-07-25,Delivered,Kolkata,6
FK-1103,Customer_103,Home & Kitchen,Pigeon Gas Stove,39704,1,Oct 02 2025,Pending,Bengaluru,7%
FK-1104,Customer_104,Beauty,Nivea Lotion,₹70436,999,08-12-25,Canceled,Hyderabad,11
FK-1105,Customer_105,Electronics,Dell Mouse,10811,1,21-04-26,Delivered,Delhi,24
FK-1106,Customer_106,Beauty,Lakme Eyeliner,73199,1,24-02-26,Canceled,Pune,23
FK-1107,Customer_107,electronics,Sony Headphones,26967,1,16-01-25,Returned,Pune,8
FK-1108,Customer_108,Books,Rich Dad Poor Dad,60591,-1,Oct 01 2025,Canceled,Chennai,5
FK-1109,Customer_109,Books,Atomic Habits,Rs. 23894,1,27-01-26,Pending,Hyd,27
FK-1110,Customer_110,Home & Kitchen,Pigeon Gas Stove,Rs. 18802,,,Shipped,Delhi,N/A
FK-1111,Customer_111,Books,Dune,₹13024,1,,Canceled,Bengaluru,6%
FK-1112,Customer_112,Clothing,Jacket,42168,5,29-01-26,Delivered,Hyd,20
FK-1113,Customer_113,Beauty,Maybelline Lipstick,12756,2,04-02-25,Shipped,Delhi,3%
FK-1114,Customer_114,Home & Kitchen,Pigeon Gas Stove,30399,3,04-08-25,Pending,Hyderabad,2
FK-1115,Customer_115,Electronics,HP Pavilion Laptop,₹57572,1,26-02-26,Delivered,,25
fk-1116,Customer_116,HOME & KITCHEN,Milton Thermos,Rs. 64213,2,Apr 22 2026,returned,Gurgaon,16
FK-1117,Customer_117,Books,Python Crash Course,₹70256,3,07-12-25,Pending,Bengaluru,0
FK-1118,Customer_118,CLOTHING,Jeans,Rs. 53819,1,13-05-25,Delivered,Pune,30
FK-1119,,Beauty,Nivea Lotion,8964,5,Apr 10 2025,Pending,Delhi,27
FK-1120,Customer_120,Electronics,Dell Mouse,24265,5,30-01-26,Shipped,Pune,14%
FK-1121,Customer_121,Books,Atomic Habits,64277,5,20-09-25,Pending,Mumbai,20%
FK-1122,Customer_122,Electronics,Sony Headphones,26483,1,19-04-26,Delivered,Pune,7
FK-1123,Customer_123,Books,Rich Dad Poor Dad,61890,1,11-08-25,delivered,Hyd,12
FK-1124,Customer_124,beauty,Maybelline Lipstick,Rs. 6984,1,20-04-25,delivered,Gurgaon,30
FK-1125,Customer_125,Home & Kitchen,Pigeon Gas Stove,19501,2,15-04-26,delivered,Hyderabad,10
FK-1126,Customer_126,Books,Rich Dad Poor Dad,55203,1,22-05-25,Pending,Delhi,27
FK-1127,Customer_127,beauty,Lakme Eyeliner,52021,1,22-01-26,Returned,Chennai,17%
FK-1128,Customer_128,Shoes,Puma Sneakers,68742,2,24-04-26,Canceled,Gurgaon,4
FK-1129,Customer_129,CLOTHING,Jeans,41010,1,19-03-25,Pending,Hyderabad,1
FK-1130,,Books,Atomic Habits,42032,1,28-03-25,Pending,Hyderabad,19
FK-1131,Customer_131,Home & Kitchen,Prestige Cooker,27571,3,23-03-26,Delivered,,24
FK-1132,Customer_132,Shoes,Adidas Sliders,17637,3,20-03-25,Canceled,BLR,23
FK-1133,Customer_133,Beauty,Maybelline Lipstick,6967,3,09-03-25,Shipped,Mumbai,6
FK-1134,Customer_134,beauty,Maybelline Lipstick,54794,1,24-01-25,Delivered,Mumbai,30
FK-1135,,Clothing,Women's Kurta,12015,1,26-08-25,Canceled,Pune,13
FK-1136,Customer_136,Books,Dune,33045,1,11-01-26,Shipped,Hyd,2
fk-1137,Customer_137,Shoes,Adidas Sliders,₹38037,3,28-08-25,Returned,,24
1138,,Books,Rich Dad Poor Dad,44716,1,26-11-25,Delivered,Pune,5
FK-1139,Customer_139,Home & Kitchen,Bajaj Iron,₹15162,1,07-11-25,Pending,,26
FK-1140,Customer_140,Beauty,Lakme Eyeliner,72917,1,,Delivered,Bengaluru,19
FK-1141,Customer_141,Shoes,Puma Sneakers,73610,3,20-01-26,Shipped,Hyderabad,5
FK-1142,,books,Python Crash Course,36949,3,20-02-25,Returned,Gurgaon,15%
FK-1143,Customer_143,Home & Kitchen,Prestige Cooker,₹74489,3,04-01-25,Shipped,Kolkata,11
1144,Customer_144,Home & Kitchen,Bajaj Iron,38484,1,Mar 03 2025,returned,Mumbai,13
FK-1145,Customer_145,Shoes,Nike Running Shoes,Rs. 55704,1,05-07-25,Shipped,Gurgaon,29
FK-1146,Customer_146,Beauty,Lakme Eyeliner,30533,1,,Pending,Mumbai,2%
FK-1147,Customer_147,Books,Dune,53320,3,21-02-26,Shipped,,
FK-1148,Customer_148,Clothing,Women's Kurta,19039,1,02-05-25,returned,,29
FK-1149,,Beauty,Lakme Eyeliner,66957,2,21-07-25,Pending,BLR,2
FK-1150,Customer_150,Books,Rich Dad Poor Dad,39601,1,18-05-25,Delivered,Hyderabad,14
FK-1150,Customer_150,Books,Rich Dad Poor Dad,39601,1,18-05-25,Delivered,Hyderabad,14
FK-1151,Customer_151,Books,Python Crash Course,33935,1,Nov 01 2025,Delivered,Bengaluru,7
FK-1152,Customer_152,Clothing,Men's T-Shirt,44141,3,10-04-26,delivered,Mumbai,14
FK-1153,Customer_153,Electronics,Dell Mouse,59445,2,06-05-25,Shipped,Hyderabad,8%
FK-1154,Customer_154,Shoes,Puma Sneakers,40654,1,May 16 2026,delivered,Hyderabad,8
FK-1155,Customer_155,Home & Kitchen,Pigeon Gas Stove,43392,1,23-08-25,delivered,,15%
fk-1156,Customer_156,Books,Rich Dad Poor Dad,Rs. 64751,2,28-06-25,Returned,BLR,N/A
FK-1157,Customer_157,Books,Dune,69526,1,14-04-25,Returned,Hyd,13
FK-1158,Customer_158,Electronics,Sony Headphones,48624,1,28-08-25,Pending,,12
FK-1159,Customer_159,home & kitchen,Bajaj Iron,17979,3,25-11-25,delivered,,N/A
FK-1160,Customer_160,SHOES,Nike Running Shoes,70546,3,14-06-25,Returned,Delhi,N/A
FK-1161,Customer_161,Clothing,Men's T-Shirt,9980,1,15-10-25,Delivered,Chennai,20
FK-1162,Customer_162,Beauty,Nivea Lotion,58097,2,21-03-25,Pending,Delhi,29
fk-1163,Customer_163,Home & Kitchen,Milton Thermos,22297,2,Mar 28 2025,Shipped,Bengaluru,9
FK-1164,Customer_164,Home & Kitchen,Bajaj Iron,₹47478,1,19-03-25,Shipped,BLR,12
FK-1165,Customer_165,Shoes,Adidas Sliders,55422,999,22-05-25,Canceled,Delhi,20
FK-1166,Customer_166,Electronics,Apple iPhone 15,Rs. 39174,2,16-03-25,Shipped,Bengaluru,28
FK-1167,Customer_167,Clothing,Jeans,53638,1,14-04-25,Returned,Delhi,14
fk-1168,Customer_168,,Sony Headphones,60800,1,10-08-25,Delivered,BLR,N/A
FK-1169,Customer_169,BEAUTY,Maybelline Lipstick,Rs. 72214,1,22-08-25,Returned,BLR,13
FK-1170,Customer_170,Electronics,Sony Headphones,-31311,1,19-11-25,Pending,Mumbai,14
FK-1171,Customer_171,Home & Kitchen,Prestige Cooker,73169,3,10-06-25,Delivered,Hyderabad,11
FK-1172,Customer_172,Clothing,Saree,35766,1,13-07-25,delivered,Kolkata,23
FK-1173,Customer_173,Books,Atomic Habits,43501,1,02-01-25,delivered,Kolkata,9
FK-1174,Customer_174,Shoes,Puma Sneakers,7199,2,14-10-25,delivered,Kolkata,30
FK-1175,Customer_175,Clothing,Jeans,35326,2,28-04-25,Shipped,Gurgaon,0
FK-1176,Customer_176,Home & Kitchen,Pigeon Gas Stove,Rs. 28392,1,05-01-25,delivered,BLR,8
FK-1177,Customer_177,electronics,Sony Headphones,6299,1,09-04-26,Canceled,Hyd,25
FK-1178,Customer_178,Electronics,HP Pavilion Laptop,52331,3,31-03-25,Canceled,Hyderabad,20
FK-1179,Customer_179,Clothing,Jacket,64677,1,May 05 2025,returned,Pune,4
FK-1180,Customer_180,Beauty,Lakme Eyeliner,28535,1,Oct 24 2025,returned,Hyderabad,22%
FK-1181,Customer_181,shoes,Adidas Sliders,74604,2,02-02-25,delivered,Delhi,5
FK-1182,Customer_182,Electronics,Samsung Galaxy M14,13404,1,03-01-26,Shipped,Chennai,N/A
FK-1183,Customer_183,Shoes,Adidas Sliders,1292,3,17-01-25,Canceled,Chennai,28
FK-1184,Customer_184,Clothing,Saree,24186,3,28-06-25,Returned,Pune,11
FK-1185,Customer_185,Clothing,Women's Kurta,39860,1,30-08-25,Pending,BLR,19
FK-1186,Customer_186,Electronics,Apple iPhone 15,-44257,2,17-12-25,Returned,BLR,1
FK-1187,Customer_187,Clothing,Women's Kurta,,1,,returned,Delhi,21
FK-1188,Customer_188,Beauty,Lakme Eyeliner,52359,1,Apr 08 2025,Delivered,Gurgaon,9
FK-1189,Customer_189,Clothing,Saree,₹1486,2,21-05-25,Returned,,12
FK-1190,Customer_190,Beauty,Maybelline Lipstick,3974,1,02-11-25,Canceled,Hyd,10
FK-1191,Customer_191,Beauty,Lakme Eyeliner,35193,,Jan 16 2025,Returned,Chennai,NULL
FK-1192,Customer_192,Home & Kitchen,Milton Thermos,4682,1,,Returned,BLR,19
1193,Customer_193,Books,Atomic Habits,66372,2,25-08-25,Canceled,Mumbai,16
FK-1194,Customer_194,Beauty,Lakme Eyeliner,37417,1,19-12-25,delivered,Mumbai,16
FK-1195,Customer_195,Shoes,Puma Sneakers,31263,1,09-05-26,Pending,Hyderabad,30
FK-1196,Customer_196,Beauty,Maybelline Lipstick,Rs. 63725,one,07-10-25,Canceled,Bengaluru,1
FK-1197,Customer_197,Electronics,HP Pavilion Laptop,10802,1,Jul 02 2025,Delivered,Bengaluru,25
FK-1198,,Books,Dune,46121,1,,Shipped,Hyd,15
FK-1199,Customer_199,clothing,Jeans,-32873,2,03-10-25,Pending,Hyd,NULL
FK-1200,Customer_200,Clothing,Jacket,53670,1,18-05-25,delivered,Gurgaon,26
FK-1201,Customer_201,Home & Kitchen,Bajaj Iron,55003,2,31-10-25,Canceled,,28
FK-1202,Customer_202,Shoes,Puma Sneakers,33684,2,Jul 18 2025,Canceled,Hyd,30
FK-1203,Customer_203,Electronics,Dell Mouse,52552,1,21-11-25,returned,Kolkata,0
FK-1204,Customer_204,Beauty,Nivea Lotion,Rs. 28562,1,21-01-25,Canceled,Mumbai,6
FK-1205,Customer_205,Clothing,Men's T-Shirt,₹39229,1,19-05-25,Pending,Mumbai,23
FK-1206,Customer_206,Home & Kitchen,Pigeon Gas Stove,37835,5,22-02-25,returned,BLR,9
FK-1207,Customer_207,Shoes,Puma Sneakers,31655,1,20-05-25,Shipped,Hyd,13
FK-1208,Customer_208,Clothing,Women's Kurta,39581,1,17-07-25,Returned,Kolkata,6
FK-1209,Customer_209,Clothing,Jacket,44599,3,11-09-25,returned,BLR,23
FK-1210,Customer_210,Books,Rich Dad Poor Dad,17365,2,07-04-26,delivered,Kolkata,4
fk-1211,Customer_211,Beauty,Maybelline Lipstick,578,1,17-09-25,returned,Delhi,28
FK-1212,Customer_212,Books,Rich Dad Poor Dad,24024,2,22-02-25,Delivered,Kolkata,7
FK-1213,,Beauty,Nivea Lotion,63445,-1,Apr 17 2026,returned,Hyderabad,0
FK-1214,Customer_214,Books,Rich Dad Poor Dad,39855,1,21-01-26,Delivered,Hyderabad,
FK-1214,Customer_214,Books,Rich Dad Poor Dad,39855,1,21-01-26,Delivered,Hyderabad,
FK-1215,,Home & Kitchen,Bajaj Iron,Rs. 18435,2,11-02-26,Shipped,Hyderabad,25
fk-1216,Customer_216,Shoes,Puma Sneakers,64011,5,18-03-25,Delivered,,12%
FK-1217,Customer_217,Books,Dune,15923,1,19-02-26,Pending,Mumbai,17
FK-1218,Customer_218,Clothing,Women's Kurta,6550,2,19-09-25,Shipped,BLR,23
FK-1219,Customer_219,clothing,Men's T-Shirt,28232,1,20-01-25,Canceled,Chennai,N/A
FK-1220,Customer_220,Shoes,Adidas Sliders,49311,2,Jun 22 2025,Pending,Pune,10
FK-1221,Customer_221,Home & Kitchen,Pigeon Gas Stove,Rs. 20723,999,03-04-26,returned,BLR,N/A
FK-1222,Customer_222,Clothing,Jeans,28054,1,24-03-26,Delivered,Hyderabad,20%
FK-1223,Customer_223,Shoes,Puma Sneakers,,1,05-11-25,Delivered,Hyd,2
FK-1224,Customer_224,Beauty,Lakme Eyeliner,₹55518,1,08-02-26,Returned,Gurgaon,28
FK-1225,Customer_225,Books,Atomic Habits,22276,1,10-01-26,Returned,Hyderabad,30
FK-1226,Customer_226,Beauty,Maybelline Lipstick,72453,2,09-08-25,Returned,Hyderabad,25
FK-1227,Customer_227,Electronics,Apple iPhone 15,₹60995,2,20-08-25,delivered,Mumbai,3
FK-1228,Customer_228,Books,Rich Dad Poor Dad,,5,08-07-25,Canceled,Pune,27
FK-1229,Customer_229,BEAUTY,Lakme Eyeliner,Rs. 817,3,31-03-26,returned,Bengaluru,18
FK-1230,Customer_230,Clothing,Men's T-Shirt,62824,1,06-01-26,Canceled,Pune,18
FK-1231,Customer_231,Beauty,Lakme Eyeliner,56615,1,09-05-26,delivered,Pune,16
FK-1232,Customer_232,Books,Dune,4030,1,17-07-25,Returned,Bengaluru,24
FK-1233,,Books,Dune,19516,1,21-07-25,Canceled,Mumbai,15
FK-1234,Customer_234,Electronics,Sony Headphones,42853,1,29-07-25,Shipped,Mumbai,23
FK-1235,Customer_235,beauty,Nivea Lotion,40929,one,02-06-25,Shipped,Hyderabad,15
FK-1236,Customer_236,Beauty,Lakme Eyeliner,39943,999,14-04-25,Returned,Gurgaon,8
FK-1237,Customer_237,Beauty,Maybelline Lipstick,29606,4,Apr 18 2025,Delivered,,N/A
fk-1238,Customer_238,Beauty,Maybelline Lipstick,58448,1,24-01-26,Returned,Chennai,NULL
FK-1239,Customer_239,Books,Atomic Habits,Rs. 66572,5,,Canceled,BLR,30%
FK-1240,Customer_240,Shoes,Puma Sneakers,,1,11-02-25,Pending,Gurgaon,10
FK-1241,Customer_241,Electronics,Apple iPhone 15,24530,1,08-11-25,Returned,Bengaluru,N/A
FK-1242,Customer_242,beauty,Lakme Eyeliner,₹26689,1,01-05-25,Canceled,Kolkata,3
FK-1243,Customer_243,Beauty,Lakme Eyeliner,,1,04-09-25,delivered,Hyd,10%
FK-1244,Customer_244,Electronics,Boat Airdopes,42704,2,11-11-25,Delivered,BLR,8
FK-1245,Customer_245,Beauty,Maybelline Lipstick,Rs. 45523,2,10-02-25,Canceled,Mumbai,3
FK-1246,,Books,Rich Dad Poor Dad,60297,4,,returned,Hyd,1%
FK-1247,Customer_247,Beauty,Lakme Eyeliner,5484,4,13-06-25,Canceled,Hyderabad,2
fk-1248,Customer_248,Electronics,Samsung Galaxy M14,59828,-1,28-10-25,Pending,Hyd,18
FK-1249,Customer_249,Shoes,Puma Sneakers,16335,2,17-09-25,Canceled,Gurgaon,14
fk-1250,Customer_250,Clothing,Women's Kurta,₹29804,1,21-04-26,Canceled,Bengaluru,12
FK-1251,Customer_251,clothing,Jacket,32619,2,17-07-25,Pending,Mumbai,2
FK-1252,Customer_252,Books,Rich Dad Poor Dad,21256,4,24-02-25,Delivered,Mumbai,0
FK-1253,Customer_253,Clothing,Jacket,5468,2,16-05-25,Pending,Delhi,2
FK-1254,,Books,Atomic Habits,25896,1,18-04-26,Delivered,Delhi,20
FK-1255,Customer_255,Home & Kitchen,Pigeon Gas Stove,₹40342,-1,11-04-26,Canceled,Hyderabad,15
FK-1256,Customer_256,Books,Atomic Habits,6276,1,07-04-26,Returned,Hyderabad,6
FK-1257,Customer_257,Electronics,Apple iPhone 15,36021,1,07-05-25,returned,Delhi,5
FK-1258,Customer_258,Electronics,Boat Airdopes,Rs. 25514,1,04-01-26,Pending,Hyderabad,10
FK-1259,Customer_259,,HP Pavilion Laptop,Rs. 44577,2,01-03-25,Delivered,Hyd,7
FK-1260,Customer_260,Beauty,Maybelline Lipstick,46658,1,28-02-25,Canceled,Gurgaon,18
FK-1261,Customer_261,Clothing,Men's T-Shirt,3098,1,Jun 24 2025,Canceled,Chennai,2
FK-1262,Customer_262,Books,Rich Dad Poor Dad,₹3182,1,24-12-25,Shipped,Bengaluru,28
FK-1263,Customer_263,,Apple iPhone 15,-40557,one,Mar 25 2025,Canceled,Hyd,28
FK-1264,Customer_264,Shoes,Nike Running Shoes,66436,3,06-12-25,Returned,Mumbai,7
FK-1265,Customer_265,Home & Kitchen,Bajaj Iron,24726,one,24-05-25,returned,Chennai,19
FK-1266,Customer_266,Shoes,Nike Running Shoes,31753,1,,Canceled,Chennai,19
FK-1267,Customer_267,Books,Python Crash Course,10860,3,08-05-26,returned,Hyd,NULL
FK-1268,Customer_268,,Boat Airdopes,30401,1,27-10-25,delivered,Bengaluru,4
1269,Customer_269,Beauty,Lakme Eyeliner,17662,1,Jan 24 2026,Returned,,21
FK-1270,Customer_270,Shoes,Puma Sneakers,Rs. 5355,1,30-01-26,returned,Hyderabad,20
FK-1271,Customer_271,Clothing,Jeans,₹52043,1,05-02-26,Returned,Gurgaon,24
FK-1272,Customer_272,Beauty,Nivea Lotion,₹38216,1,01-05-25,delivered,,4
FK-1273,Customer_273,Beauty,Maybelline Lipstick,12908,2,Feb 23 2026,Returned,Hyd,17
FK-1274,Customer_274,Electronics,HP Pavilion Laptop,Rs. 24650,1,04-04-25,Delivered,Mumbai,
FK-1275,Customer_275,Books,Python Crash Course,11599,1,17-10-25,Delivered,,20
FK-1276,,Beauty,Maybelline Lipstick,27591,4,09-06-25,Returned,Hyderabad,26
FK-1277,Customer_277,Books,Rich Dad Poor Dad,13289,3,21-02-25,Pending,Hyderabad,20%
fk-1278,Customer_278,Clothing,Men's T-Shirt,16183,3,13-10-25,Pending,Bengaluru,10
FK-1279,Customer_279,,Boat Airdopes,49217,1,16-03-25,Shipped,Pune,21
FK-1280,Customer_280,Books,Python Crash Course,Rs. 31177,1,Aug 29 2025,delivered,Delhi,NULL
FK-1281,Customer_281,Shoes,Adidas Sliders,8543,1,04-10-25,Canceled,Bengaluru,8
FK-1282,Customer_282,Shoes,Adidas Sliders,72890,1,19-08-25,Returned,Mumbai,23
FK-1283,Customer_283,Clothing,Women's Kurta,62983,1,03-11-25,Shipped,Kolkata,15
FK-1284,Customer_284,Clothing,Women's Kurta,9284,1,May 04 2025,Shipped,Chennai,3
FK-1285,Customer_285,Beauty,Lakme Eyeliner,39049,3,14-10-25,delivered,Kolkata,
FK-1286,Customer_286,Books,Dune,9326,2,21-08-25,Pending,Chennai,23
FK-1287,Customer_287,Home & Kitchen,Pigeon Gas Stove,52101,1,,returned,Delhi,24
FK-1288,Customer_288,Home & Kitchen,Prestige Cooker,53987,2,14-04-26,Delivered,Hyd,11
FK-1289,Customer_289,Books,Dune,34491,4,16-02-26,Pending,Kolkata,6
FK-1290,Customer_290,Electronics,Sony Headphones,30104,1,21-12-25,delivered,Bengaluru,8
FK-1291,Customer_291,Clothing,Men's T-Shirt,Rs. 34668,2,06-09-25,returned,BLR,11
FK-1292,Customer_292,Beauty,Maybelline Lipstick,-22702,1,19-01-25,Delivered,BLR,2
FK-1293,Customer_293,Books,Python Crash Course,Rs. 2134,1,03-02-26,Delivered,Bengaluru,25%
1294,Customer_294,Shoes,Puma Sneakers,12909,1,30-01-26,returned,Pune,17%
1295,Customer_295,Electronics,Dell Mouse,27759,one,28-10-25,returned,BLR,23
FK-1296,Customer_296,Home & Kitchen,Bajaj Iron,20934,1,17-12-25,delivered,Delhi,25
FK-1297,Customer_297,Shoes,Adidas Sliders,64605,1,07-09-25,Pending,Bengaluru,4
FK-1298,Customer_298,Shoes,Nike Running Shoes,₹60668,1,22-03-26,Returned,,16
FK-1299,Customer_299,Shoes,Puma Sneakers,59439,3,01-02-26,Canceled,Kolkata,NULL
FK-1299,Customer_299,Shoes,Puma Sneakers,59439,3,01-02-26,Canceled,Kolkata,NULL
FK-1300,Customer_300,Clothing,Jeans,68985,2,08-08-25,Delivered,,NULL
fk-1301,Customer_301,CLOTHING,Jeans,40953,1,04-01-26,Shipped,Hyderabad,20
FK-1302,Customer_302,Home & Kitchen,Bajaj Iron,20845,2,24-01-25,Canceled,Bengaluru,11
FK-1303,Customer_303,Home & Kitchen,Milton Thermos,45511,3,22-12-25,returned,,29
FK-1304,Customer_304,Electronics,Boat Airdopes,36724,1,19-10-25,Delivered,BLR,2
FK-1305,Customer_305,Home & Kitchen,Milton Thermos,22247,5,15-10-25,Pending,Bengaluru,23
FK-1306,Customer_306,Shoes,Adidas Sliders,,1,28-03-25,Delivered,Hyd,28
FK-1306,Customer_306,Shoes,Adidas Sliders,,1,28-03-25,Delivered,Hyd,28
FK-1307,Customer_307,Beauty,Maybelline Lipstick,-2323,2,27-06-25,Shipped,Hyderabad,22
FK-1308,Customer_308,ELECTRONICS,Apple iPhone 15,7857,2,Jul 28 2025,Delivered,Chennai,28
FK-1309,Customer_309,Shoes,Nike Running Shoes,Rs. 14141,3,Oct 26 2025,Canceled,Bengaluru,30
FK-1310,Customer_310,BEAUTY,Lakme Eyeliner,33126,1,30-01-25,returned,Gurgaon,
FK-1310,Customer_310,BEAUTY,Lakme Eyeliner,33126,1,30-01-25,returned,Gurgaon,
FK-1311,Customer_311,Clothing,Women's Kurta,71154,3,06-05-26,Returned,Pune,21
FK-1312,,Electronics,HP Pavilion Laptop,₹43252,1,Jan 30 2025,Shipped,BLR,23
FK-1313,Customer_313,Clothing,Women's Kurta,₹41170,999,06-12-25,Delivered,Hyderabad,
FK-1314,Customer_314,Beauty,Lakme Eyeliner,58972,1,17-02-25,Pending,Bengaluru,14
FK-1315,Customer_315,Electronics,Sony Headphones,-51998,1,25-06-25,Delivered,Gurgaon,15%
FK-1316,Customer_316,Electronics,Boat Airdopes,₹7769,1,26-01-26,Shipped,Hyderabad,21
FK-1317,Customer_317,Electronics,HP Pavilion Laptop,18788,3,12-11-25,Canceled,Bengaluru,16
FK-1318,Customer_318,books,Rich Dad Poor Dad,33127,1,05-01-25,Returned,Mumbai,0
FK-1319,Customer_319,Electronics,Samsung Galaxy M14,56396,1,04-07-25,Shipped,Kolkata,21
1320,Customer_320,Electronics,Samsung Galaxy M14,44069,two,07-05-26,Shipped,Kolkata,20
FK-1321,Customer_321,electronics,Dell Mouse,42563,1,18-09-25,delivered,Gurgaon,12
FK-1322,Customer_322,Clothing,Jeans,41662,2,Mar 17 2025,returned,Delhi,11
FK-1323,Customer_323,electronics,Sony Headphones,68963,-1,02-09-25,delivered,Hyd,22
FK-1324,,Electronics,Boat Airdopes,,3,Jan 10 2026,returned,Kolkata,6
FK-1325,Customer_325,Clothing,Jeans,28743,3,30-06-25,Canceled,Bengaluru,11
FK-1326,Customer_326,Beauty,Lakme Eyeliner,9741,1,Aug 25 2025,Returned,Mumbai,2
FK-1327,Customer_327,Home & Kitchen,Pigeon Gas Stove,34707,1,,Shipped,Mumbai,12
FK-1328,Customer_328,Electronics,Samsung Galaxy M14,61680,1,15-03-25,delivered,Hyd,7
FK-1329,Customer_329,Electronics,Dell Mouse,58974,two,30-03-25,Returned,Hyd,29
FK-1330,Customer_330,Clothing,Men's T-Shirt,73786,1,,returned,Bengaluru,19
FK-1331,Customer_331,Clothing,Saree,65488,2,20-03-26,Delivered,BLR,22
FK-1332,Customer_332,Beauty,Lakme Eyeliner,Rs. 2669,1,Dec 11 2025,delivered,Hyderabad,11
FK-1333,Customer_333,Clothing,Saree,₹23854,1,07-11-25,returned,Gurgaon,13%
FK-1334,Customer_334,Shoes,Adidas Sliders,55878,2,06-05-26,Canceled,Gurgaon,23
FK-1335,Customer_335,Beauty,Lakme Eyeliner,₹61370,1,13-04-25,Canceled,,15
FK-1336,Customer_336,Clothing,Jacket,,1,03-10-25,Canceled,Gurgaon,26
FK-1337,Customer_337,Beauty,Lakme Eyeliner,65116,1,21-02-25,Pending,Gurgaon,6
FK-1338,Customer_338,Clothing,Men's T-Shirt,37703,2,28-01-26,Shipped,Mumbai,11
FK-1339,Customer_339,Clothing,Saree,56238,1,10-03-26,Shipped,Pune,0
FK-1340,Customer_340,Clothing,Women's Kurta,30345,1,09-06-25,Canceled,Kolkata,27
FK-1341,Customer_341,Beauty,Lakme Eyeliner,31773,1,21-09-25,Canceled,Gurgaon,0%
FK-1342,Customer_342,Clothing,Women's Kurta,43990,3,22-03-25,Returned,,11
FK-1343,Customer_343,Books,Dune,23086,1,Jul 21 2025,returned,Delhi,
FK-1344,Customer_344,Clothing,Men's T-Shirt,6137,1,09-05-25,Shipped,Delhi,25%
FK-1345,Customer_345,Clothing,Jacket,67751,1,Mar 07 2026,Pending,Kolkata,0
FK-1346,Customer_346,Clothing,Women's Kurta,25818,one,24-09-25,Pending,Mumbai,22%
FK-1347,Customer_347,Beauty,Lakme Eyeliner,21889,,Mar 16 2025,Returned,BLR,NULL
FK-1348,Customer_348,Clothing,Women's Kurta,,1,17-10-25,delivered,Chennai,19
FK-1349,Customer_349,beauty,Maybelline Lipstick,7510,4,11-03-25,Returned,Mumbai,14
FK-1350,Customer_350,Clothing,Men's T-Shirt,6585,3,05-09-25,Pending,Kolkata,14
FK-1351,Customer_351,Books,Rich Dad Poor Dad,Rs. 36021,1,24-08-25,Delivered,Hyd,N/A
fk-1352,Customer_352,Clothing,Saree,29634,3,28-11-25,returned,Hyd,NULL
FK-1353,Customer_353,home & kitchen,Bajaj Iron,54761,4,19-01-25,Returned,Chennai,27
FK-1354,Customer_354,BEAUTY,Lakme Eyeliner,70926,5,22-07-25,Pending,Gurgaon,23
fk-1355,Customer_355,SHOES,Nike Running Shoes,Rs. 23655,3,18-05-25,Shipped,Bengaluru,22
FK-1356,Customer_356,Beauty,Lakme Eyeliner,18558,1,25-05-25,Pending,Mumbai,23
FK-1357,Customer_357,Home & Kitchen,Pigeon Gas Stove,40044,1,30-03-25,returned,Pune,14
FK-1358,Customer_358,Books,Python Crash Course,66609,1,27-01-25,returned,Pune,8
FK-1359,Customer_359,clothing,Saree,₹43653,1,13-08-25,delivered,Kolkata,26
FK-1360,Customer_360,Electronics,Sony Headphones,57685,1,02-07-25,returned,,0
FK-1361,Customer_361,Books,Python Crash Course,22696,one,14-11-25,Canceled,Hyd,14
FK-1362,Customer_362,electronics,Dell Mouse,69190,1,23-01-26,Pending,Hyderabad,8
1363,Customer_363,Beauty,Lakme Eyeliner,,1,03-04-26,Returned,Chennai,0
FK-1364,Customer_364,Clothing,Saree,16321,1,06-10-25,Returned,BLR,8
FK-1365,Customer_365,Shoes,Nike Running Shoes,49994,1,28-06-25,returned,Hyd,27
FK-1366,Customer_366,SHOES,Puma Sneakers,1188,1,27-04-26,Delivered,Hyderabad,5
FK-1367,,Home & Kitchen,Prestige Cooker,₹20415,1,21-03-26,Shipped,Hyderabad,11
FK-1368,,books,Dune,₹41320,5,04-10-25,Pending,BLR,21
FK-1369,Customer_369,beauty,Nivea Lotion,57293,1,03-03-25,Shipped,Pune,23
fk-1370,Customer_370,Clothing,Jeans,16531,1,21-02-25,Delivered,Gurgaon,21
FK-1371,Customer_371,Shoes,Adidas Sliders,55052,1,Mar 12 2026,Delivered,Gurgaon,14
FK-1372,Customer_372,Books,Dune,21449,2,04-05-26,Delivered,Kolkata,1
FK-1373,Customer_373,Books,Dune,55389,1,10-12-25,delivered,Mumbai,3
FK-1374,Customer_374,Shoes,Adidas Sliders,900,1,06-05-26,Canceled,Bengaluru,16
FK-1375,Customer_375,Beauty,Maybelline Lipstick,,1,24-04-26,Returned,Delhi,8
FK-1376,Customer_376,Electronics,Sony Headphones,-30028,2,19-03-26,returned,Delhi,20
FK-1377,Customer_377,Books,Rich Dad Poor Dad,Rs. 72626,1,04-05-25,delivered,,20
FK-1378,Customer_378,Shoes,Puma Sneakers,61408,5,25-03-26,Delivered,Pune,5
FK-1379,Customer_379,Clothing,Saree,₹1171,1,22-11-25,Delivered,Bengaluru,NULL
FK-1380,Customer_380,Clothing,Saree,49920,2,13-01-26,Pending,Chennai,27
FK-1381,Customer_381,Electronics,Dell Mouse,43839,1,17-09-25,Canceled,Gurgaon,15
1382,Customer_382,clothing,Saree,26573,1,14-03-26,returned,Kolkata,9
FK-1383,Customer_383,Clothing,Women's Kurta,19599,3,03-10-25,Pending,,27
FK-1384,Customer_384,Shoes,Adidas Sliders,54423,1,30-10-25,Pending,,26%
FK-1385,Customer_385,Books,Rich Dad Poor Dad,Rs. 20229,4,23-03-25,Shipped,Chennai,13
FK-1386,Customer_386,BEAUTY,Nivea Lotion,-17365,-1,05-07-25,delivered,Hyderabad,30
FK-1387,Customer_387,Books,Dune,49730,2,,Pending,Gurgaon,NULL
FK-1388,Customer_388,Shoes,Nike Running Shoes,40687,2,23-03-25,Pending,Kolkata,NULL
FK-1389,Customer_389,Books,Atomic Habits,70151,1,06-01-26,Shipped,Hyd,26
FK-1390,Customer_390,Electronics,Sony Headphones,4492,2,Mar 17 2026,Delivered,Delhi,5
FK-1391,Customer_391,Home & Kitchen,Bajaj Iron,27739,2,23-05-25,delivered,Hyd,12
FK-1392,Customer_392,electronics,Sony Headphones,₹47005,1,26-06-25,Delivered,Kolkata,17%
1393,Customer_393,Clothing,Jeans,53732,3,Jun 30 2025,Delivered,Pune,13
FK-1394,Customer_394,Books,Python Crash Course,59189,1,22-04-26,Delivered,Bengaluru,0
FK-1395,,Home & Kitchen,Prestige Cooker,69800,2,02-07-25,Shipped,BLR,30
FK-1396,Customer_396,Beauty,Nivea Lotion,28961,3,22-12-25,Pending,Kolkata,8
FK-1397,Customer_397,Books,Atomic Habits,58656,3,03-05-25,Pending,,11
FK-1398,Customer_398,Books,Rich Dad Poor Dad,,999,Apr 05 2025,returned,Kolkata,12%
FK-1399,Customer_399,Beauty,Maybelline Lipstick,35176,2,Jan 16 2025,Returned,BLR,1
FK-1400,Customer_400,Clothing,Women's Kurta,36392,1,26-07-25,returned,Gurgaon,30
FK-1401,Customer_401,Home & Kitchen,Milton Thermos,6774,3,18-07-25,Pending,Chennai,17
FK-1402,Customer_402,shoes,Adidas Sliders,11572,2,24-05-25,Delivered,Hyderabad,20%
1403,Customer_403,Clothing,Women's Kurta,45960,1,12-09-25,Delivered,Hyderabad,6%
FK-1404,Customer_404,Beauty,Maybelline Lipstick,41537,1,23-11-25,Returned,Bengaluru,15
FK-1405,Customer_405,Beauty,Lakme Eyeliner,57576,4,30-05-25,Pending,Gurgaon,
FK-1406,Customer_406,Shoes,Nike Running Shoes,36875,2,19-02-25,Shipped,Chennai,21
1407,Customer_407,Beauty,Lakme Eyeliner,38106,4,14-01-25,Pending,Kolkata,19
FK-1408,Customer_408,Shoes,Nike Running Shoes,19752,2,17-11-25,Delivered,Kolkata,5
FK-1409,Customer_409,Home & Kitchen,Milton Thermos,25589,1,27-06-25,delivered,Chennai,18
FK-1410,Customer_410,Shoes,Puma Sneakers,41511,2,21-02-26,Canceled,BLR,26
FK-1411,Customer_411,Clothing,Jeans,Rs. 25404,1,01-01-25,Returned,Gurgaon,NULL
FK-1412,Customer_412,Electronics,Apple iPhone 15,48097,4,21-11-25,Returned,Gurgaon,7
FK-1413,Customer_413,Books,Python Crash Course,74975,1,06-04-25,Pending,Chennai,17
FK-1414,Customer_414,Shoes,Puma Sneakers,28380,1,22-10-25,Returned,Mumbai,7
FK-1415,Customer_415,Beauty,Lakme Eyeliner,-28015,2,02-12-25,Shipped,Gurgaon,27
FK-1416,Customer_416,Books,Python Crash Course,,1,16-01-26,Delivered,Gurgaon,13
FK-1417,Customer_417,Clothing,Women's Kurta,Rs. 50739,1,11-12-25,returned,Mumbai,8
FK-1418,Customer_418,Home & Kitchen,Prestige Cooker,53005,1,Jul 10 2025,Shipped,Bengaluru,5
FK-1419,,Clothing,Women's Kurta,Rs. 25047,2,01-05-25,delivered,Delhi,30%
fk-1420,Customer_420,Electronics,Dell Mouse,,2,18-03-25,returned,BLR,5
FK-1421,Customer_421,Home & Kitchen,Pigeon Gas Stove,17868,1,21-06-25,returned,Chennai,N/A
FK-1422,Customer_422,Home & Kitchen,Prestige Cooker,Rs. 62820,1,22-06-25,Returned,Gurgaon,5
FK-1423,Customer_423,Home & Kitchen,Milton Thermos,42182,2,27-02-26,Returned,Kolkata,25
FK-1424,Customer_424,Books,Atomic Habits,,1,16-07-25,Shipped,Bengaluru,26
FK-1425,Customer_425,Home & Kitchen,Bajaj Iron,51134,1,18-01-25,Delivered,Kolkata,
FK-1426,Customer_426,Home & Kitchen,Bajaj Iron,Rs. 32987,1,14-07-25,Delivered,Kolkata,29
FK-1427,Customer_427,Electronics,Apple iPhone 15,Rs. 41720,1,14-03-25,Shipped,Bengaluru,29
FK-1428,Customer_428,Shoes,Nike Running Shoes,41812,1,28-12-25,Returned,Hyd,1
FK-1429,Customer_429,Books,Dune,53998,2,07-03-26,delivered,Pune,10
FK-1430,,Shoes,Adidas Sliders,58109,1,17-12-25,Shipped,Hyderabad,26
FK-1431,Customer_431,Electronics,HP Pavilion Laptop,₹48840,1,29-11-25,Delivered,Delhi,4
FK-1432,Customer_432,Books,Atomic Habits,4689,1,19-03-26,returned,Kolkata,15
FK-1433,Customer_433,Home & Kitchen,Milton Thermos,39260,1,03-02-25,returned,,8
FK-1434,Customer_434,Clothing,Women's Kurta,8521,1,13-08-25,Canceled,Mumbai,27
1435,Customer_435,shoes,Nike Running Shoes,36821,,24-04-26,returned,Kolkata,
FK-1436,Customer_436,Home & Kitchen,Pigeon Gas Stove,-39282,2,15-04-25,delivered,Pune,7
FK-1437,Customer_437,Beauty,Maybelline Lipstick,68026,2,Oct 15 2025,Returned,Kolkata,12
FK-1438,Customer_438,Books,Atomic Habits,Rs. 10638,2,,returned,Mumbai,25
FK-1439,,Books,Rich Dad Poor Dad,59273,1,,Pending,Kolkata,3
fk-1440,Customer_440,Shoes,Puma Sneakers,47309,1,18-02-26,delivered,Pune,18
FK-1441,Customer_441,,Apple iPhone 15,52349,1,04-01-26,Delivered,Kolkata,16
FK-1442,Customer_442,Electronics,Sony Headphones,-462,1,22-04-26,Canceled,Hyderabad,29
FK-1443,Customer_443,Beauty,Lakme Eyeliner,7672,1,01-11-25,Returned,Delhi,2
1444,Customer_444,Electronics,Sony Headphones,54102,2,13-05-26,Returned,Pune,26%
FK-1445,Customer_445,Books,Dune,30414,2,07-02-25,Delivered,Mumbai,5
FK-1446,Customer_446,Beauty,Maybelline Lipstick,68717,1,,delivered,Kolkata,29
FK-1447,Customer_447,Shoes,Puma Sneakers,Rs. 28631,1,10-02-25,Canceled,Delhi,16
FK-1448,Customer_448,clothing,Women's Kurta,56618,3,07-03-26,Pending,,18
FK-1449,Customer_449,Home & Kitchen,Bajaj Iron,₹59194,1,06-11-25,Shipped,Delhi,15
FK-1450,Customer_450,Clothing,Saree,17772,2,07-10-25,Delivered,Bengaluru,N/A
FK-1451,Customer_451,Clothing,Jacket,61472,2,13-03-25,Returned,Chennai,5
FK-1452,Customer_452,Beauty,Lakme Eyeliner,Rs. 9628,1,21-04-26,Returned,Bengaluru,17
FK-1453,Customer_453,Books,Rich Dad Poor Dad,59675,1,12-05-25,Canceled,Gurgaon,9
FK-1454,Customer_454,Books,Rich Dad Poor Dad,₹44439,1,01-08-25,Delivered,BLR,22
FK-1455,Customer_455,Home & Kitchen,Bajaj Iron,4277,,25-04-26,Canceled,Pune,27
FK-1456,Customer_456,Electronics,Samsung Galaxy M14,47464,2,13-08-25,Pending,Mumbai,21
FK-1457,Customer_457,Books,Python Crash Course,66356,2,22-03-26,Pending,BLR,0
FK-1458,Customer_458,Beauty,Maybelline Lipstick,Rs. 72419,1,Apr 22 2025,returned,Gurgaon,
FK-1459,Customer_459,Beauty,Maybelline Lipstick,58599,1,29-04-26,Canceled,BLR,20
FK-1460,Customer_460,Shoes,Adidas Sliders,28213,4,Jul 31 2025,Canceled,Delhi,24
1461,Customer_461,Books,Dune,21278,1,30-03-26,Delivered,Chennai,9
FK-1462,Customer_462,Beauty,Maybelline Lipstick,12534,1,17-04-25,Pending,Delhi,
FK-1463,,Books,Rich Dad Poor Dad,9944,1,23-01-26,Canceled,Chennai,1
FK-1464,Customer_464,Beauty,Maybelline Lipstick,50212,1,20-04-25,returned,Bengaluru,3
FK-1465,Customer_465,Shoes,Puma Sneakers,-47658,2,22-08-25,delivered,Mumbai,12
FK-1466,Customer_466,Home & Kitchen,Prestige Cooker,69382,-1,Jan 10 2026,delivered,,5
FK-1467,Customer_467,Shoes,Adidas Sliders,26267,1,18-07-25,Returned,BLR,
FK-1468,Customer_468,Shoes,Adidas Sliders,29013,4,17-02-25,Returned,,6
FK-1469,Customer_469,Beauty,Lakme Eyeliner,71566,1,17-08-25,returned,Gurgaon,16
FK-1470,Customer_470,Books,Atomic Habits,-24845,1,26-05-25,Pending,BLR,15
FK-1471,Customer_471,,Dell Mouse,72571,1,28-01-26,Pending,Hyderabad,NULL
FK-1472,Customer_472,Beauty,Maybelline Lipstick,-22948,4,06-08-25,Returned,Mumbai,19
FK-1473,Customer_473,Books,Python Crash Course,63973,3,27-08-25,returned,Hyderabad,24%
FK-1474,Customer_474,shoes,Adidas Sliders,2335,1,13-04-26,Delivered,Pune,7
fk-1475,Customer_475,Shoes,Puma Sneakers,,1,13-06-25,Pending,Chennai,26%
FK-1476,Customer_476,Beauty,Lakme Eyeliner,53199,999,20-03-26,Delivered,Bengaluru,29
FK-1477,Customer_477,Home & Kitchen,Pigeon Gas Stove,16425,1,22-09-25,returned,BLR,14
FK-1478,Customer_478,Electronics,HP Pavilion Laptop,23120,3,23-12-25,Shipped,Delhi,5%
FK-1479,Customer_479,Electronics,Sony Headphones,52694,1,Jun 24 2025,returned,Hyd,1
FK-1480,Customer_480,Home & Kitchen,Prestige Cooker,25478,one,10-07-25,Canceled,Bengaluru,2
FK-1481,Customer_481,Electronics,Apple iPhone 15,Rs. 14723,2,Sep 23 2025,Pending,Chennai,18%
FK-1482,Customer_482,shoes,Nike Running Shoes,,1,21-06-25,Returned,Gurgaon,20
FK-1483,Customer_483,Books,Dune,47765,2,09-01-25,Delivered,Kolkata,26
FK-1484,Customer_484,Beauty,Nivea Lotion,54723,2,Feb 03 2026,returned,Bengaluru,24
FK-1485,Customer_485,Clothing,Women's Kurta,2837,1,26-11-25,Canceled,Bengaluru,18
fk-1486,Customer_486,Shoes,Nike Running Shoes,41930,1,16-03-26,Pending,Pune,7
FK-1487,Customer_487,Electronics,Sony Headphones,5686,1,,Delivered,BLR,17
FK-1488,Customer_488,Shoes,Nike Running Shoes,65221,4,11-03-25,delivered,Hyd,4
FK-1489,Customer_489,Books,Python Crash Course,56510,1,27-01-26,Delivered,Gurgaon,15
FK-1490,Customer_490,Clothing,Saree,,1,28-01-25,Pending,Mumbai,
fk-1491,Customer_491,Shoes,Puma Sneakers,4384,1,29-04-25,returned,Kolkata,NULL
FK-1492,Customer_492,Clothing,Men's T-Shirt,-64481,two,15-01-25,Pending,,22%
FK-1493,Customer_493,BOOKS,Rich Dad Poor Dad,43913,2,14-03-26,Pending,Delhi,4
FK-1494,Customer_494,electronics,Boat Airdopes,11289,1,20-04-25,Pending,Pune,9
FK-1495,Customer_495,Electronics,Dell Mouse,₹29636,1,18-01-26,Shipped,BLR,NULL
FK-1496,Customer_496,Home & Kitchen,Prestige Cooker,37433,2,26-02-26,Pending,Chennai,20
fk-1497,Customer_497,Clothing,Jeans,6858,1,16-07-25,Pending,,6
FK-1498,Customer_498,Electronics,HP Pavilion Laptop,51079,2,01-05-26,Pending,Pune,14
FK-1499,Customer_499,beauty,Lakme Eyeliner,50016,1,25-03-25,Pending,Hyderabad,21
FK-1500,Customer_500,ELECTRONICS,Samsung Galaxy M14,61856,1,30-12-25,Pending,Delhi,9
FK-1501,Customer_501,Beauty,Maybelline Lipstick,Rs. 40543,1,01-05-26,Canceled,BLR,9
fk-1502,Customer_502,Shoes,Nike Running Shoes,66536,1,30-03-26,Pending,,13
FK-1503,Customer_503,Clothing,Jacket,71244,1,15-05-26,Shipped,Delhi,1
FK-1504,Customer_504,Clothing,Men's T-Shirt,,1,18-01-25,Pending,Hyd,7
FK-1505,Customer_505,Home & Kitchen,Milton Thermos,Rs. 30326,1,Apr 16 2025,Canceled,Hyd,2
FK-1506,Customer_506,Home & Kitchen,Pigeon Gas Stove,60585,2,02-10-25,Canceled,Delhi,20
FK-1507,Customer_507,books,Atomic Habits,3826,2,09-04-25,Returned,Mumbai,27
fk-1508,Customer_508,Electronics,Dell Mouse,69984,3,24-01-26,Delivered,Bengaluru,29
FK-1509,Customer_509,Books,Dune,21834,4,03-07-25,Canceled,,6
FK-1510,Customer_510,Electronics,Samsung Galaxy M14,7171,3,14-04-25,returned,Mumbai,27
FK-1511,Customer_511,Shoes,Puma Sneakers,₹56536,1,16-09-25,Pending,Mumbai,24
FK-1512,Customer_512,Home & Kitchen,Milton Thermos,47558,2,17-02-25,Canceled,Bengaluru,NULL
FK-1512,Customer_512,Home & Kitchen,Milton Thermos,47558,2,17-02-25,Canceled,Bengaluru,NULL
FK-1513,Customer_513,Clothing,Jeans,-29093,1,17-05-25,Delivered,Bengaluru,27
FK-1514,Customer_514,Books,Dune,38083,1,16-05-26,delivered,Delhi,7
FK-1515,Customer_515,Home & Kitchen,Pigeon Gas Stove,38308,1,03-04-26,returned,Kolkata,11
fk-1516,Customer_516,Home & Kitchen,Prestige Cooker,67628,3,27-08-25,Returned,BLR,10
FK-1517,Customer_517,books,Atomic Habits,42371,3,19-05-25,Canceled,BLR,29
FK-1518,Customer_518,Beauty,Lakme Eyeliner,39152,3,Feb 01 2026,Shipped,Hyderabad,1
FK-1519,Customer_519,Home & Kitchen,Pigeon Gas Stove,16669,2,24-03-26,Pending,Pune,1
FK-1520,Customer_520,shoes,Puma Sneakers,4301,1,29-01-26,Shipped,Chennai,5
FK-1521,Customer_521,Electronics,Sony Headphones,8327,4,26-03-25,Returned,Mumbai,23
FK-1522,Customer_522,Electronics,Sony Headphones,71903,2,23-01-25,Returned,BLR,8
FK-1523,Customer_523,Clothing,Jeans,19743,1,24-09-25,Delivered,Pune,4
FK-1524,Customer_524,Clothing,Jacket,-26264,1,Feb 25 2026,Shipped,Pune,5%
FK-1525,Customer_525,Home & Kitchen,Prestige Cooker,41088,3,,delivered,,
FK-1526,Customer_526,,Sony Headphones,46793,-1,30-08-25,Pending,Gurgaon,13%
FK-1527,Customer_527,Home & Kitchen,Prestige Cooker,₹61108,1,30-05-25,Shipped,BLR,10%
FK-1528,Customer_528,Beauty,Nivea Lotion,74389,1,26-03-26,Pending,,14
FK-1529,Customer_529,beauty,Nivea Lotion,33924,1,22-02-26,delivered,Chennai,9
FK-1530,Customer_530,Beauty,Maybelline Lipstick,45394,2,06-06-25,Returned,Mumbai,13
FK-1531,Customer_531,HOME & KITCHEN,Prestige Cooker,-27229,1,17-03-25,Shipped,Pune,23
FK-1532,Customer_532,Shoes,Puma Sneakers,12365,2,27-03-26,Returned,Bengaluru,24
FK-1533,Customer_533,Electronics,Samsung Galaxy M14,22658,4,05-07-25,Canceled,,18
FK-1534,Customer_534,Clothing,Jacket,-72360,4,14-02-26,Shipped,Pune,12
FK-1535,Customer_535,Beauty,Lakme Eyeliner,62079,2,10-04-25,delivered,Hyd,NULL
1536,Customer_536,Clothing,Saree,26580,1,28-10-25,Delivered,Hyderabad,24
FK-1537,Customer_537,Home & Kitchen,Prestige Cooker,74386,1,17-12-25,Delivered,Chennai,7
fk-1538,Customer_538,Books,Dune,18733,1,30-01-26,Returned,Bengaluru,4
FK-1539,Customer_539,Home & Kitchen,Bajaj Iron,28321,1,Feb 06 2025,Delivered,Gurgaon,24
FK-1540,Customer_540,Shoes,Puma Sneakers,₹63318,2,19-01-26,Returned,,11%
FK-1541,Customer_541,Beauty,Maybelline Lipstick,58179,1,02-06-25,Delivered,Mumbai,N/A
FK-1542,Customer_542,Beauty,Maybelline Lipstick,38389,3,10-09-25,Canceled,Hyderabad,8
FK-1543,Customer_543,Beauty,Maybelline Lipstick,-60487,1,14-04-25,Shipped,Gurgaon,
FK-1544,Customer_544,beauty,Nivea Lotion,₹68031,3,06-03-26,Canceled,Hyd,N/A
FK-1545,Customer_545,Books,Python Crash Course,6676,1,08-07-25,Pending,Bengaluru,3
FK-1546,Customer_546,Books,Dune,52713,2,01-02-25,Pending,Kolkata,30
FK-1547,Customer_547,Shoes,Adidas Sliders,53783,1,21-04-26,Returned,,13
FK-1548,,Electronics,HP Pavilion Laptop,44276,1,25-06-25,Returned,Bengaluru,17%
FK-1549,Customer_549,Clothing,Men's T-Shirt,31703,3,12-09-25,returned,Pune,22
FK-1550,Customer_550,beauty,Nivea Lotion,₹64121,1,,delivered,Hyd,5%
FK-1551,Customer_551,Shoes,Adidas Sliders,7274,2,29-03-25,returned,Hyd,2
FK-1551,Customer_551,Shoes,Adidas Sliders,7274,2,29-03-25,returned,Hyd,2
FK-1552,Customer_552,Shoes,Puma Sneakers,21207,1,30-12-25,Delivered,Hyderabad,30
FK-1553,Customer_553,Home & Kitchen,Milton Thermos,51349,,04-07-25,Pending,Hyd,25
FK-1554,Customer_554,Books,Dune,₹41231,1,18-04-25,Shipped,Chennai,20%
FK-1555,Customer_555,Electronics,Sony Headphones,25905,1,13-06-25,Delivered,BLR,11
FK-1556,Customer_556,Electronics,Sony Headphones,18042,2,02-04-26,Shipped,Delhi,21
fk-1557,Customer_557,Shoes,Adidas Sliders,18643,4,16-07-25,Pending,BLR,22
FK-1558,Customer_558,Home & Kitchen,Prestige Cooker,45873,3,Dec 28 2025,Pending,BLR,NULL
1559,Customer_559,Clothing,Jeans,3053,1,05-04-25,delivered,Pune,
FK-1560,Customer_560,Shoes,Adidas Sliders,₹71279,3,15-01-26,Canceled,Mumbai,15
FK-1561,Customer_561,Shoes,Adidas Sliders,Rs. 69954,2,15-10-25,Returned,BLR,28
FK-1562,Customer_562,Clothing,Men's T-Shirt,22688,1,18-05-25,Canceled,,15
FK-1563,,Books,Python Crash Course,₹12168,1,14-01-26,returned,Hyderabad,8
FK-1563,,Books,Python Crash Course,₹12168,1,14-01-26,returned,Hyderabad,8
FK-1564,Customer_564,Clothing,Saree,13761,1,27-04-26,returned,Hyd,6
1565,Customer_565,Beauty,Nivea Lotion,27544,1,27-09-25,delivered,Bengaluru,20
FK-1566,Customer_566,Electronics,Boat Airdopes,35747,two,25-10-25,Returned,,24
FK-1567,Customer_567,Books,Python Crash Course,72074,2,14-02-26,delivered,Kolkata,14
FK-1568,Customer_568,Electronics,Apple iPhone 15,68898,1,12-02-26,Canceled,Chennai,17
FK-1569,Customer_569,Shoes,Adidas Sliders,43181,2,,returned,Hyd,20
FK-1570,Customer_570,Home & Kitchen,Milton Thermos,71752,3,02-03-25,returned,Chennai,
fk-1571,Customer_571,electronics,Boat Airdopes,60399,1,16-07-25,Delivered,Chennai,NULL
fk-1572,Customer_572,shoes,Adidas Sliders,29129,3,03-02-26,delivered,Chennai,21
FK-1573,Customer_573,Home & Kitchen,Prestige Cooker,₹29651,2,Mar 01 2026,Delivered,Gurgaon,24
FK-1574,Customer_574,CLOTHING,Men's T-Shirt,Rs. 17237,1,13-11-25,delivered,Gurgaon,NULL
FK-1575,Customer_575,Shoes,Nike Running Shoes,52160,4,16-08-25,Pending,,11
FK-1576,Customer_576,Home & Kitchen,Bajaj Iron,69627,1,,Pending,Delhi,6
FK-1577,Customer_577,Beauty,Maybelline Lipstick,29866,1,13-07-25,Shipped,Gurgaon,8
FK-1578,Customer_578,,Sony Headphones,1017,1,24-03-25,Returned,Bengaluru,27%
FK-1579,Customer_579,beauty,Maybelline Lipstick,57609,3,23-09-25,Delivered,Gurgaon,4%
FK-1580,Customer_580,Beauty,Nivea Lotion,,2,15-07-25,delivered,Delhi,4
FK-1581,,BEAUTY,Maybelline Lipstick,43651,1,,Shipped,Bengaluru,19
FK-1582,Customer_582,books,Atomic Habits,Rs. 64482,1,24-10-25,Delivered,Kolkata,NULL
FK-1583,Customer_583,books,Atomic Habits,40805,1,01-03-26,Shipped,Gurgaon,10
FK-1584,,Electronics,Sony Headphones,₹17733,4,16-11-25,Shipped,Chennai,
FK-1585,,Electronics,Samsung Galaxy M14,49657,1,02-04-26,Pending,Kolkata,11
FK-1586,Customer_586,Clothing,Women's Kurta,₹32164,1,,Returned,Kolkata,8
FK-1587,Customer_587,Books,Python Crash Course,42045,2,16-03-25,Delivered,Kolkata,NULL
FK-1588,Customer_588,SHOES,Puma Sneakers,,1,20-08-25,delivered,Gurgaon,14
FK-1589,Customer_589,BOOKS,Atomic Habits,32503,2,24-04-26,Delivered,Pune,1
FK-1589,Customer_589,BOOKS,Atomic Habits,32503,2,24-04-26,Delivered,Pune,1
FK-1590,Customer_590,Home & Kitchen,Pigeon Gas Stove,57286,1,14-12-25,delivered,Pune,6
FK-1591,Customer_591,BEAUTY,Nivea Lotion,39831,3,03-02-26,delivered,Hyderabad,30
FK-1592,Customer_592,Beauty,Lakme Eyeliner,74239,1,03-01-25,Pending,Bengaluru,9
FK-1593,,Shoes,Puma Sneakers,71859,1,Jan 10 2025,Delivered,Hyd,27%
FK-1594,Customer_594,Books,Rich Dad Poor Dad,2170,1,10-11-25,Returned,,17
FK-1595,Customer_595,Shoes,Nike Running Shoes,61378,1,15-05-26,returned,Delhi,NULL
FK-1596,Customer_596,Electronics,Dell Mouse,19475,1,17-02-25,Pending,Gurgaon,2
FK-1597,Customer_597,clothing,Women's Kurta,₹44823,1,03-01-26,Canceled,Delhi,7
FK-1598,Customer_598,Clothing,Jeans,14897,,Nov 18 2025,returned,BLR,
FK-1599,Customer_599,Clothing,Women's Kurta,₹57938,1,12-03-26,Returned,Hyd,16
FK-1600,Customer_600,Shoes,Nike Running Shoes,6645,2,08-03-26,delivered,BLR,9
FK-1601,Customer_601,HOME & KITCHEN,Milton Thermos,19380,4,10-03-25,delivered,Gurgaon,26
1602,Customer_602,Home & Kitchen,Prestige Cooker,,2,30-11-25,Delivered,Mumbai,N/A
FK-1603,Customer_603,Beauty,Lakme Eyeliner,₹68833,1,22-07-25,Pending,Mumbai,14
FK-1604,Customer_604,Beauty,Maybelline Lipstick,64062,1,,returned,Chennai,2
1605,Customer_605,Home & Kitchen,Bajaj Iron,19925,1,15-02-25,returned,Pune,2
FK-1606,Customer_606,Books,Dune,9770,1,05-10-25,returned,Hyderabad,3
1607,Customer_607,Shoes,Puma Sneakers,60872,2,12-07-25,Pending,Pune,7%
FK-1608,Customer_608,Shoes,Adidas Sliders,54219,1,18-07-25,Returned,Chennai,7
FK-1609,Customer_609,Shoes,Adidas Sliders,11748,1,,Delivered,Hyd,22
FK-1610,Customer_610,Beauty,Lakme Eyeliner,Rs. 22927,3,03-01-25,delivered,BLR,19
FK-1611,Customer_611,beauty,Lakme Eyeliner,Rs. 51410,3,16-03-26,Shipped,Hyderabad,21%
FK-1612,Customer_612,Shoes,Adidas Sliders,₹57028,4,03-06-25,Returned,Hyderabad,23
FK-1613,Customer_613,Home & Kitchen,Milton Thermos,6232,2,31-03-25,Shipped,Bengaluru,20
FK-1614,Customer_614,home & kitchen,Prestige Cooker,18573,3,28-11-25,Shipped,Chennai,22
FK-1615,Customer_615,Electronics,Samsung Galaxy M14,50310,2,30-01-26,returned,BLR,18
FK-1616,Customer_616,Electronics,Samsung Galaxy M14,34272,1,19-09-25,delivered,,
FK-1617,Customer_617,Shoes,Puma Sneakers,69825,1,05-06-25,Canceled,BLR,2
FK-1618,Customer_618,,Boat Airdopes,Rs. 35281,3,15-03-25,Pending,,4
FK-1619,Customer_619,Clothing,Saree,50778,1,16-03-26,Returned,Bengaluru,9%
FK-1620,Customer_620,BOOKS,Dune,-9609,2,01-01-25,Shipped,Hyderabad,19
FK-1621,Customer_621,Books,Atomic Habits,,1,01-03-25,Pending,Pune,15
FK-1622,Customer_622,Electronics,HP Pavilion Laptop,48889,2,11-09-25,Shipped,Bengaluru,22
fk-1623,Customer_623,,Apple iPhone 15,48806,1,25-05-25,Canceled,,15
FK-1624,Customer_624,HOME & KITCHEN,Bajaj Iron,70877,1,04-05-25,Returned,Kolkata,14
FK-1625,Customer_625,Beauty,Lakme Eyeliner,9270,1,10-09-25,Canceled,Pune,28
FK-1626,Customer_626,Home & Kitchen,Prestige Cooker,₹18606,1,02-01-25,delivered,Pune,28
FK-1627,Customer_627,Books,Rich Dad Poor Dad,-11956,1,08-08-25,Returned,Mumbai,11
FK-1628,Customer_628,beauty,Nivea Lotion,54987,1,22-04-26,Shipped,Chennai,0
FK-1629,Customer_629,Home & Kitchen,Milton Thermos,23048,1,31-07-25,Delivered,Kolkata,3%
FK-1630,Customer_630,Books,Dune,71433,1,22-03-26,returned,Delhi,7
FK-1631,Customer_631,Home & Kitchen,Bajaj Iron,3432,1,,Pending,Hyderabad,16%
FK-1631,Customer_631,Home & Kitchen,Bajaj Iron,3432,1,,Pending,Hyderabad,16%
FK-1632,Customer_632,Electronics,Samsung Galaxy M14,₹63598,1,11-01-25,Pending,Hyd,22
FK-1633,Customer_633,Electronics,Samsung Galaxy M14,17355,1,,Delivered,Mumbai,27
FK-1634,Customer_634,Electronics,Sony Headphones,14979,1,22-03-25,Shipped,Pune,23%
FK-1635,Customer_635,,Dell Mouse,71229,2,05-05-25,Pending,Kolkata,21
FK-1636,Customer_636,electronics,Boat Airdopes,48418,one,,Delivered,Kolkata,12
FK-1637,Customer_637,Clothing,Men's T-Shirt,13930,1,21-04-26,delivered,,9
FK-1638,Customer_638,Shoes,Nike Running Shoes,57762,1,28-06-25,returned,Mumbai,
FK-1639,Customer_639,Clothing,Jacket,48748,1,18-05-25,returned,Hyderabad,10
FK-1640,,,Samsung Galaxy M14,54502,1,Jun 19 2025,Delivered,Kolkata,NULL
FK-1641,Customer_641,Shoes,Adidas Sliders,70384,1,16-03-25,Shipped,Kolkata,11
FK-1642,Customer_642,Beauty,Maybelline Lipstick,42449,1,30-10-25,Pending,Mumbai,N/A
FK-1642,Customer_642,Beauty,Maybelline Lipstick,42449,1,30-10-25,Pending,Mumbai,N/A
FK-1643,Customer_643,Home & Kitchen,Bajaj Iron,₹39041,1,10-09-25,Shipped,Kolkata,18
1644,Customer_644,Home & Kitchen,Milton Thermos,41872,1,16-02-26,returned,BLR,16%
FK-1645,Customer_645,electronics,Sony Headphones,30393,1,06-12-25,Delivered,,16
FK-1646,Customer_646,Clothing,Saree,62877,2,05-09-25,delivered,Mumbai,3
FK-1647,Customer_647,Electronics,Sony Headphones,36790,2,06-06-25,Returned,Gurgaon,N/A
FK-1648,Customer_648,Home & Kitchen,Milton Thermos,52150,2,24-10-25,Shipped,,25
FK-1649,Customer_649,Clothing,Men's T-Shirt,59311,1,06-01-26,Canceled,Kolkata,4
FK-1650,Customer_650,Electronics,Samsung Galaxy M14,-72065,1,,Shipped,Delhi,NULL
FK-1651,Customer_651,Beauty,Lakme Eyeliner,Rs. 42354,1,14-04-25,Returned,Pune,24
FK-1652,Customer_652,Electronics,Apple iPhone 15,38941,2,05-07-25,Returned,,20
FK-1653,Customer_653,SHOES,Puma Sneakers,40700,1,Oct 15 2025,Pending,BLR,28
FK-1654,,Home & Kitchen,Bajaj Iron,28075,3,,returned,Kolkata,24
FK-1655,Customer_655,Clothing,Men's T-Shirt,31676,2,Jan 06 2025,delivered,Hyd,4
FK-1656,,Books,Dune,38080,two,10-01-26,Delivered,Mumbai,17
FK-1657,Customer_657,books,Python Crash Course,Rs. 45275,3,04-03-25,Delivered,Kolkata,28
FK-1658,Customer_658,Electronics,HP Pavilion Laptop,45625,1,12-01-26,Delivered,Kolkata,10
FK-1659,Customer_659,Electronics,Sony Headphones,-28636,1,15-04-26,Shipped,Bengaluru,27
FK-1660,Customer_660,Beauty,Nivea Lotion,34107,1,03-02-26,Delivered,Delhi,13
FK-1661,Customer_661,books,Atomic Habits,38556,4,Oct 14 2025,Returned,Pune,16
FK-1662,Customer_662,Books,Python Crash Course,12256,3,09-09-25,Pending,,
FK-1663,Customer_663,Electronics,Dell Mouse,51336,2,29-03-26,returned,Delhi,5
FK-1664,Customer_664,Electronics,Dell Mouse,8406,4,03-11-25,Pending,Chennai,4
FK-1664,Customer_664,Electronics,Dell Mouse,8406,4,03-11-25,Pending,Chennai,4
FK-1665,Customer_665,Electronics,Boat Airdopes,6774,1,22-11-25,delivered,Hyd,30
FK-1666,Customer_666,ELECTRONICS,Apple iPhone 15,17127,1,,Delivered,Pune,17
FK-1666,Customer_666,ELECTRONICS,Apple iPhone 15,17127,1,,Delivered,Pune,17
FK-1667,,SHOES,Puma Sneakers,10168,one,16-07-25,Delivered,BLR,20
FK-1668,Customer_668,Home & Kitchen,Milton Thermos,43288,1,Oct 24 2025,Returned,Hyd,10
FK-1669,Customer_669,,Boat Airdopes,Rs. 48797,3,22-07-25,Shipped,Hyderabad,10
FK-1670,Customer_670,Home & Kitchen,Prestige Cooker,20308,3,07-06-25,Returned,Hyderabad,3
FK-1671,Customer_671,electronics,Boat Airdopes,32473,1,08-02-26,Pending,Pune,4
FK-1672,Customer_672,Home & Kitchen,Milton Thermos,71432,1,19-11-25,returned,Kolkata,26
FK-1673,Customer_673,Books,Dune,48640,1,12-04-25,Returned,Hyderabad,7
FK-1674,Customer_674,,Apple iPhone 15,₹63409,1,23-06-25,Delivered,Hyderabad,15
FK-1675,Customer_675,Clothing,Men's T-Shirt,52379,5,Feb 26 2026,Returned,Chennai,29
FK-1676,Customer_676,Clothing,Women's Kurta,Rs. 52721,1,20-07-25,Returned,Mumbai,30
fk-1677,Customer_677,Beauty,Nivea Lotion,54137,2,11-02-25,Pending,Bengaluru,14
FK-1678,Customer_678,Clothing,Saree,61436,two,15-05-25,returned,Hyd,28
FK-1679,Customer_679,Beauty,Nivea Lotion,59112,1,29-12-25,returned,Bengaluru,
1680,Customer_680,Electronics,Apple iPhone 15,33282,1,07-07-25,Pending,Chennai,2
FK-1681,Customer_681,Books,Dune,18802,1,03-10-25,returned,Hyd,5%
FK-1682,Customer_682,shoes,Puma Sneakers,51554,4,22-01-25,delivered,Delhi,2
FK-1683,,Shoes,Puma Sneakers,8700,1,17-03-25,Pending,Gurgaon,13
FK-1684,Customer_684,Clothing,Men's T-Shirt,Rs. 22874,1,06-07-25,Canceled,Bengaluru,27
FK-1685,Customer_685,Books,Dune,54492,1,27-10-25,Returned,Hyderabad,17
FK-1686,Customer_686,Beauty,Maybelline Lipstick,8040,1,Mar 27 2026,Pending,Chennai,7
FK-1687,Customer_687,Beauty,Maybelline Lipstick,10699,1,18-05-25,Delivered,,24
FK-1688,Customer_688,Clothing,Women's Kurta,391,5,30-12-25,Shipped,Bengaluru,21
fk-1689,Customer_689,Beauty,Lakme Eyeliner,₹35542,1,01-07-25,Canceled,Mumbai,23%
FK-1690,Customer_690,Electronics,Dell Mouse,4154,1,20-01-25,Delivered,Chennai,23
FK-1691,Customer_691,Shoes,Puma Sneakers,Rs. 5819,1,25-11-25,Returned,Hyderabad,27
FK-1692,Customer_692,Books,Atomic Habits,,1,05-09-25,Pending,Gurgaon,27
FK-1693,Customer_693,Beauty,Lakme Eyeliner,40586,1,01-06-25,Returned,BLR,19
FK-1694,Customer_694,Beauty,Maybelline Lipstick,63310,2,16-05-25,Returned,Hyd,10
FK-1695,,books,Python Crash Course,47338,3,Dec 22 2025,Shipped,Mumbai,11
FK-1696,,Clothing,Women's Kurta,50831,2,20-06-25,Delivered,BLR,24
FK-1697,Customer_697,CLOTHING,Women's Kurta,-44219,2,03-03-26,Canceled,Hyderabad,30
FK-1698,Customer_698,,Samsung Galaxy M14,₹7436,1,02-06-25,Pending,Chennai,14
FK-1699,Customer_699,Books,Atomic Habits,-47664,2,17-01-25,Returned,Chennai,8
FK-1700,Customer_700,Clothing,Saree,29503,1,03-09-25,Returned,Chennai,7
FK-1701,Customer_701,Shoes,Nike Running Shoes,,1,11-10-25,returned,Delhi,13
FK-1702,Customer_702,electronics,Samsung Galaxy M14,51896,1,01-08-25,Returned,BLR,12
FK-1703,Customer_703,Home & Kitchen,Pigeon Gas Stove,44508,1,09-04-25,delivered,Hyderabad,28
FK-1704,Customer_704,Electronics,HP Pavilion Laptop,54232,1,23-08-25,Delivered,Delhi,12
FK-1705,Customer_705,Clothing,Saree,,,,Shipped,Hyderabad,7
FK-1706,Customer_706,shoes,Puma Sneakers,28371,5,04-03-26,returned,Hyderabad,NULL
FK-1707,Customer_707,Clothing,Jacket,19350,2,12-08-25,Returned,Hyd,19
FK-1708,Customer_708,Clothing,Jacket,-8914,2,Jun 14 2025,Returned,BLR,7
FK-1709,Customer_709,Beauty,Nivea Lotion,Rs. 57252,1,11-04-26,Delivered,Mumbai,11
FK-1710,Customer_710,Beauty,Maybelline Lipstick,₹11179,1,,Canceled,BLR,
FK-1711,Customer_711,Books,Dune,67911,1,10-11-25,Shipped,Kolkata,
FK-1712,Customer_712,Electronics,HP Pavilion Laptop,₹22336,1,03-04-25,Delivered,Bengaluru,15
FK-1713,Customer_713,Clothing,Men's T-Shirt,44524,3,29-06-25,Shipped,Chennai,9
FK-1714,Customer_714,Clothing,Saree,49264,1,12-10-25,delivered,Pune,15
FK-1715,Customer_715,electronics,Dell Mouse,39231,1,10-01-26,returned,Hyderabad,5
FK-1716,Customer_716,Books,Python Crash Course,31245,1,Feb 05 2026,delivered,Hyderabad,11
FK-1717,Customer_717,home & kitchen,Prestige Cooker,₹73707,1,01-12-25,Shipped,Bengaluru,18
FK-1718,Customer_718,Books,Rich Dad Poor Dad,70356,5,19-07-25,Pending,Delhi,17
FK-1719,Customer_719,Beauty,Lakme Eyeliner,53478,1,10-06-25,Returned,BLR,10%
FK-1720,Customer_720,Beauty,Maybelline Lipstick,₹2000,1,30-01-25,Returned,Hyd,15
FK-1721,Customer_721,BOOKS,Python Crash Course,25971,1,22-10-25,Canceled,Pune,
FK-1722,Customer_722,Books,Dune,45718,1,10-05-25,Shipped,Kolkata,6%
FK-1723,Customer_723,Shoes,Nike Running Shoes,71306,-1,May 12 2026,returned,Gurgaon,5
FK-1724,Customer_724,Shoes,Puma Sneakers,,3,18-05-25,Pending,Delhi,5
FK-1725,Customer_725,Books,Python Crash Course,-20970,3,11-01-26,Canceled,Kolkata,12
FK-1726,Customer_726,Home & Kitchen,Prestige Cooker,49318,1,31-08-25,Shipped,Mumbai,19%
FK-1727,Customer_727,Books,Python Crash Course,56227,1,08-06-25,Canceled,Hyd,16%
FK-1728,Customer_728,books,Rich Dad Poor Dad,-64975,1,08-07-25,Delivered,Gurgaon,8
FK-1729,Customer_729,Books,Dune,24697,1,13-04-26,delivered,Gurgaon,18
FK-1730,Customer_730,,Apple iPhone 15,54392,2,06-06-25,Canceled,Gurgaon,10
FK-1731,,Beauty,Lakme Eyeliner,42217,1,28-02-26,Delivered,Chennai,26
FK-1732,Customer_732,,Sony Headphones,,1,10-02-25,Shipped,Chennai,23
FK-1733,Customer_733,Beauty,Lakme Eyeliner,26200,2,19-04-25,Returned,,23
FK-1734,Customer_734,Books,Python Crash Course,46277,2,25-07-25,delivered,Chennai,27
FK-1735,Customer_735,Clothing,Jacket,55983,1,17-07-25,delivered,Hyderabad,25
fk-1736,Customer_736,Home & Kitchen,Bajaj Iron,51223,2,21-11-25,Delivered,,11
FK-1737,Customer_737,Beauty,Lakme Eyeliner,Rs. 39930,1,19-03-25,returned,Hyd,24
1738,Customer_738,Home & Kitchen,Pigeon Gas Stove,-66289,5,31-05-25,Canceled,Delhi,6
FK-1739,Customer_739,Beauty,Lakme Eyeliner,59363,1,27-04-25,delivered,Hyderabad,9%
FK-1740,Customer_740,beauty,Lakme Eyeliner,-24652,2,26-06-25,Shipped,Pune,0
FK-1741,Customer_741,electronics,Sony Headphones,66502,3,25-01-26,returned,Pune,26
FK-1742,Customer_742,Shoes,Puma Sneakers,13986,4,31-08-25,Pending,Mumbai,10
FK-1743,Customer_743,Shoes,Adidas Sliders,₹63484,1,27-11-25,delivered,Kolkata,NULL
FK-1744,Customer_744,Home & Kitchen,Pigeon Gas Stove,44073,1,07-12-25,Shipped,Hyd,24
FK-1745,,Clothing,Men's T-Shirt,Rs. 5156,1,Feb 26 2026,Pending,Bengaluru,8%
fk-1746,Customer_746,Beauty,Nivea Lotion,12284,1,06-01-26,Delivered,Hyd,12
FK-1747,Customer_747,Beauty,Lakme Eyeliner,1194,1,12-12-25,Delivered,Pune,8
FK-1748,Customer_748,Home & Kitchen,Pigeon Gas Stove,2104,1,Mar 12 2026,Pending,Hyd,14
fk-1749,Customer_749,Home & Kitchen,Bajaj Iron,69560,,09-02-25,Shipped,Delhi,22
FK-1750,Customer_750,Clothing,Women's Kurta,1221,1,09-01-26,Shipped,Pune,NULL
fk-1751,Customer_751,Beauty,Lakme Eyeliner,Rs. 26888,5,09-03-25,Pending,Hyderabad,N/A
FK-1752,Customer_752,clothing,Jacket,8151,1,13-05-26,Returned,Gurgaon,NULL
FK-1753,Customer_753,Electronics,Apple iPhone 15,68644,1,04-07-25,returned,Gurgaon,23
FK-1754,Customer_754,Home & Kitchen,Pigeon Gas Stove,₹40781,1,25-07-25,returned,Hyd,9
FK-1755,Customer_755,BOOKS,Python Crash Course,34133,1,26-04-25,Pending,Chennai,N/A
FK-1756,Customer_756,Books,Python Crash Course,Rs. 23804,1,16-01-26,Pending,Delhi,14
FK-1757,Customer_757,Shoes,Puma Sneakers,1436,2,24-01-25,Shipped,Kolkata,26%
fk-1758,Customer_758,Home & Kitchen,Prestige Cooker,23132,1,11-02-25,delivered,Mumbai,23
FK-1759,Customer_759,,Sony Headphones,12087,1,16-01-25,returned,Bengaluru,N/A
1760,Customer_760,Electronics,Boat Airdopes,,1,12-01-25,Delivered,Chennai,0
FK-1761,Customer_761,Electronics,Apple iPhone 15,1015,1,01-02-26,Returned,Pune,N/A
FK-1762,Customer_762,Shoes,Puma Sneakers,8034,1,12-02-25,Canceled,Mumbai,NULL
FK-1763,Customer_763,Shoes,Adidas Sliders,47619,two,10-01-26,Canceled,BLR,5
FK-1764,Customer_764,Beauty,Lakme Eyeliner,₹71641,1,10-01-25,Delivered,Delhi,0
FK-1764,Customer_764,Beauty,Lakme Eyeliner,₹71641,1,10-01-25,Delivered,Delhi,0
FK-1765,,Beauty,Lakme Eyeliner,₹45221,3,,Pending,,18
FK-1765,,Beauty,Lakme Eyeliner,₹45221,3,,Pending,,18
FK-1766,,Home & Kitchen,Bajaj Iron,-51657,3,26-03-26,delivered,Hyderabad,28%
FK-1767,Customer_767,Clothing,Men's T-Shirt,₹66025,1,23-05-25,Pending,BLR,20%
FK-1768,Customer_768,Electronics,Apple iPhone 15,,1,19-04-26,Returned,,8
FK-1769,Customer_769,Clothing,Jacket,,1,16-01-25,delivered,Delhi,
FK-1770,Customer_770,SHOES,Adidas Sliders,-53313,3,04-01-25,delivered,Delhi,1
FK-1771,Customer_771,Clothing,Women's Kurta,19703,-1,09-01-26,delivered,BLR,NULL
FK-1772,,Shoes,Adidas Sliders,Rs. 57338,2,26-01-26,Canceled,Gurgaon,14
FK-1773,Customer_773,Beauty,Maybelline Lipstick,-14877,1,29-03-26,Returned,Bengaluru,11
FK-1774,Customer_774,Books,Rich Dad Poor Dad,11193,1,11-02-26,returned,Hyd,14
FK-1775,Customer_775,Shoes,Nike Running Shoes,61255,2,02-03-26,Shipped,Hyd,13
FK-1776,Customer_776,Clothing,Jeans,71292,2,23-12-25,Shipped,Mumbai,8
FK-1777,Customer_777,Beauty,Maybelline Lipstick,Rs. 8297,1,01-05-26,Shipped,Kolkata,N/A
FK-1778,Customer_778,Home & Kitchen,Prestige Cooker,30674,1,14-05-25,Shipped,Chennai,8
FK-1779,Customer_779,Books,Dune,73245,1,23-03-25,Pending,Bengaluru,4
FK-1780,Customer_780,Clothing,Women's Kurta,,1,30-10-25,Shipped,Hyd,8
FK-1781,Customer_781,Beauty,Maybelline Lipstick,54699,2,19-01-26,Pending,Gurgaon,18
FK-1782,Customer_782,Shoes,Puma Sneakers,21113,two,01-11-25,delivered,Bengaluru,30
FK-1782,Customer_782,Shoes,Puma Sneakers,21113,two,01-11-25,delivered,Bengaluru,30
1783,Customer_783,Electronics,HP Pavilion Laptop,69876,1,22-01-25,returned,Pune,N/A
FK-1784,Customer_784,Beauty,Nivea Lotion,Rs. 33554,2,10-04-25,Returned,Kolkata,NULL
FK-1785,Customer_785,home & kitchen,Milton Thermos,45767,2,04-04-26,Delivered,Pune,14%
FK-1786,Customer_786,Beauty,Maybelline Lipstick,41737,2,28-10-25,Canceled,Mumbai,27%
FK-1787,Customer_787,,HP Pavilion Laptop,64996,1,,Returned,Gurgaon,12
FK-1788,Customer_788,Clothing,Jacket,15953,1,20-09-25,Shipped,Hyd,21
fk-1789,Customer_789,Electronics,Dell Mouse,38185,1,22-05-25,returned,Kolkata,2
FK-1790,Customer_790,books,Dune,70730,1,21-02-26,Shipped,Bengaluru,28%
FK-1791,Customer_791,BEAUTY,Nivea Lotion,21338,1,11-05-25,Pending,Hyd,30
1792,Customer_792,Home & Kitchen,Prestige Cooker,-10163,2,19-12-25,Pending,Mumbai,30
FK-1793,,Shoes,Nike Running Shoes,₹36815,2,05-04-25,Shipped,Delhi,7
1794,,Home & Kitchen,Prestige Cooker,70440,2,,Returned,Kolkata,NULL
FK-1795,,Books,Rich Dad Poor Dad,₹25973,2,09-11-25,Delivered,Hyderabad,21
FK-1796,Customer_796,Books,Python Crash Course,72742,1,24-03-25,Returned,Pune,11%
FK-1797,Customer_797,Electronics,Samsung Galaxy M14,5950,1,27-02-25,Pending,Delhi,12%
FK-1798,Customer_798,Electronics,Apple iPhone 15,4536,1,May 12 2025,delivered,Pune,N/A
FK-1799,Customer_799,Books,Python Crash Course,1858,1,13-02-26,Canceled,Pune,2
FK-1800,Customer_800,Home & Kitchen,Bajaj Iron,54747,1,09-08-25,Shipped,BLR,21
FK-1801,Customer_801,,Samsung Galaxy M14,61013,2,05-01-25,Shipped,BLR,27
FK-1802,Customer_802,Electronics,HP Pavilion Laptop,8277,1,19-06-25,Delivered,Kolkata,14
FK-1803,Customer_803,Home & Kitchen,Prestige Cooker,₹68142,3,12-01-25,delivered,,8
FK-1804,Customer_804,beauty,Nivea Lotion,33418,1,14-02-26,Delivered,Delhi,25
FK-1805,Customer_805,HOME & KITCHEN,Bajaj Iron,12432,2,12-12-25,Canceled,,29
FK-1806,Customer_806,Books,Rich Dad Poor Dad,,2,08-09-25,Returned,Hyderabad,28
FK-1807,Customer_807,Books,Dune,Rs. 55034,1,25-02-26,returned,Pune,30
FK-1808,Customer_808,BOOKS,Dune,₹11198,two,27-02-25,Shipped,Mumbai,N/A
FK-1809,Customer_809,Shoes,Adidas Sliders,41439,1,02-08-25,delivered,Bengaluru,21
FK-1810,Customer_810,Beauty,Nivea Lotion,30965,1,25-10-25,delivered,Bengaluru,28
FK-1811,Customer_811,Home & Kitchen,Bajaj Iron,64519,3,07-03-25,returned,Kolkata,22
FK-1812,Customer_812,clothing,Men's T-Shirt,517,1,16-03-25,returned,BLR,6
FK-1813,Customer_813,Home & Kitchen,Pigeon Gas Stove,47304,1,15-06-25,Delivered,Pune,18%
FK-1814,Customer_814,Electronics,Samsung Galaxy M14,65935,4,29-01-26,Canceled,Pune,22
FK-1815,Customer_815,,Boat Airdopes,₹67193,1,16-02-26,delivered,,11
FK-1816,Customer_816,Shoes,Adidas Sliders,10285,1,27-09-25,Pending,Mumbai,0
FK-1817,Customer_817,Books,Rich Dad Poor Dad,Rs. 3961,999,04-01-25,Returned,Kolkata,2
FK-1818,Customer_818,Shoes,Nike Running Shoes,Rs. 55573,2,24-04-26,Delivered,Mumbai,28
FK-1819,Customer_819,Clothing,Women's Kurta,₹12781,1,03-01-25,Shipped,BLR,23%
FK-1820,,Books,Dune,5730,3,02-03-25,delivered,Pune,NULL
1821,Customer_821,Home & Kitchen,Bajaj Iron,33473,2,Nov 07 2025,Shipped,Delhi,29
FK-1822,Customer_822,Beauty,Lakme Eyeliner,70667,1,Oct 27 2025,Shipped,,23
FK-1823,Customer_823,Electronics,Sony Headphones,,1,11-05-26,Returned,BLR,N/A
FK-1824,Customer_824,Beauty,Nivea Lotion,25659,1,,Canceled,Kolkata,3
1825,Customer_825,Home & Kitchen,Bajaj Iron,,3,08-09-25,Shipped,BLR,NULL
FK-1826,Customer_826,Electronics,Dell Mouse,33045,1,31-03-25,Returned,,13
FK-1827,Customer_827,Home & Kitchen,Bajaj Iron,40224,5,22-04-26,Shipped,Gurgaon,1
FK-1828,Customer_828,Books,Dune,62391,1,21-09-25,returned,Hyd,0
FK-1829,Customer_829,Home & Kitchen,Pigeon Gas Stove,23647,999,07-08-25,returned,Kolkata,9
fk-1830,Customer_830,Books,Atomic Habits,10334,2,03-08-25,returned,Hyderabad,23
FK-1831,Customer_831,Clothing,Jeans,52239,1,08-06-25,Delivered,Gurgaon,N/A
FK-1831,Customer_831,Clothing,Jeans,52239,1,08-06-25,Delivered,Gurgaon,N/A
FK-1832,Customer_832,Electronics,Apple iPhone 15,,1,11-01-26,Delivered,Pune,19
FK-1833,Customer_833,Books,Rich Dad Poor Dad,65540,1,18-03-25,Shipped,,0
FK-1834,Customer_834,Books,Atomic Habits,64046,3,19-03-25,Canceled,Bengaluru,20
FK-1835,Customer_835,Shoes,Puma Sneakers,₹45161,1,27-06-25,delivered,BLR,21
FK-1836,Customer_836,Shoes,Adidas Sliders,34687,4,22-11-25,Canceled,Pune,10
FK-1837,Customer_837,BOOKS,Python Crash Course,16036,1,20-04-26,Returned,Kolkata,13
FK-1838,,Books,Dune,-71270,1,02-09-25,Delivered,BLR,NULL
FK-1839,Customer_839,Books,Atomic Habits,4604,1,14-05-25,delivered,Hyderabad,17
FK-1840,Customer_840,electronics,HP Pavilion Laptop,32519,1,31-10-25,Shipped,Delhi,20
FK-1841,Customer_841,Home & Kitchen,Bajaj Iron,45095,1,27-10-25,Returned,Hyderabad,15
FK-1842,Customer_842,Electronics,Apple iPhone 15,-17134,1,Jan 22 2026,Returned,Delhi,8
FK-1843,Customer_843,Home & Kitchen,Prestige Cooker,Rs. 41915,1,15-09-25,delivered,Mumbai,17
FK-1844,Customer_844,Clothing,Jeans,₹64190,1,30-07-25,Canceled,Kolkata,17%
FK-1845,Customer_845,Books,Atomic Habits,63491,1,13-03-26,Canceled,,23%
FK-1846,Customer_846,Electronics,HP Pavilion Laptop,Rs. 73829,2,04-12-25,Shipped,Bengaluru,10
FK-1847,Customer_847,Home & Kitchen,Prestige Cooker,63185,1,12-03-26,returned,Delhi,3
FK-1848,Customer_848,Home & Kitchen,Bajaj Iron,₹7968,1,29-05-25,Returned,BLR,9
FK-1849,Customer_849,Home & Kitchen,Pigeon Gas Stove,8350,1,,returned,BLR,N/A
FK-1850,Customer_850,home & kitchen,Prestige Cooker,24129,2,26-03-25,Canceled,Pune,N/A
FK-1851,Customer_851,Electronics,Dell Mouse,60848,1,19-04-26,Pending,BLR,12
FK-1852,Customer_852,Home & Kitchen,Bajaj Iron,63914,2,Feb 21 2026,Pending,Mumbai,3
FK-1853,Customer_853,Clothing,Jacket,60214,1,18-01-25,Canceled,Mumbai,N/A
FK-1854,Customer_854,,Apple iPhone 15,₹68649,1,19-02-26,Delivered,Gurgaon,1
1855,Customer_855,Shoes,Adidas Sliders,63101,2,15-04-25,delivered,Delhi,1
FK-1856,Customer_856,Home & Kitchen,Bajaj Iron,,1,15-01-26,delivered,Kolkata,2
fk-1857,,Shoes,Puma Sneakers,Rs. 66641,1,13-02-25,Canceled,BLR,21
FK-1858,Customer_858,Clothing,Women's Kurta,₹39681,3,28-01-26,Returned,Hyd,15
FK-1859,Customer_859,Home & Kitchen,Milton Thermos,43563,1,09-04-25,returned,,
FK-1860,Customer_860,Clothing,Jeans,26082,1,,Shipped,Gurgaon,NULL
FK-1861,Customer_861,Books,Dune,₹27322,1,12-02-26,Returned,Kolkata,
FK-1862,Customer_862,Beauty,Nivea Lotion,39202,1,19-04-25,Canceled,Kolkata,3
FK-1863,Customer_863,Books,Dune,72106,1,30-05-25,Canceled,Hyderabad,7
FK-1864,Customer_864,Shoes,Adidas Sliders,51046,,19-12-25,Delivered,Delhi,12
FK-1865,Customer_865,Books,Atomic Habits,73260,1,06-02-26,returned,Kolkata,13
FK-1866,Customer_866,Clothing,Women's Kurta,50930,3,17-02-26,Delivered,Pune,17
FK-1867,Customer_867,Beauty,Maybelline Lipstick,6086,one,01-02-25,Returned,Bengaluru,24
FK-1868,Customer_868,Beauty,Maybelline Lipstick,4005,2,23-06-25,Delivered,Bengaluru,22
FK-1869,Customer_869,Home & Kitchen,Prestige Cooker,5477,1,Mar 16 2026,Canceled,Mumbai,3
FK-1870,Customer_870,shoes,Puma Sneakers,18548,1,28-04-26,Pending,Delhi,14
FK-1871,Customer_871,Clothing,Jeans,12557,-1,31-01-26,delivered,Chennai,4
FK-1872,Customer_872,Home & Kitchen,Bajaj Iron,13932,1,02-05-25,Canceled,Gurgaon,19
FK-1873,Customer_873,Beauty,Nivea Lotion,1240,1,12-11-25,Delivered,,13
FK-1874,Customer_874,Shoes,Adidas Sliders,₹10889,1,22-03-25,delivered,Hyd,0
FK-1875,Customer_875,electronics,Boat Airdopes,48476,1,Feb 18 2025,Returned,,N/A
FK-1876,Customer_876,Books,Rich Dad Poor Dad,10716,1,16-07-25,Shipped,Hyderabad,4
FK-1877,,Home & Kitchen,Bajaj Iron,63643,1,13-03-25,delivered,BLR,25
FK-1878,Customer_878,Clothing,Men's T-Shirt,24172,2,05-11-25,delivered,Chennai,15
FK-1879,Customer_879,Clothing,Saree,49310,2,16-10-25,Delivered,Hyd,4
FK-1880,Customer_880,Home & Kitchen,Prestige Cooker,34579,2,03-09-25,delivered,Bengaluru,27
FK-1880,Customer_880,Home & Kitchen,Prestige Cooker,34579,2,03-09-25,delivered,Bengaluru,27
FK-1881,Customer_881,Home & Kitchen,Prestige Cooker,34912,3,24-02-26,Pending,Pune,25
FK-1882,Customer_882,Books,Python Crash Course,50617,1,19-08-25,Returned,Gurgaon,13
FK-1883,Customer_883,Shoes,Nike Running Shoes,19118,2,01-03-25,Delivered,BLR,
FK-1884,Customer_884,Books,Dune,43044,1,28-01-26,Shipped,Chennai,6
FK-1885,Customer_885,Shoes,Nike Running Shoes,34705,1,25-01-26,Canceled,Mumbai,11%
FK-1886,Customer_886,Shoes,Adidas Sliders,21565,1,29-11-25,Canceled,Mumbai,19
FK-1887,,BOOKS,Python Crash Course,27780,1,30-04-25,delivered,Bengaluru,3
FK-1888,Customer_888,Shoes,Adidas Sliders,-11900,1,02-04-26,delivered,Hyderabad,16%
FK-1889,Customer_889,Clothing,Jacket,1649,1,12-06-25,Pending,Chennai,25
fk-1890,Customer_890,Beauty,Nivea Lotion,₹14890,1,19-12-25,Shipped,Hyderabad,4
1891,Customer_891,Shoes,Nike Running Shoes,27743,1,,delivered,Hyderabad,20
FK-1892,Customer_892,Shoes,Nike Running Shoes,,1,03-03-26,Returned,Kolkata,4
FK-1893,Customer_893,Electronics,Samsung Galaxy M14,32409,4,12-03-26,Delivered,Pune,7
FK-1894,Customer_894,Books,Python Crash Course,₹3167,1,24-06-25,Pending,Bengaluru,14
FK-1895,,Beauty,Nivea Lotion,7166,2,,Shipped,Bengaluru,20
FK-1896,Customer_896,Shoes,Adidas Sliders,58705,1,05-10-25,delivered,Pune,25
FK-1897,Customer_897,Clothing,Jacket,18137,1,03-11-25,returned,Pune,5%
FK-1898,Customer_898,Shoes,Nike Running Shoes,-62765,1,25-10-25,Pending,Pune,
1899,Customer_899,Electronics,Samsung Galaxy M14,42450,1,05-02-26,returned,Mumbai,18
FK-1900,Customer_900,books,Atomic Habits,17332,1,02-02-25,Shipped,Gurgaon,12
FK-1901,Customer_901,Beauty,Nivea Lotion,14645,1,Jan 15 2026,Shipped,Pune,27
FK-1902,Customer_902,Beauty,Nivea Lotion,-31996,1,12-12-25,Delivered,Hyderabad,30
FK-1903,Customer_903,Home & Kitchen,Pigeon Gas Stove,₹8792,,,Returned,BLR,19
FK-1904,Customer_904,Home & Kitchen,Pigeon Gas Stove,41700,4,Oct 30 2025,Shipped,Bengaluru,8
FK-1905,Customer_905,Books,Rich Dad Poor Dad,Rs. 47028,2,28-08-25,Canceled,Delhi,9
FK-1906,Customer_906,Shoes,Adidas Sliders,47228,1,,Delivered,BLR,27
FK-1907,Customer_907,Books,Atomic Habits,73922,4,04-01-25,Returned,,25%
FK-1908,Customer_908,Electronics,Sony Headphones,37205,1,08-11-25,delivered,Pune,22
FK-1909,Customer_909,Clothing,Jeans,15955,5,06-02-26,delivered,Chennai,11
FK-1910,Customer_910,clothing,Saree,44534,1,Nov 02 2025,Returned,Mumbai,23
FK-1911,,Beauty,Nivea Lotion,Rs. 38903,4,19-03-26,Canceled,,20
FK-1912,Customer_912,electronics,Apple iPhone 15,36198,1,14-01-25,Delivered,Delhi,6
FK-1913,Customer_913,,Sony Headphones,₹20982,2,May 20 2025,delivered,Gurgaon,21
FK-1914,Customer_914,Books,Rich Dad Poor Dad,4457,3,16-08-25,returned,Mumbai,
FK-1915,Customer_915,Shoes,Adidas Sliders,-12186,2,21-05-25,Delivered,Bengaluru,6
FK-1916,Customer_916,Home & Kitchen,Prestige Cooker,₹11093,1,06-03-25,Pending,Kolkata,17
FK-1917,,Books,Rich Dad Poor Dad,₹18267,1,20-03-26,delivered,Pune,8
1918,Customer_918,electronics,HP Pavilion Laptop,Rs. 13142,1,16-10-25,Delivered,Hyd,
FK-1919,Customer_919,Beauty,Maybelline Lipstick,₹38165,1,04-05-26,returned,Hyderabad,NULL
FK-1920,Customer_920,Home & Kitchen,Milton Thermos,32805,2,Mar 07 2025,Delivered,Kolkata,N/A
FK-1921,Customer_921,home & kitchen,Prestige Cooker,9614,1,16-04-25,delivered,Mumbai,12
FK-1922,Customer_922,Books,Atomic Habits,63660,1,22-08-25,Returned,Delhi,18
FK-1923,Customer_923,Books,Rich Dad Poor Dad,₹17876,2,08-02-25,Returned,Hyd,25
FK-1924,Customer_924,Electronics,HP Pavilion Laptop,₹3307,1,25-12-25,Pending,Hyderabad,3
FK-1925,Customer_925,Electronics,Boat Airdopes,41538,1,May 16 2026,Delivered,Mumbai,16
FK-1926,Customer_926,electronics,Apple iPhone 15,53139,1,17-04-26,Canceled,Hyd,17
FK-1927,Customer_927,Electronics,Sony Headphones,14013,3,01-09-25,Delivered,Kolkata,3
fk-1928,Customer_928,clothing,Women's Kurta,28621,1,17-02-26,Returned,Chennai,30
fk-1928,Customer_928,clothing,Women's Kurta,28621,1,17-02-26,Returned,Chennai,30
FK-1929,Customer_929,Shoes,Puma Sneakers,Rs. 32037,4,06-03-25,Shipped,Kolkata,14
FK-1930,Customer_930,Books,Atomic Habits,61746,1,25-11-25,Pending,Bengaluru,23
FK-1931,,electronics,Sony Headphones,Rs. 2642,3,23-07-25,Shipped,BLR,26
FK-1932,Customer_932,Shoes,Puma Sneakers,23338,1,08-09-25,Returned,BLR,12
FK-1933,Customer_933,Shoes,Nike Running Shoes,23931,one,,Delivered,Kolkata,29
FK-1934,Customer_934,Home & Kitchen,Prestige Cooker,20906,1,02-11-25,Returned,Hyderabad,15
FK-1935,Customer_935,Electronics,Sony Headphones,19739,1,Feb 11 2026,Returned,Hyd,12
FK-1936,Customer_936,Clothing,Jeans,67158,2,07-11-25,returned,,27
FK-1937,Customer_937,Books,Python Crash Course,17702,2,23-02-25,Shipped,Delhi,29
FK-1938,Customer_938,Books,Rich Dad Poor Dad,9648,1,04-06-25,Shipped,Kolkata,22
FK-1939,Customer_939,Clothing,Women's Kurta,27840,2,01-12-25,Canceled,Hyderabad,N/A
FK-1940,Customer_940,Shoes,Puma Sneakers,Rs. 60169,1,01-04-25,Delivered,Delhi,12
FK-1941,Customer_941,Clothing,Saree,,1,09-09-25,Shipped,Mumbai,7
FK-1942,Customer_942,beauty,Maybelline Lipstick,35759,1,Oct 08 2025,Pending,BLR,27
FK-1943,Customer_943,books,Python Crash Course,71135,1,14-05-26,Returned,Delhi,25
fk-1944,Customer_944,Clothing,Jacket,15292,3,15-01-26,Canceled,Delhi,
fk-1945,Customer_945,Clothing,Jeans,67036,1,,Returned,Pune,9
FK-1946,Customer_946,Books,Dune,₹14605,1,13-05-25,Shipped,Mumbai,25
FK-1947,Customer_947,Home & Kitchen,Milton Thermos,30727,1,09-08-25,Returned,Gurgaon,4
FK-1948,Customer_948,Beauty,Nivea Lotion,,1,13-08-25,Returned,BLR,13
FK-1949,Customer_949,electronics,Dell Mouse,20482,1,07-03-25,returned,Kolkata,26
FK-1950,Customer_950,,Dell Mouse,26133,2,24-08-25,Returned,Pune,7
fk-1951,Customer_951,Shoes,Nike Running Shoes,Rs. 56023,1,26-11-25,returned,Delhi,10
FK-1952,Customer_952,Shoes,Adidas Sliders,13841,3,15-07-25,Returned,Mumbai,25
FK-1953,Customer_953,Clothing,Saree,Rs. 37645,1,15-06-25,Delivered,BLR,8
FK-1954,Customer_954,Books,Rich Dad Poor Dad,56291,1,24-11-25,Shipped,Chennai,10%
FK-1955,Customer_955,Beauty,Nivea Lotion,43255,1,Mar 17 2025,Canceled,BLR,2
FK-1956,Customer_956,Books,Dune,45251,one,02-09-25,returned,Mumbai,
FK-1957,Customer_957,Electronics,HP Pavilion Laptop,17722,4,05-02-26,Shipped,,3
FK-1958,Customer_958,Clothing,Jacket,10598,2,20-01-26,Canceled,Mumbai,
FK-1959,Customer_959,Beauty,Maybelline Lipstick,15548,2,16-10-25,Returned,,11
FK-1960,Customer_960,Shoes,Puma Sneakers,15169,1,17-06-25,Returned,Hyd,7
FK-1961,Customer_961,Clothing,Men's T-Shirt,26962,1,06-06-25,Shipped,Pune,26
FK-1962,Customer_962,books,Dune,53676,1,25-11-25,Pending,Bengaluru,19
FK-1963,Customer_963,Beauty,Lakme Eyeliner,40156,1,02-01-25,returned,Hyd,21
FK-1964,Customer_964,clothing,Saree,₹3787,1,16-10-25,Pending,Kolkata,4
FK-1965,Customer_965,Clothing,Men's T-Shirt,58222,1,05-04-25,Delivered,BLR,29
FK-1966,Customer_966,Clothing,Men's T-Shirt,54848,,03-10-25,Canceled,Bengaluru,NULL
fk-1967,Customer_967,Electronics,Dell Mouse,71560,1,Aug 21 2025,Canceled,Gurgaon,30
FK-1968,Customer_968,Books,Dune,,1,27-01-25,Delivered,BLR,
FK-1969,Customer_969,clothing,Saree,48033,3,13-08-25,Delivered,Pune,24%
FK-1970,Customer_970,Electronics,Sony Headphones,₹4365,2,02-05-26,returned,Pune,10
FK-1971,Customer_971,Clothing,Women's Kurta,72583,1,15-09-25,Returned,Gurgaon,28
FK-1972,Customer_972,shoes,Nike Running Shoes,41372,2,21-06-25,returned,Hyderabad,24
FK-1973,Customer_973,Electronics,HP Pavilion Laptop,55425,3,13-07-25,Returned,Kolkata,17
FK-1974,Customer_974,,Samsung Galaxy M14,16889,1,02-02-26,Pending,Bengaluru,16
FK-1975,Customer_975,,Samsung Galaxy M14,₹27272,1,02-03-25,Pending,Bengaluru,19
FK-1976,Customer_976,Shoes,Nike Running Shoes,47934,1,04-03-26,returned,Hyd,22
FK-1977,,books,Python Crash Course,7139,3,07-06-25,Delivered,Chennai,26
FK-1978,Customer_978,BOOKS,Rich Dad Poor Dad,,3,24-05-25,Returned,Mumbai,3
FK-1979,Customer_979,Books,Python Crash Course,,1,02-05-25,Shipped,Gurgaon,15
FK-1980,Customer_980,Home & Kitchen,Prestige Cooker,-66806,1,09-02-25,delivered,Gurgaon,27
FK-1981,Customer_981,Electronics,Boat Airdopes,61617,5,,Shipped,Hyd,7
FK-1982,Customer_982,,HP Pavilion Laptop,12101,1,11-12-25,delivered,Bengaluru,27
FK-1983,Customer_983,Electronics,Dell Mouse,18183,1,01-03-26,Canceled,Delhi,28%
FK-1984,Customer_984,Shoes,Nike Running Shoes,₹57247,4,21-03-26,delivered,Hyderabad,0%
FK-1985,Customer_985,Beauty,Nivea Lotion,48278,2,12-01-26,returned,Hyd,1
fk-1986,Customer_986,Home & Kitchen,Milton Thermos,Rs. 49292,1,29-11-25,delivered,Hyderabad,0
fk-1987,Customer_987,BEAUTY,Nivea Lotion,13541,2,Jan 09 2025,returned,Hyd,5
FK-1988,Customer_988,Shoes,Adidas Sliders,-67848,1,05-06-25,Shipped,Mumbai,9
FK-1988,Customer_988,Shoes,Adidas Sliders,-67848,1,05-06-25,Shipped,Mumbai,9
FK-1989,Customer_989,Beauty,Lakme Eyeliner,26796,1,19-09-25,Canceled,Hyd,5
FK-1990,Customer_990,Shoes,Adidas Sliders,47966,1,23-01-26,delivered,Delhi,26
FK-1991,Customer_991,Clothing,Jeans,5425,2,13-03-25,Returned,BLR,17
FK-1992,Customer_992,clothing,Jeans,-15732,1,01-04-25,Pending,Mumbai,9
FK-1993,Customer_993,Electronics,Apple iPhone 15,11573,1,03-11-25,Shipped,Bengaluru,29
FK-1994,Customer_994,Beauty,Maybelline Lipstick,20601,2,Feb 07 2025,Canceled,Mumbai,2
FK-1995,Customer_995,Electronics,Sony Headphones,64818,2,17-04-26,returned,Chennai,29
FK-1996,Customer_996,Books,Python Crash Course,11491,-1,24-02-26,delivered,Gurgaon,9
FK-1997,Customer_997,Clothing,Jacket,Rs. 74937,2,22-06-25,Returned,Hyderabad,27
FK-1998,Customer_998,shoes,Adidas Sliders,49966,4,22-01-26,Returned,,4
FK-1999,Customer_999,Clothing,Men's T-Shirt,27933,4,17-07-25,Canceled,BLR,11
FK-1999,Customer_999,Clothing,Men's T-Shirt,27933,4,17-07-25,Canceled,BLR,11
FK-2000,Customer_1000,Electronics,Dell Mouse,,1,13-11-25,returned,Chennai,13
FK-2001,Customer_1001,Clothing,Jeans,23777,1,20-03-26,Pending,Pune,25
FK-2002,Customer_1002,Electronics,HP Pavilion Laptop,57499,1,19-01-25,Canceled,Pune,21
FK-2003,Customer_1003,Beauty,Maybelline Lipstick,-53138,2,17-04-26,Shipped,Bengaluru,
FK-2004,Customer_1004,Books,Atomic Habits,72610,3,06-10-25,Shipped,Delhi,7
FK-2005,Customer_1005,Shoes,Nike Running Shoes,74146,3,20-03-26,Shipped,Pune,20
FK-2006,Customer_1006,Clothing,Men's T-Shirt,45961,1,Sep 28 2025,delivered,Bengaluru,N/A
FK-2007,Customer_1007,Beauty,Maybelline Lipstick,63415,2,01-12-25,Delivered,,NULL
FK-2008,Customer_1008,Shoes,Nike Running Shoes,-16373,1,10-04-26,delivered,Chennai,15
FK-2009,Customer_1009,Books,Atomic Habits,,4,07-04-26,Canceled,,N/A
FK-2010,Customer_1010,Home & Kitchen,Pigeon Gas Stove,51147,1,16-05-26,Canceled,Kolkata,16
fk-2011,Customer_1011,Books,Rich Dad Poor Dad,36975,1,15-06-25,Pending,Mumbai,29
fk-2012,Customer_1012,Books,Rich Dad Poor Dad,50913,1,08-01-26,Canceled,Chennai,7
fk-2013,Customer_1013,Electronics,Sony Headphones,₹17814,1,,Canceled,Mumbai,7%
FK-2014,Customer_1014,Clothing,Jacket,14963,3,18-01-25,returned,Bengaluru,NULL
fk-2015,Customer_1015,Shoes,Nike Running Shoes,24217,1,15-05-26,Canceled,Kolkata,N/A
FK-2016,Customer_1016,Beauty,Lakme Eyeliner,₹74424,1,20-07-25,Returned,Mumbai,11
FK-2017,Customer_1017,home & kitchen,Prestige Cooker,25238,one,22-11-25,returned,Gurgaon,3
FK-2018,Customer_1018,Home & Kitchen,Prestige Cooker,Rs. 18382,1,06-08-25,Pending,BLR,22
FK-2019,Customer_1019,Books,Dune,31564,1,19-09-25,returned,Mumbai,
FK-2020,Customer_1020,Electronics,Apple iPhone 15,48583,2,06-12-25,Shipped,Kolkata,4
FK-2021,Customer_1021,Home & Kitchen,Milton Thermos,58839,2,13-03-26,Pending,,3
FK-2022,,Shoes,Puma Sneakers,28433,,14-10-25,Returned,Hyderabad,NULL
FK-2023,Customer_1023,Home & Kitchen,Milton Thermos,68575,1,07-03-26,delivered,Pune,N/A
FK-2024,Customer_1024,BOOKS,Atomic Habits,62171,4,,Pending,Pune,18%
FK-2025,Customer_1025,shoes,Nike Running Shoes,35396,1,12-03-25,Shipped,Mumbai,26
FK-2026,Customer_1026,Electronics,Boat Airdopes,9607,1,11-05-26,returned,,30
FK-2027,Customer_1027,Books,Python Crash Course,67479,1,10-04-25,Shipped,BLR,25
2028,Customer_1028,Books,Rich Dad Poor Dad,45372,1,12-07-25,Canceled,Mumbai,30
FK-2029,Customer_1029,home & kitchen,Pigeon Gas Stove,Rs. 42295,1,16-03-26,delivered,,23
FK-2030,Customer_1030,Beauty,Lakme Eyeliner,20132,1,26-07-25,Delivered,Hyderabad,1
FK-2031,Customer_1031,electronics,Sony Headphones,25191,1,05-12-25,Shipped,,3
FK-2032,Customer_1032,Books,Atomic Habits,58344,1,03-01-26,returned,Bengaluru,15
FK-2033,Customer_1033,Shoes,Nike Running Shoes,61046,1,05-03-25,delivered,Bengaluru,27
FK-2034,Customer_1034,Clothing,Jeans,53133,1,12-07-25,Shipped,BLR,24
FK-2035,,Beauty,Nivea Lotion,Rs. 3235,1,Feb 20 2025,Canceled,Kolkata,17
FK-2036,Customer_1036,Electronics,Dell Mouse,2715,2,21-02-26,Canceled,Chennai,16%
FK-2037,Customer_1037,Home & Kitchen,Prestige Cooker,3094,one,02-05-25,returned,Pune,N/A
FK-2038,Customer_1038,Home & Kitchen,Prestige Cooker,67488,1,27-06-25,Shipped,,N/A
FK-2039,Customer_1039,Shoes,Puma Sneakers,Rs. 13661,4,07-07-25,Pending,Pune,16
FK-2040,Customer_1040,Beauty,Maybelline Lipstick,16096,1,17-09-25,Returned,,29
FK-2041,Customer_1041,Home & Kitchen,Bajaj Iron,8913,1,08-02-25,Canceled,Mumbai,11
FK-2042,Customer_1042,Books,Rich Dad Poor Dad,49357,1,Feb 04 2025,Delivered,Pune,0
FK-2043,Customer_1043,Clothing,Women's Kurta,18367,4,11-02-26,Canceled,Hyderabad,N/A
FK-2044,Customer_1044,Clothing,Men's T-Shirt,6817,1,14-02-25,returned,Bengaluru,6
FK-2045,Customer_1045,Beauty,Lakme Eyeliner,₹22564,2,07-05-25,Returned,Bengaluru,17
FK-2046,Customer_1046,Beauty,Lakme Eyeliner,₹36866,1,Jan 24 2025,Delivered,Chennai,19
FK-2047,Customer_1047,Clothing,Women's Kurta,59280,2,17-09-25,returned,Hyderabad,12%
FK-2048,Customer_1048,Clothing,Women's Kurta,37079,3,25-05-25,delivered,Hyd,6
FK-2049,Customer_1049,Books,Atomic Habits,32023,1,09-10-25,Canceled,Gurgaon,26
FK-2050,Customer_1050,Electronics,Sony Headphones,Rs. 65484,1,12-11-25,Shipped,Bengaluru,NULL
FK-2051,Customer_1051,Electronics,HP Pavilion Laptop,64041,2,13-05-26,Shipped,Chennai,10
FK-2052,Customer_1052,Beauty,Nivea Lotion,39520,5,03-04-26,Pending,BLR,10
FK-2053,Customer_1053,Electronics,Boat Airdopes,31443,1,27-04-25,Delivered,Mumbai,5
FK-2054,Customer_1054,Shoes,Nike Running Shoes,-68579,999,23-04-25,Returned,,4
FK-2055,Customer_1055,Electronics,HP Pavilion Laptop,₹899,1,21-02-25,returned,BLR,20
FK-2056,,Beauty,Maybelline Lipstick,21280,1,17-05-25,Canceled,Mumbai,15
FK-2057,Customer_1057,Electronics,Sony Headphones,43287,4,06-12-25,Canceled,,20
FK-2058,Customer_1058,BEAUTY,Nivea Lotion,46147,1,30-11-25,Delivered,Gurgaon,4
FK-2059,Customer_1059,Electronics,Apple iPhone 15,₹54441,1,01-08-25,Canceled,,19
FK-2060,Customer_1060,Clothing,Women's Kurta,58158,999,14-01-26,Shipped,BLR,N/A
FK-2061,Customer_1061,Electronics,Apple iPhone 15,74403,two,12-10-25,Delivered,BLR,
FK-2062,Customer_1062,Shoes,Puma Sneakers,5047,one,03-06-25,Delivered,Chennai,3
FK-2063,Customer_1063,Shoes,Puma Sneakers,Rs. 26532,1,04-09-25,delivered,Bengaluru,
FK-2064,Customer_1064,Home & Kitchen,Pigeon Gas Stove,55853,one,03-05-25,Returned,,
FK-2065,Customer_1065,home & kitchen,Milton Thermos,5494,2,07-03-26,Delivered,Gurgaon,30%
FK-2066,Customer_1066,Beauty,Lakme Eyeliner,Rs. 49523,4,16-07-25,Pending,Pune,20
FK-2067,Customer_1067,Clothing,Jeans,60803,5,05-04-26,Delivered,Gurgaon,NULL
FK-2068,Customer_1068,Clothing,Women's Kurta,₹33784,2,,Delivered,Chennai,17
FK-2069,Customer_1069,Home & Kitchen,Prestige Cooker,-27819,1,22-02-25,Delivered,Hyd,NULL
FK-2070,Customer_1070,Home & Kitchen,Pigeon Gas Stove,50728,,Apr 27 2025,Canceled,Hyd,25
FK-2071,,Shoes,Adidas Sliders,54061,1,03-12-25,returned,,22
FK-2072,Customer_1072,Beauty,Maybelline Lipstick,42707,1,02-09-25,Pending,BLR,7
FK-2073,Customer_1073,Shoes,Adidas Sliders,3996,1,06-07-25,Shipped,Gurgaon,5
FK-2074,Customer_1074,Beauty,Nivea Lotion,Rs. 24043,1,15-03-25,returned,Hyd,9
FK-2075,Customer_1075,Beauty,Lakme Eyeliner,50211,1,26-04-25,delivered,Hyderabad,25
2076,Customer_1076,Clothing,Men's T-Shirt,25821,2,15-05-26,Canceled,Kolkata,5%
FK-2077,Customer_1077,Electronics,Boat Airdopes,-8204,1,10-01-25,Canceled,Hyderabad,
FK-2078,Customer_1078,Beauty,Nivea Lotion,69109,1,06-11-25,Shipped,Gurgaon,5
FK-2079,Customer_1079,clothing,Jeans,12591,1,08-03-25,Delivered,Gurgaon,26
FK-2080,Customer_1080,Clothing,Jeans,8212,-1,03-01-25,Delivered,Mumbai,22
FK-2081,Customer_1081,Books,Python Crash Course,28362,1,03-01-26,delivered,Bengaluru,0
FK-2082,Customer_1082,Shoes,Nike Running Shoes,-74870,1,23-03-25,Shipped,Bengaluru,16
FK-2083,Customer_1083,Electronics,Boat Airdopes,21125,1,Jan 22 2025,returned,Delhi,7%
FK-2084,Customer_1084,Clothing,Saree,21622,1,01-08-25,Canceled,Chennai,18
FK-2085,Customer_1085,,Apple iPhone 15,39532,1,16-02-25,Pending,Hyd,9
FK-2086,Customer_1086,Shoes,Puma Sneakers,33937,1,13-12-25,delivered,Mumbai,13
FK-2087,Customer_1087,ELECTRONICS,Dell Mouse,23235,1,17-05-25,Canceled,Delhi,22%
FK-2088,Customer_1088,home & kitchen,Prestige Cooker,33392,5,16-01-25,Shipped,Kolkata,2
FK-2089,Customer_1089,Beauty,Maybelline Lipstick,35537,3,15-05-25,delivered,Kolkata,1%
FK-2090,Customer_1090,Shoes,Puma Sneakers,,1,02-12-25,returned,Hyderabad,19
FK-2091,Customer_1091,Books,Atomic Habits,57847,5,31-07-25,returned,Hyd,0
FK-2092,Customer_1092,Books,Dune,-54830,two,05-03-26,Shipped,Mumbai,9
FK-2093,Customer_1093,Beauty,Lakme Eyeliner,19570,1,29-03-25,Returned,Mumbai,27%
FK-2094,Customer_1094,Home & Kitchen,Milton Thermos,₹69394,1,16-03-25,Pending,BLR,2
FK-2095,Customer_1095,Shoes,Nike Running Shoes,,1,03-04-25,delivered,Hyderabad,8
FK-2096,Customer_1096,,Boat Airdopes,15682,-1,02-11-25,Returned,,N/A
FK-2097,Customer_1097,Home & Kitchen,Bajaj Iron,62474,2,04-05-26,Delivered,Kolkata,4%
FK-2098,Customer_1098,Shoes,Nike Running Shoes,979,,,Delivered,Kolkata,24
FK-2099,Customer_1099,home & kitchen,Bajaj Iron,,1,29-01-26,Delivered,Delhi,24
FK-2100,Customer_1100,Clothing,Saree,70032,1,10-01-25,Pending,Mumbai,8
FK-2101,Customer_1101,beauty,Lakme Eyeliner,57964,1,04-01-26,Canceled,Kolkata,12
FK-2102,Customer_1102,Electronics,HP Pavilion Laptop,₹52316,1,03-01-25,Canceled,Hyderabad,9%
FK-2103,Customer_1103,beauty,Maybelline Lipstick,₹64036,3,Jun 30 2025,Canceled,Pune,11
FK-2103,Customer_1103,beauty,Maybelline Lipstick,₹64036,3,Jun 30 2025,Canceled,Pune,11
FK-2104,Customer_1104,Clothing,Jeans,,1,14-03-25,Returned,Chennai,0%
FK-2104,Customer_1104,Clothing,Jeans,,1,14-03-25,Returned,Chennai,0%
FK-2105,Customer_1105,Shoes,Adidas Sliders,51689,1,15-06-25,Returned,Mumbai,29
FK-2106,Customer_1106,Electronics,HP Pavilion Laptop,43551,2,30-10-25,Shipped,Gurgaon,16
FK-2107,Customer_1107,Clothing,Jacket,41391,1,03-08-25,Returned,Pune,12
FK-2108,Customer_1108,BEAUTY,Lakme Eyeliner,64270,2,04-11-25,Pending,Gurgaon,7
FK-2109,Customer_1109,Clothing,Saree,39704,1,16-05-25,Returned,Hyderabad,9
FK-2110,Customer_1110,Electronics,Boat Airdopes,Rs. 13790,999,01-07-25,Delivered,Pune,4%
fk-2111,Customer_1111,HOME & KITCHEN,Pigeon Gas Stove,65619,1,29-01-25,Pending,Hyderabad,
FK-2112,Customer_1112,Home & Kitchen,Prestige Cooker,,1,21-03-25,delivered,BLR,2
FK-2113,Customer_1113,Clothing,Saree,27636,1,21-05-25,delivered,Chennai,26
FK-2114,Customer_1114,Books,Rich Dad Poor Dad,44141,1,,Shipped,Hyderabad,14
FK-2115,Customer_1115,Home & Kitchen,Bajaj Iron,73550,1,26-02-25,Delivered,Hyd,5
FK-2116,Customer_1116,Electronics,Sony Headphones,56886,1,26-01-25,Shipped,Mumbai,8
FK-2117,Customer_1117,Shoes,Nike Running Shoes,26705,999,16-05-26,Shipped,BLR,11
FK-2118,Customer_1118,Books,Atomic Habits,20454,3,06-04-26,Shipped,Gurgaon,1
FK-2119,Customer_1119,Home & Kitchen,Bajaj Iron,₹18578,1,06-01-25,Canceled,Mumbai,23
FK-2120,Customer_1120,Home & Kitchen,Bajaj Iron,Rs. 70390,1,May 16 2026,Pending,Hyd,5
FK-2121,Customer_1121,Electronics,Samsung Galaxy M14,45543,1,16-12-25,delivered,Pune,0
FK-2122,Customer_1122,Shoes,Adidas Sliders,-5018,2,27-03-26,delivered,,11
FK-2123,Customer_1123,books,Dune,47271,1,26-11-25,Returned,Pune,15
FK-2124,Customer_1124,Books,Atomic Habits,,2,08-04-25,Shipped,Gurgaon,3
FK-2125,Customer_1125,Home & Kitchen,Pigeon Gas Stove,18326,1,,returned,Hyderabad,N/A
FK-2126,Customer_1126,Electronics,Sony Headphones,Rs. 69708,1,17-05-25,Canceled,BLR,9
FK-2127,Customer_1127,Beauty,Nivea Lotion,69238,1,24-11-25,returned,Delhi,13
FK-2128,Customer_1128,Electronics,Boat Airdopes,₹44148,1,14-09-25,Shipped,Pune,3
FK-2129,Customer_1129,Clothing,Jeans,52901,1,05-12-25,Shipped,Hyd,7%
FK-2130,Customer_1130,SHOES,Puma Sneakers,57344,4,11-02-25,Shipped,Chennai,21
FK-2131,Customer_1131,Beauty,Lakme Eyeliner,18886,1,10-05-25,Shipped,Pune,7
FK-2132,Customer_1132,Home & Kitchen,Pigeon Gas Stove,46626,3,01-06-25,Pending,Hyd,28
FK-2133,Customer_1133,Books,Atomic Habits,42955,1,25-06-25,Canceled,Kolkata,N/A
FK-2134,Customer_1134,,Sony Headphones,₹48908,one,,Canceled,Kolkata,24
fk-2135,Customer_1135,Beauty,Maybelline Lipstick,74680,5,06-05-25,Canceled,Gurgaon,23
FK-2136,Customer_1136,Beauty,Maybelline Lipstick,48720,1,28-03-25,Pending,Gurgaon,24
FK-2137,Customer_1137,Books,Atomic Habits,71700,4,21-08-25,Delivered,Gurgaon,6
2138,Customer_1138,home & kitchen,Bajaj Iron,61367,1,Feb 23 2025,Canceled,,9
FK-2139,Customer_1139,Home & Kitchen,Prestige Cooker,65921,1,12-10-25,Canceled,Gurgaon,5
FK-2140,Customer_1140,Clothing,Jacket,69805,1,10-03-26,Canceled,Pune,NULL
FK-2141,Customer_1141,Clothing,Saree,23074,1,15-04-26,Delivered,Gurgaon,
FK-2142,Customer_1142,Electronics,Samsung Galaxy M14,₹34782,3,20-12-25,Delivered,Hyd,
FK-2143,Customer_1143,Books,Dune,₹74800,1,12-01-26,Canceled,Kolkata,24%
FK-2144,Customer_1144,Shoes,Puma Sneakers,Rs. 60364,1,28-03-26,Delivered,BLR,0
2145,Customer_1145,Books,Dune,,,24-03-25,returned,Delhi,11
FK-2146,Customer_1146,Home & Kitchen,Bajaj Iron,15612,3,03-03-25,Shipped,Pune,N/A
FK-2147,Customer_1147,Home & Kitchen,Prestige Cooker,56150,2,15-04-26,Canceled,Chennai,
FK-2148,Customer_1148,Clothing,Men's T-Shirt,60822,3,21-09-25,Canceled,Gurgaon,
FK-2149,Customer_1149,Electronics,Samsung Galaxy M14,5459,1,Feb 15 2025,Shipped,Bengaluru,8
FK-2150,Customer_1150,electronics,Boat Airdopes,58900,1,15-08-25,Canceled,Bengaluru,21
FK-2151,Customer_1151,Electronics,HP Pavilion Laptop,13027,1,10-11-25,Delivered,Delhi,15
FK-2152,Customer_1152,Beauty,Maybelline Lipstick,46889,1,17-01-25,Pending,Kolkata,4
FK-2153,Customer_1153,Shoes,Adidas Sliders,12672,3,31-08-25,Pending,,N/A
FK-2154,Customer_1154,home & kitchen,Bajaj Iron,17753,two,28-10-25,Returned,Delhi,14
FK-2155,,Beauty,Maybelline Lipstick,,3,21-04-25,Shipped,Chennai,30
FK-2156,Customer_1156,Electronics,Dell Mouse,-63013,1,14-02-25,returned,BLR,1
FK-2157,Customer_1157,Beauty,Lakme Eyeliner,71296,1,22-04-25,Pending,Pune,22
FK-2158,Customer_1158,Books,Rich Dad Poor Dad,37434,,02-02-26,Canceled,Hyd,5
FK-2159,Customer_1159,books,Python Crash Course,₹40410,1,20-07-25,delivered,Pune,1
FK-2160,Customer_1160,beauty,Maybelline Lipstick,8375,1,09-11-25,Delivered,Kolkata,3
FK-2161,Customer_1161,Electronics,Samsung Galaxy M14,10138,1,24-02-26,returned,BLR,6
FK-2162,Customer_1162,ELECTRONICS,HP Pavilion Laptop,25303,3,25-06-25,Pending,Chennai,5
FK-2163,Customer_1163,Home & Kitchen,Bajaj Iron,7408,1,21-04-26,Pending,Delhi,17
FK-2164,Customer_1164,beauty,Nivea Lotion,60194,1,Feb 02 2025,returned,Mumbai,25
FK-2165,Customer_1165,shoes,Nike Running Shoes,24939,1,04-02-25,Shipped,,3%
FK-2166,Customer_1166,Shoes,Puma Sneakers,56630,1,,Shipped,BLR,12
FK-2167,Customer_1167,Shoes,Puma Sneakers,68079,1,31-07-25,Pending,Pune,23
FK-2168,Customer_1168,clothing,Women's Kurta,20980,1,27-08-25,returned,Mumbai,9%
FK-2169,Customer_1169,Electronics,Boat Airdopes,Rs. 32377,2,Apr 13 2026,delivered,,
FK-2170,Customer_1170,Electronics,Apple iPhone 15,22247,2,19-05-25,returned,Hyd,
FK-2171,Customer_1171,Beauty,Nivea Lotion,57267,1,18-02-25,Returned,Pune,N/A
FK-2172,Customer_1172,clothing,Men's T-Shirt,15767,1,19-02-25,delivered,Gurgaon,16
FK-2173,Customer_1173,Books,Python Crash Course,60929,1,31-03-26,Delivered,Chennai,13
FK-2174,Customer_1174,Electronics,HP Pavilion Laptop,8459,1,21-02-25,Returned,Pune,5
FK-2175,Customer_1175,Home & Kitchen,Pigeon Gas Stove,56262,1,08-01-25,Canceled,,9%
FK-2176,Customer_1176,Beauty,Lakme Eyeliner,5893,3,13-05-26,delivered,Hyderabad,1
FK-2177,Customer_1177,,Sony Headphones,31217,3,13-01-25,Canceled,Hyderabad,17
FK-2178,Customer_1178,Books,Rich Dad Poor Dad,Rs. 1638,1,08-03-25,Pending,Gurgaon,3
FK-2179,Customer_1179,Clothing,Saree,59292,,03-04-26,Returned,Delhi,11
2180,Customer_1180,Shoes,Nike Running Shoes,₹5835,1,03-02-26,Returned,Delhi,16
FK-2181,Customer_1181,Electronics,Sony Headphones,58993,1,08-11-25,Shipped,BLR,23
FK-2182,Customer_1182,books,Rich Dad Poor Dad,48444,-1,03-04-26,Returned,Mumbai,N/A
FK-2183,Customer_1183,Shoes,Adidas Sliders,17600,1,26-03-25,Delivered,Kolkata,3
FK-2184,Customer_1184,Beauty,Lakme Eyeliner,43729,-1,11-06-25,Shipped,Chennai,25
FK-2185,Customer_1185,Electronics,Dell Mouse,Rs. 21840,one,07-01-25,returned,,8
FK-2186,Customer_1186,beauty,Nivea Lotion,₹16790,4,20-03-25,Canceled,Chennai,19
FK-2186,Customer_1186,beauty,Nivea Lotion,₹16790,4,20-03-25,Canceled,Chennai,19
fk-2187,Customer_1187,electronics,Apple iPhone 15,,3,Mar 12 2025,Returned,Chennai,N/A
FK-2188,Customer_1188,Home & Kitchen,Milton Thermos,11342,4,20-02-26,Pending,Hyderabad,25
FK-2189,Customer_1189,Shoes,Puma Sneakers,57385,3,14-04-25,Delivered,Chennai,N/A
FK-2190,Customer_1190,Books,Rich Dad Poor Dad,32750,1,Jul 16 2025,Pending,Hyd,30
FK-2191,Customer_1191,Beauty,Nivea Lotion,₹917,1,02-02-25,Canceled,Kolkata,20
FK-2192,Customer_1192,Electronics,Apple iPhone 15,,1,09-11-25,Canceled,BLR,14
FK-2193,Customer_1193,Shoes,Puma Sneakers,4998,2,24-06-25,Delivered,Bengaluru,3
FK-2194,Customer_1194,Clothing,Men's T-Shirt,8294,3,Dec 26 2025,returned,,25%
2195,Customer_1195,electronics,Apple iPhone 15,68846,2,Apr 04 2025,delivered,Bengaluru,14
FK-2196,Customer_1196,Books,Atomic Habits,32668,1,01-12-25,Pending,Pune,19
FK-2197,Customer_1197,Beauty,Maybelline Lipstick,72618,1,08-05-25,Shipped,Mumbai,11
FK-2198,Customer_1198,Home & Kitchen,Milton Thermos,60192,1,05-04-26,returned,,N/A
FK-2199,Customer_1199,Beauty,Maybelline Lipstick,67342,1,10-04-25,Canceled,Pune,
FK-2200,Customer_1200,home & kitchen,Bajaj Iron,30782,2,05-09-25,Shipped,Kolkata,9
fk-2201,Customer_1201,Electronics,Samsung Galaxy M14,₹6685,1,18-03-26,Pending,Hyd,5
FK-2202,Customer_1202,Shoes,Puma Sneakers,46383,1,31-03-26,Returned,Gurgaon,3
FK-2203,,Home & Kitchen,Pigeon Gas Stove,18138,-1,14-09-25,Canceled,BLR,1%
FK-2204,Customer_1204,Clothing,Jacket,50821,1,04-05-25,Delivered,Bengaluru,5
FK-2205,Customer_1205,,Sony Headphones,7574,1,23-02-26,delivered,Kolkata,29
FK-2206,Customer_1206,electronics,Apple iPhone 15,₹68404,3,,delivered,Gurgaon,
FK-2207,Customer_1207,Electronics,HP Pavilion Laptop,Rs. 27670,3,05-08-25,Pending,Kolkata,29%
FK-2208,Customer_1208,Home & Kitchen,Bajaj Iron,Rs. 73983,2,05-10-25,Returned,Gurgaon,17
2209,Customer_1209,Shoes,Adidas Sliders,Rs. 42736,1,30-04-25,returned,Pune,2
FK-2210,Customer_1210,Clothing,Jeans,32195,1,19-09-25,Delivered,Mumbai,11
FK-2211,Customer_1211,Clothing,Saree,21099,1,27-01-25,Shipped,Kolkata,20
FK-2212,Customer_1212,Shoes,Adidas Sliders,₹916,1,Jan 11 2025,delivered,Hyderabad,4
FK-2213,Customer_1213,,Apple iPhone 15,Rs. 1851,1,08-03-26,Returned,Chennai,15
FK-2214,Customer_1214,Home & Kitchen,Prestige Cooker,26896,2,01-07-25,Canceled,Delhi,N/A
FK-2215,Customer_1215,beauty,Maybelline Lipstick,52030,1,26-07-25,Pending,Kolkata,0
FK-2216,Customer_1216,Clothing,Jacket,39991,1,02-03-26,Shipped,Pune,29%
FK-2217,Customer_1217,Home & Kitchen,Bajaj Iron,-45676,1,,Pending,,18
FK-2218,Customer_1218,Home & Kitchen,Pigeon Gas Stove,7065,2,21-09-25,Pending,Kolkata,1
FK-2219,Customer_1219,clothing,Men's T-Shirt,67240,1,02-03-25,Shipped,Kolkata,
FK-2220,Customer_1220,Shoes,Nike Running Shoes,17110,1,08-02-26,Pending,Gurgaon,12%
FK-2221,Customer_1221,Electronics,Apple iPhone 15,4268,3,14-01-25,delivered,Hyd,
FK-2222,Customer_1222,Beauty,Nivea Lotion,57677,1,04-02-25,Canceled,BLR,30
2223,Customer_1223,Electronics,Dell Mouse,74001,2,30-11-25,Pending,Mumbai,18
FK-2224,Customer_1224,Electronics,Dell Mouse,37938,,16-08-25,Returned,Hyd,20
FK-2225,Customer_1225,Beauty,Lakme Eyeliner,41228,3,Dec 08 2025,Canceled,Delhi,23
FK-2226,,Clothing,Jeans,2479,5,17-08-25,Pending,Delhi,13
FK-2227,Customer_1227,Electronics,HP Pavilion Laptop,36773,4,16-09-25,Pending,Bengaluru,4
FK-2228,Customer_1228,Home & Kitchen,Prestige Cooker,23788,1,25-05-25,Pending,Chennai,18
FK-2229,Customer_1229,Clothing,Jacket,54366,1,28-03-25,returned,Pune,27
FK-2230,Customer_1230,Home & Kitchen,Milton Thermos,58445,2,11-10-25,Returned,Pune,15
FK-2231,Customer_1231,shoes,Nike Running Shoes,Rs. 44508,two,16-03-26,Pending,Pune,NULL
FK-2232,Customer_1232,Home & Kitchen,Milton Thermos,-26800,1,31-03-25,returned,,N/A
FK-2233,Customer_1233,Home & Kitchen,Prestige Cooker,2485,1,19-11-25,delivered,Mumbai,
FK-2234,Customer_1234,Shoes,Puma Sneakers,16408,1,11-03-26,Returned,BLR,26
FK-2235,Customer_1235,,Sony Headphones,14186,2,31-12-25,delivered,Hyd,11
FK-2236,Customer_1236,Beauty,Lakme Eyeliner,67092,1,23-11-25,Pending,Hyd,6
FK-2237,Customer_1237,Electronics,Samsung Galaxy M14,37319,1,12-04-26,Returned,Mumbai,16%
FK-2238,Customer_1238,Shoes,Puma Sneakers,35284,1,31-12-25,Shipped,Gurgaon,19
FK-2239,Customer_1239,Clothing,Women's Kurta,Rs. 35468,2,02-08-25,returned,Mumbai,11
2240,Customer_1240,Home & Kitchen,Pigeon Gas Stove,68920,1,18-09-25,Delivered,Mumbai,26
FK-2241,Customer_1241,Shoes,Adidas Sliders,32030,1,,Shipped,Mumbai,29
FK-2242,Customer_1242,Clothing,Men's T-Shirt,-35311,3,,Pending,Delhi,15%
2243,,Beauty,Lakme Eyeliner,3651,2,26-05-25,returned,Gurgaon,21
fk-2244,Customer_1244,Clothing,Men's T-Shirt,Rs. 64551,1,28-06-25,Delivered,BLR,N/A
FK-2245,Customer_1245,Electronics,Samsung Galaxy M14,29623,2,Jun 14 2025,Shipped,Hyderabad,6%
FK-2246,,Electronics,Sony Headphones,Rs. 28026,1,02-12-25,returned,BLR,20
FK-2247,Customer_1247,Beauty,Nivea Lotion,5437,1,31-12-25,Shipped,,6
FK-2248,Customer_1248,Shoes,Nike Running Shoes,24409,1,29-01-25,Delivered,Chennai,26
FK-2249,Customer_1249,Books,Python Crash Course,34419,1,27-01-25,returned,Kolkata,24
FK-2250,Customer_1250,Clothing,Jacket,74845,2,21-03-25,Pending,Mumbai,19
FK-2251,Customer_1251,Beauty,Lakme Eyeliner,21354,2,13-11-25,Returned,BLR,15
FK-2252,Customer_1252,,Boat Airdopes,₹18952,1,21-10-25,Pending,Chennai,
FK-2253,Customer_1253,Books,Python Crash Course,66106,1,22-02-25,Canceled,Pune,6
FK-2254,Customer_1254,Electronics,Boat Airdopes,74398,1,27-12-25,Pending,BLR,8
FK-2255,Customer_1255,BOOKS,Dune,39091,1,14-12-25,Pending,Kolkata,5%
FK-2256,Customer_1256,Electronics,Boat Airdopes,₹34833,1,24-09-25,Canceled,BLR,16
FK-2257,Customer_1257,Shoes,Nike Running Shoes,32150,2,01-04-26,Returned,Hyd,21
FK-2258,Customer_1258,Shoes,Puma Sneakers,₹11981,1,25-09-25,Pending,Hyderabad,24
FK-2259,Customer_1259,Beauty,Lakme Eyeliner,20407,1,04-02-26,Pending,Pune,19
FK-2260,Customer_1260,Electronics,Boat Airdopes,11272,3,18-07-25,Pending,Chennai,20
FK-2261,Customer_1261,Home & Kitchen,Pigeon Gas Stove,29249,2,03-03-26,returned,Bengaluru,1
FK-2261,Customer_1261,Home & Kitchen,Pigeon Gas Stove,29249,2,03-03-26,returned,Bengaluru,1
FK-2262,Customer_1262,Clothing,Jeans,50738,2,24-03-25,Returned,Hyd,18%
FK-2263,Customer_1263,clothing,Jacket,44043,1,14-03-25,returned,Hyd,26%
FK-2264,Customer_1264,Clothing,Jacket,₹41942,,08-07-25,Shipped,Hyderabad,13
FK-2265,Customer_1265,Clothing,Jeans,18283,3,02-06-25,Shipped,Kolkata,30
FK-2266,Customer_1266,Clothing,Jeans,44599,1,16-03-25,Returned,Bengaluru,15
FK-2267,Customer_1267,Clothing,Jeans,Rs. 31295,1,20-11-25,Pending,Delhi,13
FK-2268,Customer_1268,,Boat Airdopes,15057,3,18-01-25,Pending,Delhi,7
FK-2269,,Shoes,Nike Running Shoes,,999,19-07-25,Returned,,18
FK-2270,Customer_1270,Home & Kitchen,Bajaj Iron,53694,1,24-10-25,Shipped,Gurgaon,6
FK-2271,Customer_1271,beauty,Nivea Lotion,30812,1,31-01-26,Canceled,Chennai,1%
fk-2272,Customer_1272,Clothing,Saree,71915,2,31-05-25,Shipped,Mumbai,13%
FK-2273,Customer_1273,Clothing,Women's Kurta,61514,2,03-05-25,delivered,Pune,NULL
FK-2274,Customer_1274,Shoes,Nike Running Shoes,62382,1,23-03-25,Shipped,,16
FK-2275,Customer_1275,Clothing,Jacket,₹3902,1,05-04-26,Shipped,,10
FK-2276,Customer_1276,Home & Kitchen,Pigeon Gas Stove,-73979,2,03-02-26,Pending,Chennai,19
FK-2277,,Electronics,Sony Headphones,Rs. 13748,-1,05-03-25,Returned,Hyd,16
FK-2278,Customer_1278,Electronics,Sony Headphones,38296,1,24-07-25,Shipped,Bengaluru,25
2279,Customer_1279,Home & Kitchen,Pigeon Gas Stove,27195,1,16-09-25,Delivered,Gurgaon,13
FK-2280,Customer_1280,Books,Python Crash Course,21537,1,18-08-25,Returned,BLR,8
FK-2281,Customer_1281,clothing,Men's T-Shirt,66804,1,09-03-26,Shipped,Pune,0
FK-2282,Customer_1282,Home & Kitchen,Milton Thermos,15777,1,14-10-25,Shipped,Gurgaon,4
2283,Customer_1283,books,Python Crash Course,49664,3,Aug 30 2025,Canceled,Chennai,1
FK-2284,Customer_1284,Books,Dune,9383,1,Mar 04 2026,Shipped,Hyderabad,
FK-2285,Customer_1285,Books,Dune,30713,1,04-02-26,Pending,Chennai,19
fk-2286,Customer_1286,clothing,Saree,62066,3,31-08-25,Canceled,Delhi,7
FK-2287,Customer_1287,Electronics,Boat Airdopes,12495,1,13-11-25,delivered,Hyderabad,15
FK-2288,Customer_1288,Shoes,Nike Running Shoes,25603,1,13-05-25,Canceled,Pune,17
FK-2289,Customer_1289,Books,Dune,61016,two,19-05-25,Canceled,Bengaluru,6
FK-2290,Customer_1290,Clothing,Men's T-Shirt,6369,1,22-06-25,Delivered,BLR,3
FK-2291,Customer_1291,,Boat Airdopes,41789,1,20-04-25,returned,BLR,23
FK-2292,Customer_1292,Books,Rich Dad Poor Dad,29825,1,30-03-26,Canceled,,
FK-2293,Customer_1293,Shoes,Adidas Sliders,74038,1,16-05-25,Pending,Pune,4
FK-2294,Customer_1294,,Samsung Galaxy M14,10637,1,18-06-25,returned,Bengaluru,15
FK-2295,Customer_1295,Home & Kitchen,Prestige Cooker,,1,09-08-25,Shipped,Chennai,27%
FK-2296,Customer_1296,Beauty,Lakme Eyeliner,48303,3,07-12-25,Delivered,,25%
FK-2297,Customer_1297,Beauty,Maybelline Lipstick,,1,18-04-26,Delivered,Hyderabad,7
FK-2298,Customer_1298,Books,Python Crash Course,59897,1,12-07-25,Delivered,Gurgaon,19
FK-2299,Customer_1299,shoes,Nike Running Shoes,34476,,23-01-26,Shipped,Hyd,6
FK-2300,Customer_1300,Home & Kitchen,Bajaj Iron,58702,1,25-10-25,Delivered,Hyd,12
FK-2301,Customer_1301,Clothing,Jeans,52594,2,03-05-25,Returned,Delhi,3
2302,,Shoes,Nike Running Shoes,38194,3,30-07-25,Returned,Bengaluru,4
FK-2303,Customer_1303,Shoes,Nike Running Shoes,Rs. 27729,1,27-12-25,Canceled,Chennai,9
FK-2304,,HOME & KITCHEN,Bajaj Iron,62435,2,12-05-25,delivered,Kolkata,28%
FK-2305,Customer_1305,Books,Dune,20557,4,09-12-25,Returned,Mumbai,NULL
FK-2306,Customer_1306,Home & Kitchen,Milton Thermos,72663,1,03-12-25,delivered,Chennai,9%
FK-2307,Customer_1307,Clothing,Jacket,Rs. 22451,1,14-06-25,Pending,Delhi,20%
FK-2308,Customer_1308,Books,Python Crash Course,20640,1,05-03-25,returned,Hyd,5
FK-2309,Customer_1309,Books,Dune,27775,1,13-12-25,returned,Hyderabad,12
FK-2310,Customer_1310,Clothing,Jacket,,1,14-05-26,Shipped,Gurgaon,1
FK-2311,,Shoes,Nike Running Shoes,11251,4,30-07-25,Returned,Hyd,3
FK-2312,Customer_1312,Home & Kitchen,Bajaj Iron,16713,1,Sep 13 2025,Delivered,Chennai,27
fk-2313,Customer_1313,Clothing,Jacket,Rs. 71463,4,Aug 13 2025,Pending,Hyderabad,20
FK-2314,Customer_1314,Clothing,Jacket,47572,3,26-10-25,Returned,BLR,0
FK-2315,Customer_1315,Books,Python Crash Course,5804,1,Sep 29 2025,Pending,Hyd,15
2316,Customer_1316,Shoes,Adidas Sliders,16411,1,10-04-26,delivered,Pune,15
FK-2317,Customer_1317,Beauty,Maybelline Lipstick,₹25502,1,20-03-26,returned,Hyderabad,17
FK-2318,Customer_1318,Clothing,Jeans,Rs. 66273,4,30-04-26,Returned,BLR,23
fk-2319,Customer_1319,clothing,Jeans,29417,1,16-05-25,Canceled,,9
FK-2320,Customer_1320,Electronics,Boat Airdopes,₹12148,1,25-03-25,returned,Delhi,13
FK-2321,Customer_1321,Books,Dune,14991,1,11-07-25,delivered,Hyd,19
2322,Customer_1322,Beauty,Lakme Eyeliner,-36795,1,05-01-25,Pending,Hyderabad,NULL
FK-2323,Customer_1323,Clothing,Men's T-Shirt,32693,1,30-12-25,Shipped,,N/A
FK-2324,Customer_1324,Electronics,Samsung Galaxy M14,64309,3,10-02-25,Canceled,,17%
FK-2325,Customer_1325,Books,Atomic Habits,37756,1,22-11-25,Delivered,Delhi,6
FK-2326,Customer_1326,Home & Kitchen,Milton Thermos,14791,2,09-02-26,Canceled,Kolkata,14
FK-2327,Customer_1327,HOME & KITCHEN,Milton Thermos,,1,Dec 03 2025,Pending,Pune,4
FK-2328,Customer_1328,Books,Rich Dad Poor Dad,44595,,22-05-25,delivered,Kolkata,28
FK-2329,Customer_1329,Clothing,Women's Kurta,19902,1,11-11-25,Shipped,Delhi,
FK-2330,Customer_1330,Electronics,Sony Headphones,-48206,1,,Pending,Mumbai,29
2331,Customer_1331,Shoes,Puma Sneakers,₹11570,1,10-10-25,Delivered,BLR,N/A
FK-2332,Customer_1332,Books,Atomic Habits,39959,1,05-04-26,Canceled,Gurgaon,16
FK-2333,,Home & Kitchen,Milton Thermos,53160,1,17-05-25,Canceled,Kolkata,27
FK-2334,Customer_1334,Shoes,Nike Running Shoes,70060,5,08-05-25,Shipped,Delhi,12
FK-2335,Customer_1335,Books,Rich Dad Poor Dad,56221,1,12-04-26,delivered,Mumbai,25
FK-2336,Customer_1336,Home & Kitchen,Bajaj Iron,23947,2,25-10-25,Canceled,Bengaluru,4
FK-2337,Customer_1337,Shoes,Adidas Sliders,52628,4,21-04-25,Pending,Hyderabad,14
FK-2338,Customer_1338,Shoes,Adidas Sliders,63566,1,06-01-25,Delivered,,
FK-2339,Customer_1339,Electronics,Boat Airdopes,4615,1,,Returned,Pune,N/A
FK-2340,Customer_1340,Clothing,Men's T-Shirt,14452,1,14-01-26,Shipped,Pune,28%
FK-2341,Customer_1341,Shoes,Adidas Sliders,44703,1,14-10-25,Shipped,Pune,8
FK-2342,Customer_1342,Books,Atomic Habits,4379,1,17-11-25,returned,Delhi,
FK-2343,Customer_1343,Books,Atomic Habits,74130,1,Oct 23 2025,Delivered,Kolkata,20
FK-2344,Customer_1344,Home & Kitchen,Prestige Cooker,32108,1,18-03-25,Shipped,Hyd,N/A
FK-2345,Customer_1345,,HP Pavilion Laptop,,1,16-04-25,delivered,Chennai,8%
FK-2346,Customer_1346,BOOKS,Atomic Habits,55524,1,08-02-25,Pending,Chennai,21
FK-2347,Customer_1347,,Dell Mouse,Rs. 16332,1,13-04-26,Canceled,Delhi,7
fk-2348,Customer_1348,home & kitchen,Prestige Cooker,₹16518,4,Mar 08 2026,Delivered,BLR,8
FK-2349,Customer_1349,,Apple iPhone 15,40947,1,04-11-25,Canceled,BLR,13
FK-2350,Customer_1350,Clothing,Jeans,24339,1,21-02-26,Pending,BLR,N/A
FK-2351,Customer_1351,Shoes,Puma Sneakers,40195,1,05-08-25,delivered,Gurgaon,11%
FK-2352,Customer_1352,Electronics,Samsung Galaxy M14,Rs. 71818,1,05-03-26,Pending,Gurgaon,20
FK-2353,Customer_1353,Books,Python Crash Course,10458,1,16-01-25,returned,Pune,22
fk-2354,Customer_1354,beauty,Maybelline Lipstick,52379,3,20-04-26,Delivered,Bengaluru,
FK-2355,Customer_1355,Clothing,Jeans,37514,1,Feb 10 2025,delivered,Hyd,4
fk-2356,,Books,Python Crash Course,38326,2,20-01-26,delivered,Chennai,24
FK-2357,Customer_1357,Books,Dune,45386,4,08-08-25,Canceled,Pune,27
FK-2358,Customer_1358,home & kitchen,Prestige Cooker,46673,two,10-04-26,Canceled,Gurgaon,20%
FK-2359,Customer_1359,books,Python Crash Course,Rs. 11723,1,08-06-25,Delivered,Gurgaon,0
FK-2360,Customer_1360,Beauty,Nivea Lotion,480,1,25-10-25,returned,Kolkata,
FK-2361,Customer_1361,HOME & KITCHEN,Pigeon Gas Stove,₹22744,2,Jan 09 2026,delivered,Kolkata,18
FK-2362,Customer_1362,Home & Kitchen,Prestige Cooker,21071,999,,returned,Kolkata,0
2363,Customer_1363,Beauty,Maybelline Lipstick,30668,1,08-05-26,delivered,Mumbai,13
FK-2364,Customer_1364,Books,Dune,,1,08-10-25,Returned,Gurgaon,29
FK-2365,Customer_1365,Beauty,Maybelline Lipstick,49960,1,Nov 01 2025,Shipped,BLR,0
FK-2366,Customer_1366,CLOTHING,Saree,67555,1,Jan 17 2025,returned,,NULL
FK-2367,Customer_1367,Electronics,HP Pavilion Laptop,18349,1,14-02-26,delivered,Gurgaon,12
FK-2368,Customer_1368,Shoes,Nike Running Shoes,Rs. 6419,two,27-03-25,Pending,Delhi,N/A
FK-2369,Customer_1369,shoes,Adidas Sliders,38018,1,20-08-25,Returned,Bengaluru,10
FK-2370,Customer_1370,ELECTRONICS,Sony Headphones,,1,01-03-25,returned,BLR,1
2371,Customer_1371,Shoes,Nike Running Shoes,66376,1,08-09-25,Returned,BLR,17
FK-2372,Customer_1372,Beauty,Maybelline Lipstick,₹23150,2,18-03-26,delivered,,16
FK-2373,Customer_1373,Beauty,Lakme Eyeliner,10974,1,19-11-25,returned,Bengaluru,
FK-2374,Customer_1374,Beauty,Lakme Eyeliner,10708,1,Mar 05 2025,Canceled,,20
FK-2375,Customer_1375,Shoes,Nike Running Shoes,Rs. 40804,2,18-05-25,Pending,Pune,1
FK-2376,Customer_1376,Books,Python Crash Course,60025,2,21-03-26,delivered,Mumbai,9%
FK-2377,Customer_1377,Home & Kitchen,Pigeon Gas Stove,38049,3,27-08-25,Delivered,BLR,4
FK-2378,Customer_1378,Home & Kitchen,Bajaj Iron,4871,2,24-10-25,delivered,Delhi,2
FK-2379,Customer_1379,,Dell Mouse,16158,2,31-07-25,returned,Hyderabad,26
FK-2380,Customer_1380,Clothing,Saree,17492,2,17-01-25,Returned,Hyderabad,24
FK-2381,Customer_1381,Beauty,Nivea Lotion,-43218,1,21-04-25,Pending,BLR,6%
FK-2382,Customer_1382,Books,Dune,Rs. 65068,1,05-09-25,returned,BLR,N/A
FK-2383,Customer_1383,Beauty,Nivea Lotion,Rs. 23928,1,19-01-26,Delivered,Delhi,2
FK-2384,Customer_1384,Shoes,Nike Running Shoes,Rs. 50678,1,,returned,BLR,3
2385,Customer_1385,,Apple iPhone 15,68468,1,14-02-26,Shipped,Kolkata,22
FK-2386,Customer_1386,Home & Kitchen,Milton Thermos,7272,1,28-06-25,Shipped,BLR,16
FK-2387,Customer_1387,Electronics,Dell Mouse,59243,1,16-01-25,delivered,Hyderabad,0
FK-2388,Customer_1388,Shoes,Nike Running Shoes,64489,1,03-05-26,Canceled,Hyd,27
FK-2389,Customer_1389,Home & Kitchen,Pigeon Gas Stove,63461,1,07-03-26,Returned,Gurgaon,12
2390,Customer_1390,,Sony Headphones,52136,2,26-01-26,returned,Gurgaon,3
2391,Customer_1391,clothing,Jeans,-22306,2,15-04-25,Shipped,Chennai,22%
FK-2392,Customer_1392,Clothing,Men's T-Shirt,₹1914,1,21-05-25,delivered,Mumbai,25
FK-2393,Customer_1393,,Samsung Galaxy M14,59817,-1,27-06-25,Delivered,,
FK-2394,Customer_1394,Home & Kitchen,Bajaj Iron,6976,2,31-07-25,Pending,Hyd,25
FK-2395,Customer_1395,Books,Python Crash Course,Rs. 3391,1,Feb 19 2026,Delivered,Hyd,18
2396,Customer_1396,Electronics,Apple iPhone 15,55349,1,18-05-25,returned,Mumbai,21
FK-2397,Customer_1397,Clothing,Saree,3649,2,,Delivered,Gurgaon,22
FK-2398,Customer_1398,Electronics,Apple iPhone 15,53924,1,10-02-25,Pending,Chennai,25
FK-2399,Customer_1399,Books,Python Crash Course,56022,1,21-02-25,returned,,
FK-2400,Customer_1400,Beauty,Nivea Lotion,3609,1,11-01-26,Returned,BLR,13%
FK-2401,Customer_1401,Home & Kitchen,Milton Thermos,55469,,20-08-25,Canceled,Gurgaon,22
FK-2402,Customer_1402,Shoes,Adidas Sliders,37757,1,12-01-25,Delivered,Hyderabad,8
FK-2403,Customer_1403,ELECTRONICS,HP Pavilion Laptop,,1,13-05-26,Shipped,Bengaluru,25
FK-2404,Customer_1404,clothing,Jeans,Rs. 73215,1,23-12-25,Returned,Gurgaon,3%
2405,Customer_1405,Shoes,Puma Sneakers,₹14500,1,19-03-25,Returned,Hyderabad,27
FK-2406,Customer_1406,Home & Kitchen,Bajaj Iron,44447,2,11-08-25,Delivered,Gurgaon,30%
FK-2407,Customer_1407,Clothing,Jeans,32679,1,19-04-26,delivered,Chennai,14
FK-2408,,home & kitchen,Milton Thermos,4057,4,21-04-26,Delivered,Chennai,25
FK-2409,,Home & Kitchen,Milton Thermos,40672,1,19-02-25,Returned,Delhi,10
FK-2410,Customer_1410,Home & Kitchen,Pigeon Gas Stove,8792,one,15-06-25,Delivered,,N/A
2411,Customer_1411,Shoes,Nike Running Shoes,29590,1,Jan 31 2025,Canceled,Chennai,10%
FK-2412,Customer_1412,Clothing,Saree,₹634,2,17-02-26,Returned,Hyd,16
FK-2413,Customer_1413,Books,Python Crash Course,7331,1,28-03-25,delivered,Gurgaon,24%
FK-2414,Customer_1414,Books,Dune,₹36112,1,11-10-25,delivered,Mumbai,5
FK-2415,Customer_1415,Electronics,Boat Airdopes,-29188,1,01-05-25,Shipped,,0
FK-2416,Customer_1416,Shoes,Adidas Sliders,,1,,Delivered,Chennai,
FK-2417,Customer_1417,Shoes,Puma Sneakers,71884,2,Oct 29 2025,Shipped,Mumbai,N/A
FK-2418,Customer_1418,Electronics,Dell Mouse,29450,1,11-04-25,Delivered,Pune,0
FK-2419,Customer_1419,Beauty,Maybelline Lipstick,Rs. 15178,5,10-01-25,Canceled,Delhi,18%
FK-2420,Customer_1420,Home & Kitchen,Pigeon Gas Stove,61723,1,20-08-25,Delivered,BLR,3
FK-2420,Customer_1420,Home & Kitchen,Pigeon Gas Stove,61723,1,20-08-25,Delivered,BLR,3
FK-2421,Customer_1421,Clothing,Jeans,46676,2,10-02-25,delivered,Delhi,30
FK-2422,Customer_1422,Electronics,Samsung Galaxy M14,67113,2,16-06-25,Shipped,Delhi,
FK-2423,Customer_1423,Clothing,Jeans,33583,1,12-03-25,Canceled,Chennai,4
FK-2424,,books,Atomic Habits,₹50977,1,22-06-25,returned,Gurgaon,9
FK-2425,Customer_1425,Shoes,Adidas Sliders,4108,1,17-05-25,delivered,Gurgaon,6
FK-2426,Customer_1426,home & kitchen,Milton Thermos,24159,1,04-03-25,Shipped,Gurgaon,11
FK-2427,Customer_1427,Books,Python Crash Course,14359,two,10-06-25,Canceled,Bengaluru,16
FK-2428,Customer_1428,Electronics,Boat Airdopes,16024,2,Dec 26 2025,delivered,Pune,21
FK-2429,Customer_1429,Home & Kitchen,Prestige Cooker,48462,1,13-01-25,Pending,Hyderabad,23
FK-2430,Customer_1430,Electronics,Boat Airdopes,11802,1,23-09-25,returned,Bengaluru,N/A
FK-2431,Customer_1431,Beauty,Nivea Lotion,51457,1,07-09-25,Delivered,Pune,21
FK-2432,Customer_1432,beauty,Nivea Lotion,2865,1,23-09-25,Canceled,Bengaluru,NULL
FK-2433,Customer_1433,Electronics,Apple iPhone 15,55354,3,07-06-25,Returned,Bengaluru,NULL
FK-2433,Customer_1433,Electronics,Apple iPhone 15,55354,3,07-06-25,Returned,Bengaluru,NULL
fk-2434,Customer_1434,Clothing,Men's T-Shirt,35777,1,06-02-25,Canceled,Gurgaon,9
fk-2435,Customer_1435,Beauty,Lakme Eyeliner,11878,3,10-02-25,Shipped,Kolkata,30
FK-2436,Customer_1436,Clothing,Jacket,46296,1,Oct 18 2025,Shipped,Delhi,30
FK-2437,Customer_1437,,Samsung Galaxy M14,,1,22-04-25,delivered,Mumbai,26%
FK-2438,Customer_1438,Electronics,Dell Mouse,-14539,1,24-03-26,Shipped,Mumbai,5
2439,Customer_1439,Electronics,Samsung Galaxy M14,4728,1,20-03-26,delivered,Hyderabad,N/A
FK-2440,Customer_1440,Shoes,Nike Running Shoes,49618,3,14-10-25,Pending,Chennai,7
FK-2441,,Electronics,Sony Headphones,-28051,1,02-11-25,returned,BLR,30
FK-2442,Customer_1442,Books,Python Crash Course,25143,,Sep 30 2025,Pending,Chennai,
2443,,CLOTHING,Jeans,12601,2,20-05-25,Canceled,Chennai,2
FK-2444,Customer_1444,Books,Rich Dad Poor Dad,Rs. 11951,1,22-04-26,Canceled,Gurgaon,25
2445,Customer_1445,SHOES,Nike Running Shoes,Rs. 4392,1,02-04-26,Returned,Chennai,N/A
FK-2446,Customer_1446,Books,Python Crash Course,34986,1,25-02-26,delivered,Pune,21
FK-2447,Customer_1447,CLOTHING,Men's T-Shirt,32713,1,25-03-25,returned,Hyd,14
FK-2448,Customer_1448,Electronics,Dell Mouse,19429,1,09-07-25,Delivered,,7%
FK-2449,Customer_1449,Books,Rich Dad Poor Dad,29295,,27-07-25,returned,Bengaluru,19
FK-2450,Customer_1450,Books,Python Crash Course,Rs. 14325,1,24-04-26,delivered,,21
FK-2451,Customer_1451,Beauty,Nivea Lotion,31725,1,03-05-25,Delivered,Chennai,7
FK-2452,Customer_1452,Books,Rich Dad Poor Dad,49905,1,01-01-25,Pending,Kolkata,8
FK-2453,Customer_1453,Shoes,Adidas Sliders,17853,2,05-05-26,Shipped,Hyderabad,2
FK-2454,Customer_1454,Beauty,Maybelline Lipstick,12674,1,09-05-26,Delivered,Chennai,1
FK-2455,Customer_1455,Beauty,Lakme Eyeliner,,3,21-07-25,Pending,Delhi,7
FK-2456,Customer_1456,Shoes,Adidas Sliders,50916,,08-10-25,Shipped,Pune,25
FK-2457,Customer_1457,Beauty,Lakme Eyeliner,₹32836,,07-11-25,Canceled,Gurgaon,
FK-2458,Customer_1458,,Sony Headphones,24423,1,02-08-25,delivered,Delhi,24%
FK-2459,Customer_1459,Clothing,Jeans,Rs. 31007,1,13-05-25,returned,BLR,11
FK-2460,Customer_1460,Electronics,Samsung Galaxy M14,₹37877,1,10-02-25,Returned,BLR,6
FK-2461,Customer_1461,Books,Python Crash Course,72570,2,,Canceled,Delhi,19
FK-2462,Customer_1462,Books,Dune,61989,1,11-06-25,Shipped,Pune,23
FK-2463,Customer_1463,Beauty,Maybelline Lipstick,69156,1,19-10-25,Delivered,Bengaluru,7
FK-2464,Customer_1464,Shoes,Adidas Sliders,14930,4,23-12-25,Pending,Hyderabad,19%
FK-2465,,BEAUTY,Lakme Eyeliner,29915,1,24-06-25,delivered,Kolkata,24
FK-2466,Customer_1466,Home & Kitchen,Prestige Cooker,9523,1,28-02-26,Pending,Delhi,0%
FK-2467,Customer_1467,Electronics,Apple iPhone 15,7631,4,19-01-25,Canceled,Bengaluru,
FK-2468,Customer_1468,Shoes,Nike Running Shoes,17294,1,29-08-25,delivered,,22%
FK-2468,Customer_1468,Shoes,Nike Running Shoes,17294,1,29-08-25,delivered,,22%
FK-2469,Customer_1469,Electronics,HP Pavilion Laptop,63310,1,20-04-25,delivered,Kolkata,8
FK-2470,Customer_1470,Home & Kitchen,Milton Thermos,3469,1,04-03-26,Pending,Hyd,13
FK-2471,Customer_1471,books,Python Crash Course,₹51930,1,30-08-25,delivered,Pune,25%
FK-2472,Customer_1472,Home & Kitchen,Milton Thermos,1088,1,15-01-25,Returned,Hyderabad,21
FK-2473,Customer_1473,Shoes,Nike Running Shoes,-54023,1,27-04-26,returned,BLR,
FK-2474,Customer_1474,clothing,Jeans,,1,15-05-26,delivered,BLR,23
FK-2475,Customer_1475,Electronics,Sony Headphones,57133,1,15-05-25,Delivered,Kolkata,7%
FK-2476,Customer_1476,Electronics,Sony Headphones,11148,5,14-09-25,Returned,Kolkata,24
FK-2477,Customer_1477,,HP Pavilion Laptop,Rs. 61336,1,05-12-25,returned,Bengaluru,3
FK-2478,Customer_1478,Beauty,Lakme Eyeliner,21048,5,Apr 06 2026,Pending,Delhi,0
FK-2479,Customer_1479,Shoes,Adidas Sliders,1496,1,06-01-26,Returned,Bengaluru,25
FK-2480,Customer_1480,Books,Atomic Habits,65974,1,12-02-26,Returned,Hyd,22
FK-2481,Customer_1481,Clothing,Saree,26933,1,27-08-25,Shipped,BLR,NULL
FK-2482,Customer_1482,Clothing,Men's T-Shirt,72313,1,01-03-25,returned,Delhi,28
FK-2483,Customer_1483,Electronics,Boat Airdopes,39207,1,14-02-25,returned,Delhi,2%
FK-2484,Customer_1484,Books,Rich Dad Poor Dad,47333,1,17-01-26,Pending,Hyderabad,4
2485,Customer_1485,Beauty,Nivea Lotion,55435,5,05-03-26,Returned,Pune,N/A
FK-2486,Customer_1486,Books,Python Crash Course,67394,1,21-11-25,Delivered,Kolkata,N/A
FK-2487,Customer_1487,BEAUTY,Maybelline Lipstick,8784,1,14-11-25,delivered,Gurgaon,6%
fk-2488,,Shoes,Nike Running Shoes,43255,1,22-03-26,Returned,Hyd,24
fk-2489,Customer_1489,Shoes,Puma Sneakers,36457,2,14-06-25,Shipped,BLR,2%
2490,Customer_1490,Beauty,Lakme Eyeliner,21639,2,19-08-25,delivered,Bengaluru,1
FK-2491,Customer_1491,Home & Kitchen,Prestige Cooker,₹18704,1,23-04-25,Canceled,Mumbai,19
FK-2492,Customer_1492,shoes,Adidas Sliders,65337,two,03-04-25,Pending,Hyd,19
FK-2493,Customer_1493,Electronics,HP Pavilion Laptop,20972,1,12-07-25,Shipped,Delhi,17
FK-2494,Customer_1494,Clothing,Women's Kurta,65384,1,14-10-25,Canceled,Gurgaon,12
FK-2495,Customer_1495,electronics,Apple iPhone 15,58666,3,03-06-25,Pending,Gurgaon,NULL
FK-2496,Customer_1496,BOOKS,Dune,385,3,09-02-26,Returned,Hyd,27
FK-2497,Customer_1497,Electronics,HP Pavilion Laptop,Rs. 37824,two,10-04-26,Returned,Hyderabad,3
FK-2498,Customer_1498,Home & Kitchen,Bajaj Iron,41726,2,Aug 11 2025,Returned,Bengaluru,30
FK-2499,Customer_1499,Shoes,Adidas Sliders,65054,5,31-12-25,Returned,Pune,2
FK-2500,Customer_1500,,Boat Airdopes,66768,1,17-01-25,delivered,Bengaluru,22
FK-2501,Customer_1501,Home & Kitchen,Bajaj Iron,12230,1,10-11-25,Canceled,,9
FK-2502,Customer_1502,Home & Kitchen,Bajaj Iron,₹13997,1,17-03-25,Pending,Delhi,20
2503,,electronics,Samsung Galaxy M14,30563,1,,Delivered,Gurgaon,16
FK-2504,Customer_1504,Books,Atomic Habits,₹9705,5,13-04-25,returned,,27
FK-2505,Customer_1505,Shoes,Puma Sneakers,36449,two,29-04-26,Shipped,Mumbai,
FK-2506,Customer_1506,Clothing,Men's T-Shirt,Rs. 42483,1,Jan 13 2025,Pending,Kolkata,1
FK-2507,Customer_1507,Clothing,Men's T-Shirt,45195,1,,Shipped,Hyd,4
FK-2508,Customer_1508,Home & Kitchen,Milton Thermos,,,15-08-25,Returned,Hyd,15
FK-2509,Customer_1509,Beauty,Nivea Lotion,-41826,1,11-08-25,Delivered,Mumbai,25
FK-2510,,Home & Kitchen,Bajaj Iron,14423,1,Jan 17 2025,Returned,Mumbai,0
FK-2511,,BOOKS,Dune,9771,1,02-05-25,Canceled,Pune,17
FK-2512,Customer_1512,Home & Kitchen,Milton Thermos,44638,one,,Delivered,Hyd,7%
FK-2513,,Clothing,Jeans,20535,2,11-04-26,returned,Pune,
FK-2514,Customer_1514,Beauty,Nivea Lotion,12371,one,09-10-25,Returned,Kolkata,17
FK-2515,Customer_1515,BOOKS,Atomic Habits,Rs. 44083,1,Dec 30 2025,Delivered,Hyderabad,20
FK-2516,Customer_1516,Clothing,Women's Kurta,₹9546,1,Aug 09 2025,Shipped,Hyderabad,16
FK-2517,Customer_1517,Electronics,Samsung Galaxy M14,14009,1,06-05-26,Returned,,7
FK-2518,Customer_1518,Home & Kitchen,Milton Thermos,Rs. 42645,1,Jul 18 2025,Returned,BLR,17
FK-2519,Customer_1519,Home & Kitchen,Bajaj Iron,39494,2,04-05-26,Delivered,Hyd,11
FK-2520,Customer_1520,Electronics,HP Pavilion Laptop,₹59248,1,,returned,,22
FK-2521,Customer_1521,Clothing,Saree,64041,1,May 12 2026,returned,Mumbai,N/A
FK-2522,Customer_1522,Electronics,Boat Airdopes,56061,1,19-02-26,delivered,Delhi,6
FK-2523,Customer_1523,Home & Kitchen,Milton Thermos,-56619,1,16-02-25,Canceled,Bengaluru,10
FK-2524,Customer_1524,Clothing,Saree,62834,1,18-03-25,Shipped,Hyderabad,17%
FK-2525,Customer_1525,Clothing,Men's T-Shirt,25642,1,,Pending,Hyd,17
FK-2526,Customer_1526,Shoes,Adidas Sliders,7789,1,Apr 03 2025,Pending,BLR,15
FK-2527,Customer_1527,Electronics,Apple iPhone 15,51494,2,19-01-25,returned,Bengaluru,22
FK-2528,Customer_1528,Books,Atomic Habits,36550,1,Jan 09 2025,delivered,Bengaluru,12
FK-2529,Customer_1529,Electronics,Boat Airdopes,Rs. 22141,3,21-05-25,Returned,Hyd,4
FK-2530,Customer_1530,Home & Kitchen,Bajaj Iron,56584,1,21-08-25,Delivered,Hyderabad,NULL
FK-2530,Customer_1530,Home & Kitchen,Bajaj Iron,56584,1,21-08-25,Delivered,Hyderabad,NULL
FK-2531,Customer_1531,Beauty,Maybelline Lipstick,,1,15-05-26,Delivered,Bengaluru,22
fk-2532,Customer_1532,Beauty,Lakme Eyeliner,60798,1,11-09-25,returned,Gurgaon,N/A
FK-2533,Customer_1533,Shoes,Adidas Sliders,69325,2,08-09-25,Returned,Mumbai,29%
FK-2534,Customer_1534,Electronics,HP Pavilion Laptop,16667,3,24-04-26,returned,Mumbai,NULL
FK-2535,Customer_1535,Beauty,Nivea Lotion,247,1,28-11-25,returned,Mumbai,1%
FK-2536,Customer_1536,beauty,Maybelline Lipstick,61450,1,20-02-25,Returned,Hyderabad,29
FK-2537,Customer_1537,Electronics,Boat Airdopes,₹46348,1,22-02-25,Returned,Delhi,27
FK-2538,Customer_1538,Books,Python Crash Course,30153,1,04-04-25,Shipped,Mumbai,9
FK-2539,Customer_1539,Books,Python Crash Course,-38006,1,17-11-25,Pending,Bengaluru,14
FK-2540,Customer_1540,,Sony Headphones,Rs. 38964,1,28-08-25,Returned,Gurgaon,11
FK-2541,Customer_1541,Electronics,Dell Mouse,43821,1,06-02-26,Canceled,,9
FK-2542,Customer_1542,Home & Kitchen,Milton Thermos,51649,1,24-09-25,returned,Bengaluru,8
FK-2543,Customer_1543,Books,Rich Dad Poor Dad,29587,1,20-05-25,Canceled,Chennai,4
FK-2544,Customer_1544,Clothing,Saree,₹52171,999,17-03-25,returned,BLR,23
FK-2545,,Shoes,Adidas Sliders,₹35063,1,30-04-25,returned,Chennai,2%
2546,,Shoes,Nike Running Shoes,40943,,21-01-25,Delivered,BLR,N/A
FK-2547,Customer_1547,SHOES,Nike Running Shoes,49815,2,22-08-25,Pending,Hyd,19
FK-2548,Customer_1548,Books,Python Crash Course,67843,,13-02-25,Returned,Gurgaon,29
FK-2549,Customer_1549,Electronics,Apple iPhone 15,71745,4,11-09-25,returned,Bengaluru,7
FK-2550,Customer_1550,Shoes,Puma Sneakers,17537,1,28-01-26,Shipped,Bengaluru,21
FK-2551,Customer_1551,Clothing,Jeans,₹32742,5,27-04-25,Returned,,30
FK-2552,Customer_1552,Home & Kitchen,Milton Thermos,43336,two,23-04-25,delivered,Hyd,25
FK-2553,Customer_1553,home & kitchen,Prestige Cooker,26129,1,28-03-25,Pending,Delhi,12
FK-2554,Customer_1554,Books,Dune,42043,2,Nov 18 2025,returned,Mumbai,11
FK-2555,Customer_1555,Shoes,Adidas Sliders,Rs. 5799,1,23-11-25,Canceled,,10
FK-2556,Customer_1556,Shoes,Puma Sneakers,33226,1,08-12-25,Returned,Kolkata,17
FK-2557,Customer_1557,Beauty,Nivea Lotion,₹28327,two,,Shipped,Delhi,0%
FK-2558,Customer_1558,shoes,Puma Sneakers,-32654,1,13-05-25,Pending,Gurgaon,
FK-2559,Customer_1559,Books,Dune,₹38579,1,Sep 16 2025,Delivered,BLR,17
FK-2560,Customer_1560,Books,Atomic Habits,63693,2,26-02-26,Delivered,Delhi,4
FK-2561,Customer_1561,,HP Pavilion Laptop,₹49898,one,12-06-25,Delivered,Hyd,29
FK-2562,Customer_1562,Beauty,Nivea Lotion,11045,-1,10-08-25,delivered,Mumbai,NULL
FK-2563,Customer_1563,electronics,Dell Mouse,37420,1,04-07-25,Shipped,Pune,22
FK-2564,Customer_1564,Clothing,Saree,-38425,3,07-05-26,delivered,Kolkata,30%
FK-2564,Customer_1564,Clothing,Saree,-38425,3,07-05-26,delivered,Kolkata,30%
FK-2565,Customer_1565,clothing,Jacket,Rs. 59456,1,05-02-26,delivered,Bengaluru,19
FK-2566,Customer_1566,clothing,Men's T-Shirt,Rs. 52208,1,17-04-25,Shipped,Hyd,1
FK-2567,Customer_1567,Home & Kitchen,Milton Thermos,60762,1,28-01-26,Pending,Kolkata,11
FK-2568,Customer_1568,Clothing,Men's T-Shirt,55471,1,18-06-25,Returned,Delhi,5
FK-2569,Customer_1569,Home & Kitchen,Bajaj Iron,6857,1,16-12-25,Canceled,Hyd,NULL
2570,Customer_1570,Clothing,Jacket,1485,3,21-10-25,Pending,Hyderabad,10
FK-2571,Customer_1571,Shoes,Nike Running Shoes,38367,1,,returned,Hyderabad,N/A
FK-2572,Customer_1572,Shoes,Nike Running Shoes,60757,1,05-07-25,delivered,Bengaluru,19
FK-2573,Customer_1573,Clothing,Women's Kurta,Rs. 17714,1,30-04-26,delivered,Chennai,11
FK-2574,Customer_1574,Home & Kitchen,Milton Thermos,21521,1,20-01-25,Delivered,Gurgaon,
FK-2575,Customer_1575,Electronics,Boat Airdopes,Rs. 10732,,05-10-25,Pending,Chennai,9
FK-2576,Customer_1576,Shoes,Nike Running Shoes,24455,1,11-02-25,Canceled,Hyderabad,19
FK-2577,Customer_1577,Clothing,Jacket,46860,2,12-10-25,Delivered,Gurgaon,17
FK-2578,Customer_1578,,HP Pavilion Laptop,Rs. 9782,2,12-05-26,delivered,Hyd,17
FK-2579,Customer_1579,,Dell Mouse,,3,04-11-25,Returned,BLR,N/A
FK-2580,Customer_1580,Home & Kitchen,Pigeon Gas Stove,16192,2,,Pending,Kolkata,NULL
FK-2581,Customer_1581,,HP Pavilion Laptop,55112,1,30-06-25,delivered,Bengaluru,
FK-2582,Customer_1582,Beauty,Lakme Eyeliner,4484,3,16-09-25,Canceled,,28
2583,Customer_1583,Books,Atomic Habits,₹23327,1,17-12-25,returned,Gurgaon,16
FK-2584,,Books,Rich Dad Poor Dad,72659,1,,Shipped,Kolkata,24
FK-2585,Customer_1585,clothing,Men's T-Shirt,Rs. 14796,1,25-07-25,Shipped,,6
FK-2586,Customer_1586,Books,Dune,22798,1,05-02-25,Pending,Pune,9
FK-2587,Customer_1587,home & kitchen,Prestige Cooker,48206,1,21-02-26,returned,Delhi,25
FK-2588,Customer_1588,Electronics,Dell Mouse,61894,2,06-05-25,Delivered,Delhi,18
FK-2589,Customer_1589,,Samsung Galaxy M14,15082,2,19-06-25,delivered,Bengaluru,21
FK-2590,Customer_1590,Books,Atomic Habits,Rs. 20245,4,09-02-25,returned,Bengaluru,20
FK-2591,Customer_1591,Electronics,Apple iPhone 15,Rs. 14577,1,Apr 02 2025,delivered,Gurgaon,20
FK-2591,Customer_1591,Electronics,Apple iPhone 15,Rs. 14577,1,Apr 02 2025,delivered,Gurgaon,20
FK-2592,Customer_1592,home & kitchen,Pigeon Gas Stove,30981,one,04-04-25,returned,Hyderabad,
FK-2593,Customer_1593,Beauty,Nivea Lotion,-64773,1,30-09-25,Returned,Delhi,4
FK-2594,Customer_1594,Books,Rich Dad Poor Dad,Rs. 34479,5,10-09-25,returned,Hyd,13
FK-2595,Customer_1595,HOME & KITCHEN,Prestige Cooker,-26684,2,04-10-25,Shipped,Bengaluru,9
FK-2596,Customer_1596,Shoes,Puma Sneakers,69940,1,18-01-26,Returned,Hyderabad,22
fk-2597,Customer_1597,Shoes,Adidas Sliders,38261,1,05-12-25,Pending,Kolkata,4
FK-2598,,clothing,Saree,Rs. 12355,2,29-09-25,returned,Delhi,22
2599,Customer_1599,books,Dune,31073,1,23-04-25,Pending,BLR,29
FK-2600,Customer_1600,Beauty,Nivea Lotion,52247,5,15-01-26,Delivered,Gurgaon,13%
FK-2601,Customer_1601,Home & Kitchen,Milton Thermos,20662,1,09-01-26,returned,Kolkata,3
FK-2602,Customer_1602,Beauty,Lakme Eyeliner,45097,1,,Returned,Kolkata,28
FK-2603,Customer_1603,Books,Rich Dad Poor Dad,38139,2,May 11 2026,Delivered,Gurgaon,12
FK-2604,Customer_1604,Beauty,Lakme Eyeliner,₹64582,1,19-07-25,Pending,Gurgaon,20
2605,Customer_1605,Books,Rich Dad Poor Dad,54217,1,14-06-25,Canceled,Hyd,2
FK-2606,Customer_1606,Clothing,Men's T-Shirt,Rs. 22390,1,06-01-25,Shipped,Kolkata,6
FK-2607,Customer_1607,Clothing,Men's T-Shirt,33265,1,02-03-26,Shipped,BLR,0
FK-2608,Customer_1608,Electronics,Samsung Galaxy M14,₹50043,3,Dec 20 2025,Canceled,Bengaluru,N/A
FK-2609,,Beauty,Nivea Lotion,3577,2,07-07-25,Canceled,Delhi,5
FK-2610,Customer_1610,,Apple iPhone 15,18975,1,17-04-25,Delivered,Kolkata,29%
FK-2611,Customer_1611,Shoes,Puma Sneakers,60263,2,15-02-26,Returned,Hyderabad,NULL
FK-2612,Customer_1612,Books,Rich Dad Poor Dad,7598,3,,Shipped,Gurgaon,19%
FK-2613,Customer_1613,CLOTHING,Jeans,61098,1,27-03-25,Returned,Mumbai,22%
FK-2614,Customer_1614,BOOKS,Rich Dad Poor Dad,60763,1,17-03-26,returned,,8
FK-2615,Customer_1615,Books,Rich Dad Poor Dad,25554,1,Mar 05 2026,delivered,Pune,28
FK-2616,Customer_1616,,Apple iPhone 15,63442,1,,Returned,Bengaluru,22
FK-2617,Customer_1617,Shoes,Adidas Sliders,30001,1,09-02-25,Pending,Delhi,25
FK-2618,Customer_1618,Home & Kitchen,Milton Thermos,40882,2,31-01-26,Delivered,Hyderabad,28
fk-2619,Customer_1619,Electronics,Dell Mouse,46017,1,03-06-25,Delivered,Mumbai,21
FK-2620,Customer_1620,SHOES,Adidas Sliders,35977,1,08-05-25,Delivered,Hyderabad,26
FK-2621,Customer_1621,Clothing,Jeans,₹4697,1,17-04-26,Pending,BLR,29
FK-2622,Customer_1622,Beauty,Lakme Eyeliner,43268,1,20-09-25,Canceled,Kolkata,16%
FK-2623,Customer_1623,Electronics,Samsung Galaxy M14,Rs. 56477,1,14-03-26,returned,Hyd,26%
fk-2624,Customer_1624,,Samsung Galaxy M14,Rs. 23218,1,23-04-25,Shipped,Gurgaon,21
FK-2625,Customer_1625,Electronics,Dell Mouse,,1,06-09-25,Shipped,Hyderabad,12
FK-2626,Customer_1626,Shoes,Adidas Sliders,41200,2,07-03-26,Pending,Gurgaon,17
FK-2627,Customer_1627,CLOTHING,Jeans,61277,3,05-12-25,Returned,Pune,30
FK-2628,Customer_1628,Home & Kitchen,Prestige Cooker,₹44129,3,21-01-25,Pending,Kolkata,26
FK-2629,Customer_1629,Home & Kitchen,Milton Thermos,28894,2,15-03-25,delivered,Bengaluru,23
FK-2630,Customer_1630,Electronics,Dell Mouse,41769,3,02-01-26,Returned,Mumbai,30
FK-2631,,Home & Kitchen,Pigeon Gas Stove,31144,4,11-07-25,Canceled,Mumbai,6
FK-2632,Customer_1632,Home & Kitchen,Prestige Cooker,₹33558,1,06-04-26,delivered,Gurgaon,N/A
FK-2633,,Clothing,Saree,50860,1,09-05-26,delivered,Pune,21
FK-2634,Customer_1634,Beauty,Lakme Eyeliner,40857,3,23-12-25,returned,Kolkata,19
FK-2635,Customer_1635,Books,Atomic Habits,46073,5,17-01-25,Returned,Hyd,8
FK-2636,Customer_1636,Books,Atomic Habits,54994,1,26-01-25,returned,Chennai,8
FK-2637,Customer_1637,,Samsung Galaxy M14,55914,1,15-07-25,returned,Gurgaon,18
FK-2637,Customer_1637,,Samsung Galaxy M14,55914,1,15-07-25,returned,Gurgaon,18
FK-2638,Customer_1638,Shoes,Adidas Sliders,68210,1,09-12-25,Canceled,Chennai,1
FK-2639,Customer_1639,Home & Kitchen,Pigeon Gas Stove,69637,1,31-01-26,returned,Gurgaon,13%
FK-2640,Customer_1640,clothing,Men's T-Shirt,49462,1,19-06-25,Delivered,Gurgaon,14
FK-2641,Customer_1641,Shoes,Nike Running Shoes,5842,3,11-02-25,Returned,Delhi,17
FK-2642,Customer_1642,books,Python Crash Course,61301,1,05-01-26,Returned,Bengaluru,21
FK-2643,Customer_1643,,Dell Mouse,39143,3,11-03-25,Delivered,Hyderabad,12
FK-2644,Customer_1644,Books,Rich Dad Poor Dad,3271,1,27-01-26,Canceled,Pune,18
FK-2645,Customer_1645,Beauty,Lakme Eyeliner,Rs. 53506,1,26-04-26,Canceled,Delhi,11
fk-2646,Customer_1646,Clothing,Jeans,57418,one,07-12-25,Returned,Bengaluru,10%
FK-2647,Customer_1647,Shoes,Puma Sneakers,-47426,1,Jun 04 2025,Shipped,Hyderabad,22
FK-2648,,Books,Dune,Rs. 19315,1,Feb 24 2026,Canceled,Pune,7
FK-2649,Customer_1649,Electronics,Dell Mouse,Rs. 44454,1,03-12-25,returned,BLR,13
FK-2650,Customer_1650,Electronics,HP Pavilion Laptop,74294,1,03-03-26,Pending,Chennai,N/A
2651,Customer_1651,Home & Kitchen,Pigeon Gas Stove,-20284,3,15-05-25,Delivered,,9
FK-2652,Customer_1652,Books,Rich Dad Poor Dad,38763,2,11-02-26,delivered,Pune,NULL
FK-2653,Customer_1653,Shoes,Nike Running Shoes,11147,1,27-03-26,Shipped,Hyd,0
FK-2654,Customer_1654,Shoes,Nike Running Shoes,31207,1,19-04-25,delivered,Bengaluru,11%
2655,Customer_1655,Books,Python Crash Course,₹47843,3,02-02-26,returned,Chennai,1
2656,Customer_1656,Shoes,Adidas Sliders,-37083,1,30-08-25,Pending,Kolkata,6
FK-2657,Customer_1657,Electronics,Dell Mouse,18328,,19-07-25,Pending,Gurgaon,3%
FK-2658,Customer_1658,HOME & KITCHEN,Milton Thermos,60040,1,05-02-25,delivered,Gurgaon,7%
FK-2659,Customer_1659,Books,Python Crash Course,22054,1,12-11-25,delivered,Chennai,1
FK-2660,Customer_1660,beauty,Nivea Lotion,Rs. 16643,,12-03-26,Returned,Pune,8
FK-2661,Customer_1661,Books,Dune,12639,1,24-03-26,returned,Gurgaon,20
FK-2662,Customer_1662,Electronics,HP Pavilion Laptop,Rs. 12101,1,14-08-25,returned,Mumbai,9%
FK-2663,Customer_1663,Beauty,Maybelline Lipstick,6291,1,03-10-25,delivered,Delhi,17
2664,Customer_1664,Home & Kitchen,Prestige Cooker,₹59930,2,06-04-25,Canceled,Kolkata,23
FK-2665,Customer_1665,Shoes,Puma Sneakers,33587,3,25-05-25,Canceled,Kolkata,9%
2666,Customer_1666,Beauty,Nivea Lotion,22833,2,,Pending,Kolkata,22
FK-2667,Customer_1667,Electronics,Sony Headphones,50990,1,25-02-25,returned,Bengaluru,22
2668,Customer_1668,Electronics,HP Pavilion Laptop,10621,2,17-10-25,Delivered,Chennai,1
FK-2669,Customer_1669,Shoes,Nike Running Shoes,62369,1,16-08-25,Canceled,Hyd,0
fk-2670,Customer_1670,Home & Kitchen,Pigeon Gas Stove,13797,3,22-03-26,Returned,Gurgaon,3
FK-2671,Customer_1671,home & kitchen,Pigeon Gas Stove,₹24203,1,,delivered,Hyd,2
FK-2672,Customer_1672,Home & Kitchen,Milton Thermos,3593,1,06-10-25,returned,Bengaluru,3
FK-2673,Customer_1673,Shoes,Puma Sneakers,Rs. 69925,3,,Returned,Mumbai,30
FK-2674,Customer_1674,HOME & KITCHEN,Pigeon Gas Stove,18567,1,27-10-25,Shipped,BLR,24
2675,Customer_1675,Shoes,Nike Running Shoes,18442,1,12-04-25,delivered,Delhi,13
FK-2676,Customer_1676,Electronics,HP Pavilion Laptop,47944,4,23-07-25,Delivered,Pune,27
FK-2677,Customer_1677,home & kitchen,Pigeon Gas Stove,36977,1,Apr 06 2026,Delivered,Bengaluru,NULL
FK-2678,Customer_1678,Shoes,Nike Running Shoes,28806,1,06-07-25,Returned,Bengaluru,N/A
FK-2679,Customer_1679,Clothing,Women's Kurta,5571,-1,25-04-26,Canceled,Hyd,16
fk-2680,Customer_1680,Beauty,Nivea Lotion,22561,3,Feb 14 2025,Pending,Hyd,28
FK-2681,,Beauty,Lakme Eyeliner,19048,1,21-08-25,Shipped,Hyderabad,27
FK-2682,Customer_1682,Books,Python Crash Course,31760,1,02-11-25,Pending,Hyderabad,8
FK-2683,Customer_1683,BEAUTY,Nivea Lotion,₹6305,1,07-08-25,Shipped,Pune,12
FK-2684,Customer_1684,Shoes,Adidas Sliders,Rs. 4851,1,05-02-25,Returned,Pune,12
FK-2685,,BOOKS,Python Crash Course,46029,1,14-03-26,Canceled,BLR,24
FK-2686,Customer_1686,Books,Atomic Habits,₹70489,1,14-02-25,Delivered,Kolkata,10
FK-2687,Customer_1687,Home & Kitchen,Milton Thermos,,3,17-07-25,Delivered,Bengaluru,
FK-2688,Customer_1688,Electronics,Sony Headphones,31361,1,13-02-25,Shipped,BLR,1
FK-2689,Customer_1689,Home & Kitchen,Prestige Cooker,59248,3,06-09-25,delivered,Kolkata,10
FK-2690,Customer_1690,Clothing,Jacket,13258,1,14-01-25,Canceled,Mumbai,13%
FK-2691,Customer_1691,Electronics,HP Pavilion Laptop,63996,1,Apr 09 2025,Pending,Pune,9
FK-2692,Customer_1692,Beauty,Nivea Lotion,Rs. 64978,1,23-11-25,Returned,Kolkata,
FK-2693,Customer_1693,Home & Kitchen,Pigeon Gas Stove,₹62756,1,16-03-25,Canceled,Hyderabad,15%
FK-2694,Customer_1694,shoes,Puma Sneakers,52324,1,28-02-26,returned,BLR,17
FK-2695,Customer_1695,Clothing,Jeans,,5,12-07-25,delivered,Kolkata,28
FK-2696,Customer_1696,HOME & KITCHEN,Pigeon Gas Stove,-43715,1,09-12-25,delivered,Delhi,0
FK-2697,Customer_1697,Clothing,Jacket,34312,5,13-03-25,Shipped,Mumbai,15
FK-2698,Customer_1698,Electronics,Samsung Galaxy M14,8794,2,13-04-25,delivered,,1
FK-2699,Customer_1699,Books,Python Crash Course,43204,,13-03-26,Shipped,,20
FK-2700,Customer_1700,shoes,Adidas Sliders,56659,2,21-12-25,Pending,Hyderabad,7
FK-2701,Customer_1701,home & kitchen,Pigeon Gas Stove,25953,1,06-08-25,Returned,Kolkata,0
FK-2702,Customer_1702,books,Rich Dad Poor Dad,21164,5,26-08-25,Returned,Chennai,26
FK-2703,Customer_1703,Beauty,Maybelline Lipstick,57193,1,Dec 30 2025,Canceled,Bengaluru,25
FK-2704,Customer_1704,Home & Kitchen,Prestige Cooker,30758,4,18-03-26,delivered,BLR,17
FK-2705,Customer_1705,Home & Kitchen,Pigeon Gas Stove,47153,1,09-10-25,Pending,Mumbai,15
FK-2706,Customer_1706,Books,Atomic Habits,37590,1,24-03-26,delivered,Pune,NULL
FK-2707,Customer_1707,Beauty,Lakme Eyeliner,Rs. 24830,4,13-03-26,Returned,BLR,3
FK-2708,Customer_1708,Clothing,Saree,27466,1,06-01-25,Returned,Mumbai,11
FK-2709,,Books,Rich Dad Poor Dad,2383,3,11-09-25,Delivered,Bengaluru,N/A
2710,Customer_1710,Books,Python Crash Course,,1,04-09-25,Returned,Delhi,19
FK-2711,Customer_1711,Shoes,Nike Running Shoes,66007,one,05-08-25,Delivered,Delhi,3
FK-2712,Customer_1712,shoes,Puma Sneakers,44796,two,05-01-25,Returned,Kolkata,2
FK-2713,Customer_1713,Clothing,Saree,10076,1,10-01-26,returned,,11
FK-2714,Customer_1714,Books,Dune,46307,2,25-04-26,returned,Pune,30
FK-2715,Customer_1715,Clothing,Saree,Rs. 54951,1,05-04-25,Delivered,Kolkata,15
FK-2716,Customer_1716,Home & Kitchen,Prestige Cooker,14091,3,24-07-25,returned,Kolkata,5
FK-2717,Customer_1717,Shoes,Nike Running Shoes,43770,1,22-08-25,Canceled,Hyderabad,NULL
FK-2718,Customer_1718,Clothing,Women's Kurta,34602,one,07-04-25,Delivered,Pune,0
FK-2719,Customer_1719,Home & Kitchen,Bajaj Iron,5550,1,26-03-25,Shipped,Gurgaon,12
FK-2720,Customer_1720,Shoes,Nike Running Shoes,41179,1,02-02-25,Canceled,Kolkata,13
fk-2721,Customer_1721,Beauty,Maybelline Lipstick,33191,1,20-03-26,Canceled,Mumbai,26
fk-2722,Customer_1722,BOOKS,Python Crash Course,₹40357,2,03-06-25,Delivered,Gurgaon,10
FK-2723,Customer_1723,Home & Kitchen,Prestige Cooker,39472,1,18-11-25,Shipped,Pune,26
FK-2724,Customer_1724,,Dell Mouse,32374,5,Feb 01 2025,Shipped,Gurgaon,14
FK-2725,Customer_1725,Clothing,Jacket,Rs. 70779,1,26-09-25,Shipped,Gurgaon,10
fk-2726,,Clothing,Saree,29215,2,23-08-25,Delivered,Delhi,14
fk-2727,Customer_1727,books,Atomic Habits,,1,16-07-25,Pending,Mumbai,N/A
FK-2728,Customer_1728,Shoes,Puma Sneakers,68955,1,,Shipped,Pune,22
FK-2729,Customer_1729,Home & Kitchen,Pigeon Gas Stove,49827,2,Feb 15 2025,Canceled,,24
FK-2730,Customer_1730,Shoes,Nike Running Shoes,₹26007,2,,Pending,Hyd,4
FK-2731,Customer_1731,Beauty,Nivea Lotion,61840,2,17-06-25,Canceled,Hyderabad,7
FK-2732,Customer_1732,,Boat Airdopes,,1,19-06-25,Shipped,Bengaluru,15
FK-2733,Customer_1733,Clothing,Women's Kurta,32828,1,12-05-26,Shipped,Bengaluru,28
fk-2734,Customer_1734,Home & Kitchen,Prestige Cooker,47992,1,04-03-25,Canceled,Chennai,20
FK-2735,Customer_1735,shoes,Puma Sneakers,22961,1,01-10-25,Returned,Pune,7
FK-2736,Customer_1736,Beauty,Maybelline Lipstick,11593,3,03-02-26,Pending,Chennai,22
FK-2737,Customer_1737,Shoes,Adidas Sliders,30365,1,02-05-25,Pending,Chennai,13
FK-2738,Customer_1738,Clothing,Jeans,37423,5,07-11-25,Delivered,,29
FK-2739,Customer_1739,Books,Python Crash Course,56585,1,30-09-25,Shipped,Gurgaon,5
FK-2740,Customer_1740,Shoes,Nike Running Shoes,14418,one,14-02-26,returned,Gurgaon,
FK-2741,Customer_1741,Shoes,Nike Running Shoes,-57563,1,,returned,Pune,23
FK-2742,Customer_1742,Electronics,Apple iPhone 15,12098,1,30-03-25,Returned,Hyd,0
FK-2743,Customer_1743,Clothing,Saree,₹46735,1,,Delivered,Bengaluru,19
FK-2744,Customer_1744,Shoes,Adidas Sliders,52701,1,30-05-25,Delivered,Bengaluru,8
FK-2745,Customer_1745,Books,Atomic Habits,3456,1,21-01-25,Canceled,Delhi,4
fk-2746,Customer_1746,Beauty,Nivea Lotion,-72385,4,01-06-25,Returned,Chennai,14
FK-2747,Customer_1747,Electronics,Boat Airdopes,-40729,1,10-07-25,Shipped,Chennai,28
FK-2748,Customer_1748,Shoes,Puma Sneakers,,2,,Shipped,Hyd,NULL
FK-2749,Customer_1749,Beauty,Maybelline Lipstick,48865,2,18-06-25,Canceled,Hyd,30
2750,Customer_1750,Clothing,Jeans,,1,Jan 28 2025,Delivered,Delhi,7
FK-2751,,Shoes,Adidas Sliders,Rs. 15802,1,06-01-26,Canceled,Mumbai,26
FK-2752,Customer_1752,Beauty,Lakme Eyeliner,₹55337,4,10-01-25,Delivered,Mumbai,22
FK-2753,Customer_1753,Electronics,Boat Airdopes,Rs. 35114,2,29-07-25,Shipped,,N/A
FK-2754,Customer_1754,Beauty,Nivea Lotion,₹21805,3,10-09-25,Returned,Gurgaon,N/A
FK-2755,Customer_1755,Electronics,Samsung Galaxy M14,26982,1,18-03-26,Returned,Delhi,
FK-2756,Customer_1756,Books,Rich Dad Poor Dad,41344,1,Feb 18 2025,Pending,Bengaluru,27
FK-2757,Customer_1757,,Boat Airdopes,65285,1,29-06-25,delivered,Pune,4
FK-2758,Customer_1758,Clothing,Men's T-Shirt,24559,2,07-11-25,returned,Hyderabad,7
FK-2759,Customer_1759,Home & Kitchen,Bajaj Iron,57388,1,16-02-25,Pending,Gurgaon,3
FK-2760,Customer_1760,electronics,Dell Mouse,,2,14-07-25,Delivered,,30
FK-2761,Customer_1761,SHOES,Puma Sneakers,13859,3,13-07-25,Pending,Hyderabad,28
FK-2762,Customer_1762,shoes,Adidas Sliders,,4,13-06-25,Delivered,BLR,25
FK-2763,Customer_1763,beauty,Maybelline Lipstick,11508,3,24-08-25,Canceled,Hyd,7
FK-2764,Customer_1764,Clothing,Men's T-Shirt,Rs. 65265,-1,03-03-26,Returned,BLR,16%
FK-2765,Customer_1765,Electronics,Boat Airdopes,,1,01-03-25,returned,,15
FK-2766,Customer_1766,Shoes,Nike Running Shoes,Rs. 38405,1,08-08-25,Pending,Gurgaon,21
FK-2767,Customer_1767,Books,Atomic Habits,73321,3,04-05-25,delivered,Delhi,20
FK-2768,Customer_1768,Books,Atomic Habits,₹36697,2,10-03-26,Canceled,BLR,23
FK-2769,Customer_1769,Books,Rich Dad Poor Dad,5387,2,29-04-25,Pending,Pune,5
FK-2770,Customer_1770,books,Rich Dad Poor Dad,70913,two,24-02-26,Pending,,7
FK-2771,Customer_1771,Beauty,Lakme Eyeliner,9594,1,04-01-25,returned,Bengaluru,9
FK-2772,,Beauty,Maybelline Lipstick,19540,3,Sep 11 2025,Pending,Mumbai,16
FK-2773,Customer_1773,Home & Kitchen,Milton Thermos,2618,1,19-02-26,Delivered,Pune,14
FK-2774,Customer_1774,Shoes,Adidas Sliders,₹6733,1,31-12-25,Delivered,Delhi,13
FK-2775,Customer_1775,Shoes,Puma Sneakers,,1,Jul 15 2025,Delivered,Bengaluru,26
2776,Customer_1776,Clothing,Jeans,12613,5,24-12-25,returned,Hyderabad,9
FK-2777,Customer_1777,Books,Atomic Habits,74999,2,30-07-25,Pending,,20
FK-2778,Customer_1778,electronics,HP Pavilion Laptop,₹42643,2,20-03-26,Pending,Pune,
FK-2779,Customer_1779,BOOKS,Rich Dad Poor Dad,₹66806,1,,Shipped,Bengaluru,15
FK-2780,Customer_1780,Electronics,HP Pavilion Laptop,Rs. 38050,1,25-12-25,returned,Mumbai,8
FK-2781,,BOOKS,Atomic Habits,65545,1,31-08-25,Delivered,Pune,1%
FK-2782,Customer_1782,Shoes,Adidas Sliders,Rs. 12199,3,05-10-25,Pending,Bengaluru,12%
FK-2783,Customer_1783,Clothing,Men's T-Shirt,66255,3,18-03-25,Shipped,BLR,26
FK-2784,Customer_1784,Electronics,Boat Airdopes,₹60700,1,06-09-25,returned,,17
FK-2785,,Electronics,Dell Mouse,74503,1,10-07-25,Returned,Gurgaon,5
FK-2786,Customer_1786,shoes,Nike Running Shoes,13380,1,Mar 14 2025,returned,Bengaluru,8
FK-2787,Customer_1787,Books,Rich Dad Poor Dad,₹21466,1,16-02-26,Pending,Kolkata,
FK-2788,Customer_1788,Electronics,Sony Headphones,40785,1,15-08-25,Canceled,Pune,18
FK-2789,Customer_1789,Beauty,Lakme Eyeliner,43599,3,,returned,Hyderabad,15
FK-2790,Customer_1790,Electronics,HP Pavilion Laptop,19815,two,13-12-25,delivered,Chennai,6
FK-2791,Customer_1791,Home & Kitchen,Bajaj Iron,54648,4,11-03-26,Pending,Kolkata,24
FK-2792,Customer_1792,Clothing,Jeans,13537,1,13-08-25,Shipped,Chennai,26
FK-2793,Customer_1793,Beauty,Lakme Eyeliner,47122,1,05-08-25,Pending,Mumbai,9%
FK-2794,Customer_1794,Electronics,Apple iPhone 15,61736,1,13-03-26,Shipped,Mumbai,3%
FK-2795,Customer_1795,Clothing,Jacket,68183,1,13-03-25,Returned,Hyd,23
FK-2796,Customer_1796,shoes,Adidas Sliders,₹11729,4,04-04-26,Canceled,Gurgaon,7
FK-2797,Customer_1797,beauty,Nivea Lotion,48837,1,05-04-25,returned,,19
FK-2798,Customer_1798,Books,Dune,20127,1,05-04-26,Delivered,Hyd,3
FK-2799,Customer_1799,Shoes,Adidas Sliders,7746,999,22-04-26,Pending,Bengaluru,14
FK-2800,Customer_1800,,Samsung Galaxy M14,-41196,2,27-11-25,Pending,,9
FK-2801,,Shoes,Adidas Sliders,17136,2,,Delivered,Pune,6
FK-2802,Customer_1802,shoes,Adidas Sliders,₹73586,3,04-01-26,returned,Pune,9
FK-2803,Customer_1803,Electronics,Dell Mouse,74476,1,25-02-25,Pending,BLR,20
FK-2804,Customer_1804,books,Dune,₹7823,3,20-06-25,returned,Delhi,23
FK-2805,Customer_1805,Books,Rich Dad Poor Dad,49807,3,25-01-26,Canceled,Hyderabad,6
FK-2806,Customer_1806,Clothing,Men's T-Shirt,26412,1,30-10-25,returned,Pune,23
FK-2807,Customer_1807,Beauty,Maybelline Lipstick,₹29962,4,03-01-26,Returned,,29
FK-2808,Customer_1808,electronics,Apple iPhone 15,-3118,2,10-03-26,returned,,26
FK-2809,Customer_1809,Beauty,Nivea Lotion,7878,3,24-05-25,delivered,BLR,3
FK-2810,Customer_1810,Shoes,Nike Running Shoes,994,1,27-07-25,returned,Hyderabad,17
FK-2811,Customer_1811,Shoes,Nike Running Shoes,38788,1,26-04-26,Pending,Hyd,28
FK-2812,Customer_1812,Clothing,Saree,Rs. 20520,1,06-04-26,Delivered,BLR,10
FK-2813,Customer_1813,SHOES,Adidas Sliders,31549,2,07-09-25,Pending,,N/A
FK-2814,Customer_1814,BOOKS,Rich Dad Poor Dad,68130,1,07-01-25,Returned,Kolkata,9
FK-2815,Customer_1815,Electronics,Boat Airdopes,21142,1,,Delivered,Gurgaon,5%
FK-2816,Customer_1816,Clothing,Jacket,Rs. 53955,1,Jul 13 2025,Canceled,Pune,29
FK-2817,Customer_1817,Clothing,Jeans,41871,2,18-01-25,delivered,Bengaluru,8
FK-2818,Customer_1818,,Sony Headphones,24274,1,06-05-25,Returned,Mumbai,28
FK-2819,Customer_1819,Home & Kitchen,Bajaj Iron,45689,1,15-03-25,delivered,Bengaluru,4
FK-2820,Customer_1820,Books,Python Crash Course,27792,1,18-06-25,Delivered,Pune,4
FK-2821,Customer_1821,Home & Kitchen,Prestige Cooker,6890,two,22-12-25,returned,Mumbai,NULL
2822,Customer_1822,Electronics,Sony Headphones,35333,2,28-02-26,Pending,Pune,3
FK-2823,Customer_1823,Beauty,Lakme Eyeliner,₹56366,2,04-11-25,delivered,BLR,3%
fk-2824,Customer_1824,Shoes,Nike Running Shoes,16438,2,22-04-25,Shipped,Hyd,22
FK-2825,Customer_1825,Home & Kitchen,Prestige Cooker,66790,1,03-03-26,delivered,Mumbai,21
FK-2826,Customer_1826,Books,Dune,Rs. 45246,1,Nov 10 2025,Returned,Gurgaon,13
2827,Customer_1827,Shoes,Adidas Sliders,-41655,3,08-12-25,Canceled,Hyd,18
FK-2828,Customer_1828,Shoes,Adidas Sliders,,2,11-08-25,returned,,4
FK-2829,Customer_1829,Shoes,Adidas Sliders,61229,1,28-11-25,returned,Chennai,
FK-2830,Customer_1830,Clothing,Jeans,8532,2,14-04-25,returned,Gurgaon,NULL
FK-2831,Customer_1831,Shoes,Adidas Sliders,64571,4,Feb 20 2025,Returned,BLR,3
FK-2831,Customer_1831,Shoes,Adidas Sliders,64571,4,Feb 20 2025,Returned,BLR,3
2832,Customer_1832,books,Python Crash Course,24325,1,30-03-25,Shipped,Hyderabad,7%
fk-2833,Customer_1833,Beauty,Nivea Lotion,₹16365,1,31-01-25,Shipped,,24
FK-2834,Customer_1834,Clothing,Jeans,,3,18-12-25,Pending,Mumbai,8
FK-2835,Customer_1835,ELECTRONICS,Sony Headphones,56130,3,14-11-25,Pending,,14
FK-2836,Customer_1836,,Boat Airdopes,40973,5,14-01-26,Returned,Mumbai,9
FK-2837,Customer_1837,Clothing,Saree,35031,2,18-12-25,Canceled,Chennai,14
FK-2838,Customer_1838,Electronics,Dell Mouse,17197,1,12-05-25,Shipped,Kolkata,9
FK-2839,Customer_1839,Clothing,Men's T-Shirt,₹53558,5,20-04-26,Delivered,Hyderabad,N/A
fk-2840,Customer_1840,electronics,Apple iPhone 15,20410,2,20-04-26,Canceled,BLR,18%
fk-2841,Customer_1841,Books,Dune,50514,1,19-02-26,Delivered,BLR,16
FK-2842,Customer_1842,clothing,Women's Kurta,7211,two,20-11-25,returned,Hyderabad,4
FK-2843,Customer_1843,electronics,Boat Airdopes,51327,1,07-02-26,Shipped,Pune,28
FK-2844,Customer_1844,home & kitchen,Bajaj Iron,37036,2,29-03-26,Pending,Chennai,N/A
FK-2845,Customer_1845,,Dell Mouse,34800,2,04-04-25,Canceled,Gurgaon,21%
FK-2846,Customer_1846,BEAUTY,Maybelline Lipstick,17849,1,31-01-26,returned,Hyderabad,0
fk-2847,Customer_1847,Shoes,Nike Running Shoes,-13465,2,20-02-26,delivered,Kolkata,19
FK-2848,Customer_1848,,HP Pavilion Laptop,52010,1,10-11-25,Shipped,Chennai,10
FK-2849,Customer_1849,Electronics,Samsung Galaxy M14,64878,-1,21-05-25,Delivered,BLR,
FK-2850,Customer_1850,beauty,Maybelline Lipstick,14597,1,30-06-25,Shipped,Delhi,24
FK-2851,Customer_1851,Clothing,Saree,Rs. 46764,1,14-07-25,Shipped,Hyd,21
fk-2852,Customer_1852,Clothing,Jacket,-44063,1,04-05-26,Delivered,Hyderabad,19
FK-2853,Customer_1853,Beauty,Maybelline Lipstick,46577,1,07-01-25,delivered,Kolkata,13%
FK-2854,Customer_1854,Shoes,Nike Running Shoes,24048,,31-08-25,Shipped,Delhi,15
FK-2855,Customer_1855,Electronics,Boat Airdopes,37278,1,31-03-26,Delivered,Bengaluru,
FK-2856,Customer_1856,Beauty,Lakme Eyeliner,13083,5,24-02-25,Returned,Delhi,0
FK-2857,Customer_1857,electronics,Apple iPhone 15,₹68515,1,20-02-26,Canceled,Hyderabad,3
FK-2858,Customer_1858,Shoes,Puma Sneakers,13840,2,16-01-26,Canceled,Mumbai,NULL
FK-2859,Customer_1859,Clothing,Men's T-Shirt,39038,1,19-03-26,Shipped,Kolkata,30
FK-2860,Customer_1860,Shoes,Nike Running Shoes,36285,1,16-12-25,Canceled,Mumbai,23
FK-2861,Customer_1861,Beauty,Lakme Eyeliner,₹9036,one,15-02-25,delivered,BLR,N/A
FK-2862,Customer_1862,electronics,Sony Headphones,41307,2,27-09-25,returned,,24
2863,Customer_1863,Shoes,Puma Sneakers,58646,3,Dec 03 2025,delivered,Hyd,N/A
FK-2864,,HOME & KITCHEN,Pigeon Gas Stove,66258,1,19-07-25,delivered,Kolkata,19
FK-2865,Customer_1865,Beauty,Lakme Eyeliner,43054,1,27-03-26,Shipped,Gurgaon,25%
FK-2866,Customer_1866,Home & Kitchen,Bajaj Iron,26035,4,Jul 02 2025,Canceled,,30%
2867,Customer_1867,Beauty,Lakme Eyeliner,55220,1,18-06-25,Canceled,BLR,13
FK-2868,Customer_1868,Shoes,Puma Sneakers,Rs. 29489,1,Jan 18 2025,returned,Kolkata,24
FK-2869,Customer_1869,Electronics,Apple iPhone 15,18454,1,27-04-25,Returned,Chennai,13%
FK-2870,Customer_1870,Shoes,Puma Sneakers,25465,1,17-11-25,Shipped,Mumbai,28%
FK-2871,Customer_1871,Books,Rich Dad Poor Dad,62107,2,May 12 2026,delivered,BLR,27
FK-2872,Customer_1872,Clothing,Men's T-Shirt,,1,07-10-25,Returned,Gurgaon,25
FK-2873,Customer_1873,beauty,Maybelline Lipstick,33567,3,,Returned,Chennai,23
FK-2874,Customer_1874,Shoes,Nike Running Shoes,59893,1,18-07-25,Pending,Kolkata,28
FK-2875,Customer_1875,Clothing,Women's Kurta,-44698,1,20-12-25,delivered,BLR,7
FK-2876,Customer_1876,Electronics,Sony Headphones,39882,1,06-03-26,delivered,Chennai,3
FK-2877,Customer_1877,Clothing,Men's T-Shirt,,1,05-01-26,Returned,Pune,23
FK-2878,Customer_1878,Shoes,Puma Sneakers,62956,3,07-12-25,Pending,Hyderabad,13
FK-2879,Customer_1879,Beauty,Nivea Lotion,Rs. 4074,,12-06-25,delivered,,2
FK-2880,Customer_1880,Home & Kitchen,Milton Thermos,₹38928,2,03-10-25,Pending,Hyderabad,8
FK-2881,Customer_1881,shoes,Nike Running Shoes,,2,20-06-25,returned,Gurgaon,6%
FK-2882,Customer_1882,Shoes,Nike Running Shoes,40420,1,15-01-25,Shipped,,28
FK-2883,Customer_1883,Home & Kitchen,Prestige Cooker,32300,1,11-12-25,returned,Chennai,18
FK-2884,Customer_1884,Beauty,Lakme Eyeliner,61236,1,12-02-25,Returned,,20
FK-2885,Customer_1885,Shoes,Adidas Sliders,₹36058,1,03-05-26,Pending,Gurgaon,17
FK-2886,Customer_1886,Electronics,Samsung Galaxy M14,22575,5,15-02-25,Shipped,Gurgaon,25
fk-2887,Customer_1887,Shoes,Adidas Sliders,6982,1,07-05-26,returned,Pune,9
FK-2888,Customer_1888,Books,Dune,57766,1,,Pending,Delhi,3
FK-2889,Customer_1889,Clothing,Men's T-Shirt,56264,1,31-05-25,Pending,Hyd,12
FK-2890,Customer_1890,Electronics,Apple iPhone 15,₹71910,4,25-06-25,delivered,Gurgaon,21
FK-2891,Customer_1891,Shoes,Adidas Sliders,44698,1,07-04-26,returned,Hyd,
FK-2892,Customer_1892,Books,Rich Dad Poor Dad,67587,3,15-09-25,Pending,Chennai,15%
fk-2893,Customer_1893,Books,Dune,-61208,1,27-04-25,Delivered,Chennai,N/A
FK-2894,Customer_1894,Clothing,Jeans,50063,1,Nov 22 2025,Shipped,Hyd,12
FK-2895,Customer_1895,Books,Python Crash Course,22259,2,08-10-25,delivered,Gurgaon,NULL
FK-2896,Customer_1896,Beauty,Lakme Eyeliner,900,2,25-05-25,Delivered,Hyd,29
FK-2897,Customer_1897,CLOTHING,Jeans,62235,two,05-03-26,Returned,Hyd,9
FK-2898,Customer_1898,Clothing,Men's T-Shirt,₹56108,1,May 26 2025,Pending,Hyd,2
FK-2899,Customer_1899,Shoes,Puma Sneakers,9990,1,01-04-25,Pending,Delhi,2
FK-2900,Customer_1900,Clothing,Women's Kurta,36689,2,06-02-26,Delivered,,9
FK-2901,Customer_1901,home & kitchen,Bajaj Iron,5594,1,12-01-26,Delivered,Delhi,8
FK-2902,Customer_1902,Clothing,Women's Kurta,54473,1,,delivered,Delhi,17
2903,Customer_1903,Clothing,Men's T-Shirt,₹69152,4,12-04-26,Delivered,Bengaluru,15
FK-2904,Customer_1904,Books,Dune,14159,2,Jan 13 2025,Canceled,Chennai,N/A
FK-2905,Customer_1905,Books,Atomic Habits,₹10948,1,13-01-26,returned,Delhi,2
FK-2906,Customer_1906,Shoes,Puma Sneakers,₹17735,1,16-05-25,delivered,Bengaluru,16%
FK-2907,Customer_1907,Electronics,Boat Airdopes,21330,2,06-03-25,Returned,Gurgaon,15%
FK-2908,Customer_1908,Books,Atomic Habits,27413,1,08-07-25,delivered,Pune,0
FK-2909,Customer_1909,Beauty,Lakme Eyeliner,40403,1,29-01-26,Pending,BLR,16
FK-2910,Customer_1910,Home & Kitchen,Pigeon Gas Stove,30484,2,28-12-25,Shipped,Chennai,4
2911,,clothing,Women's Kurta,Rs. 7717,1,,Shipped,Chennai,6
FK-2912,Customer_1912,Shoes,Nike Running Shoes,34859,1,28-12-25,Shipped,Hyderabad,24
fk-2913,Customer_1913,SHOES,Nike Running Shoes,36303,2,18-05-25,Canceled,Hyderabad,29
FK-2914,Customer_1914,Electronics,Samsung Galaxy M14,48519,4,05-07-25,returned,Delhi,6
FK-2915,Customer_1915,Books,Atomic Habits,26205,two,01-06-25,delivered,Hyderabad,13%
FK-2916,Customer_1916,Books,Dune,6635,2,29-01-26,Delivered,Pune,19
FK-2917,Customer_1917,Beauty,Maybelline Lipstick,3851,two,03-09-25,Shipped,Hyderabad,10%
FK-2918,Customer_1918,Books,Atomic Habits,17056,1,Mar 13 2025,Delivered,,24
FK-2919,Customer_1919,Books,Dune,35510,2,09-01-26,delivered,Gurgaon,11
2920,Customer_1920,Beauty,Maybelline Lipstick,24862,2,22-08-25,Shipped,Bengaluru,28
2920,Customer_1920,Beauty,Maybelline Lipstick,24862,2,22-08-25,Shipped,Bengaluru,28
FK-2921,Customer_1921,home & kitchen,Bajaj Iron,₹29999,2,19-12-25,returned,Gurgaon,30
FK-2922,Customer_1922,Beauty,Nivea Lotion,₹37760,1,Jan 19 2026,Shipped,Bengaluru,24
FK-2923,Customer_1923,Beauty,Maybelline Lipstick,31972,999,30-10-25,Shipped,Hyderabad,29
FK-2924,Customer_1924,,HP Pavilion Laptop,₹38491,1,04-12-25,Delivered,,30
FK-2925,Customer_1925,Books,Python Crash Course,18359,1,07-01-25,delivered,Chennai,24
FK-2926,Customer_1926,Books,Dune,63162,2,25-03-25,Canceled,Delhi,N/A
FK-2927,Customer_1927,Home & Kitchen,Prestige Cooker,63058,1,31-12-25,delivered,Delhi,13
FK-2928,Customer_1928,Home & Kitchen,Bajaj Iron,39001,1,18-10-25,returned,BLR,23
FK-2929,Customer_1929,Shoes,Puma Sneakers,₹18725,1,01-09-25,Returned,BLR,
FK-2930,Customer_1930,Books,Python Crash Course,9482,1,24-08-25,Shipped,Chennai,4%
FK-2931,Customer_1931,,Boat Airdopes,₹59213,1,25-08-25,Shipped,Chennai,12
FK-2932,Customer_1932,Electronics,Boat Airdopes,27907,2,May 07 2026,returned,BLR,15
FK-2933,Customer_1933,Shoes,Nike Running Shoes,67486,2,04-10-25,Delivered,Delhi,1%
fk-2934,Customer_1934,Beauty,Lakme Eyeliner,30990,1,19-11-25,delivered,BLR,29
FK-2935,Customer_1935,Beauty,Lakme Eyeliner,61309,-1,03-06-25,Shipped,Hyderabad,24
2936,Customer_1936,,Samsung Galaxy M14,Rs. 29324,1,05-01-25,Shipped,,28
FK-2937,Customer_1937,Beauty,Maybelline Lipstick,Rs. 1640,1,29-06-25,Delivered,Hyderabad,7
FK-2938,Customer_1938,Electronics,Dell Mouse,1795,1,08-10-25,returned,Chennai,14
FK-2939,Customer_1939,Clothing,Jeans,36825,1,14-10-25,Shipped,Delhi,9%
FK-2940,Customer_1940,Books,Python Crash Course,3600,1,13-04-25,Delivered,Delhi,6
FK-2941,Customer_1941,Beauty,Maybelline Lipstick,50953,1,08-01-25,delivered,BLR,3
FK-2942,Customer_1942,Electronics,Boat Airdopes,Rs. 13138,1,05-04-26,Delivered,Hyd,20
FK-2943,Customer_1943,Electronics,Apple iPhone 15,15561,3,01-06-25,Pending,Delhi,NULL
FK-2944,Customer_1944,,HP Pavilion Laptop,,3,06-09-25,Pending,Hyd,21%
FK-2945,Customer_1945,Clothing,Saree,70543,1,09-04-26,Delivered,Gurgaon,14
FK-2946,Customer_1946,Books,Dune,45996,1,12-12-25,Returned,Gurgaon,4
FK-2947,Customer_1947,Electronics,Sony Headphones,51220,4,14-12-25,delivered,Bengaluru,0
FK-2948,Customer_1948,Books,Atomic Habits,₹35873,3,02-12-25,delivered,Gurgaon,21
fk-2949,Customer_1949,electronics,Sony Headphones,Rs. 4573,1,27-11-25,delivered,Hyd,15
FK-2950,Customer_1950,Clothing,Saree,62806,1,21-05-25,Canceled,Pune,16
FK-2951,Customer_1951,HOME & KITCHEN,Bajaj Iron,-18796,1,Jan 31 2026,Canceled,Delhi,17%
FK-2952,Customer_1952,Books,Dune,₹25799,5,23-10-25,delivered,Hyd,24
FK-2953,Customer_1953,home & kitchen,Bajaj Iron,12340,1,Feb 18 2026,Returned,Bengaluru,N/A
FK-2954,Customer_1954,Clothing,Jeans,₹21401,1,04-05-26,Pending,Pune,N/A
FK-2955,Customer_1955,Books,Rich Dad Poor Dad,61601,5,Dec 31 2025,Canceled,,10
FK-2956,Customer_1956,Home & Kitchen,Bajaj Iron,-42307,2,01-03-26,Canceled,Hyderabad,13
FK-2957,Customer_1957,Books,Python Crash Course,-48999,1,12-04-25,returned,Chennai,9
FK-2958,Customer_1958,ELECTRONICS,Dell Mouse,70303,1,Jan 13 2025,Pending,Hyderabad,NULL
FK-2959,Customer_1959,Shoes,Adidas Sliders,64228,3,23-10-25,returned,Hyd,12
FK-2960,Customer_1960,Home & Kitchen,Prestige Cooker,-69364,1,22-10-25,Returned,Bengaluru,3
FK-2961,Customer_1961,Beauty,Nivea Lotion,Rs. 19234,1,23-03-26,delivered,Chennai,25
2962,Customer_1962,Shoes,Adidas Sliders,61862,1,29-03-25,Shipped,Mumbai,19
FK-2963,Customer_1963,Home & Kitchen,Pigeon Gas Stove,Rs. 65921,2,16-01-25,Delivered,,NULL
FK-2964,Customer_1964,Beauty,Lakme Eyeliner,11262,2,27-06-25,Delivered,Bengaluru,4%
FK-2965,Customer_1965,Electronics,Boat Airdopes,52704,1,04-04-26,Returned,Kolkata,11
FK-2966,,Beauty,Lakme Eyeliner,45211,1,29-09-25,Returned,,7%
FK-2967,Customer_1967,Clothing,Women's Kurta,49366,1,Apr 14 2025,delivered,Hyderabad,18
FK-2968,Customer_1968,Clothing,Men's T-Shirt,74676,2,Jul 15 2025,Delivered,Pune,1
FK-2969,Customer_1969,electronics,Sony Headphones,-34053,1,03-01-25,Canceled,Delhi,18
fk-2970,Customer_1970,Clothing,Saree,27266,2,12-11-25,returned,Kolkata,13
FK-2971,Customer_1971,Electronics,Samsung Galaxy M14,17717,2,19-02-26,Canceled,Mumbai,5%
FK-2972,Customer_1972,Books,Atomic Habits,68203,1,21-01-26,Shipped,Hyderabad,20
FK-2973,Customer_1973,Books,Dune,₹36990,1,08-11-25,delivered,Hyderabad,11
FK-2974,Customer_1974,Beauty,Lakme Eyeliner,49953,1,09-02-25,Canceled,,23
FK-2975,Customer_1975,Clothing,Saree,39126,1,,Shipped,Pune,7
FK-2976,Customer_1976,Books,Python Crash Course,24256,999,14-11-25,Returned,Hyd,1
FK-2977,Customer_1977,Shoes,Nike Running Shoes,63018,2,05-11-25,delivered,Chennai,22
FK-2978,Customer_1978,Home & Kitchen,Pigeon Gas Stove,42578,1,Mar 27 2026,Shipped,,21
FK-2979,Customer_1979,Shoes,Nike Running Shoes,36208,2,06-08-25,Canceled,BLR,7
FK-2980,Customer_1980,Clothing,Jacket,56152,1,,Pending,,20
FK-2981,Customer_1981,Books,Atomic Habits,74734,1,07-08-25,Shipped,Hyd,N/A
fk-2982,Customer_1982,Home & Kitchen,Pigeon Gas Stove,35913,,09-03-26,Canceled,Chennai,8
2983,Customer_1983,Beauty,Lakme Eyeliner,Rs. 44701,999,01-07-25,Canceled,Bengaluru,29
2983,Customer_1983,Beauty,Lakme Eyeliner,Rs. 44701,999,01-07-25,Canceled,Bengaluru,29
FK-2984,Customer_1984,Books,Python Crash Course,48754,1,15-06-25,delivered,Delhi,23%
FK-2985,Customer_1985,Beauty,Maybelline Lipstick,,1,16-09-25,Returned,Mumbai,22
FK-2986,Customer_1986,Clothing,Women's Kurta,Rs. 26459,1,05-01-25,returned,Kolkata,13
fk-2987,Customer_1987,Clothing,Saree,585,1,31-01-25,Pending,Kolkata,20
FK-2988,Customer_1988,Electronics,Apple iPhone 15,Rs. 36214,3,,Canceled,Hyderabad,6
FK-2989,Customer_1989,Home & Kitchen,Milton Thermos,39782,1,,Canceled,Delhi,0
FK-2990,Customer_1990,shoes,Adidas Sliders,₹28850,3,20-07-25,returned,Mumbai,18%
FK-2991,Customer_1991,home & kitchen,Prestige Cooker,43203,3,31-03-25,Shipped,Kolkata,24
FK-2991,Customer_1991,home & kitchen,Prestige Cooker,43203,3,31-03-25,Shipped,Kolkata,24
FK-2992,Customer_1992,Clothing,Jeans,68063,1,21-01-25,Pending,Delhi,
FK-2993,Customer_1993,shoes,Puma Sneakers,62131,1,24-12-25,Canceled,Mumbai,2
fk-2994,Customer_1994,clothing,Saree,33049,2,13-04-26,Pending,Gurgaon,4
FK-2995,Customer_1995,Shoes,Nike Running Shoes,Rs. 61608,2,13-02-25,Pending,Chennai,NULL
FK-2996,Customer_1996,,HP Pavilion Laptop,806,1,Feb 07 2026,delivered,Hyderabad,26
FK-2997,Customer_1997,Beauty,Nivea Lotion,,2,25-10-25,Delivered,Pune,6
fk-2998,,Beauty,Nivea Lotion,18084,1,05-04-26,returned,Kolkata,10%
fk-2998,,Beauty,Nivea Lotion,18084,1,05-04-26,returned,Kolkata,10%
FK-2999,Customer_1999,Clothing,Saree,19450,1,01-02-25,returned,Kolkata,25%
FK-3000,Customer_2000,HOME & KITCHEN,Bajaj Iron,424,1,11-10-25,returned,Mumbai,6
FK-3001,Customer_2001,Beauty,Maybelline Lipstick,65293,,11-01-26,Returned,Hyderabad,7
FK-3002,Customer_2002,Home & Kitchen,Milton Thermos,55346,2,,Pending,Mumbai,
FK-3003,Customer_2003,Clothing,Women's Kurta,64004,1,05-08-25,returned,Pune,1
fk-3004,Customer_2004,Clothing,Women's Kurta,Rs. 41860,1,13-01-26,delivered,Mumbai,N/A
FK-3005,Customer_2005,Clothing,Jacket,26090,1,Dec 18 2025,Canceled,Bengaluru,3%
FK-3006,Customer_2006,Shoes,Adidas Sliders,Rs. 1181,1,05-04-26,returned,Mumbai,20
fk-3007,,Shoes,Puma Sneakers,Rs. 13708,1,29-07-25,Canceled,Gurgaon,8
3008,Customer_2008,Shoes,Nike Running Shoes,Rs. 27038,3,Dec 19 2025,Delivered,Hyderabad,8
FK-3009,Customer_2009,Shoes,Puma Sneakers,26333,1,14-06-25,delivered,Pune,22
FK-3010,Customer_2010,Beauty,Nivea Lotion,-16473,1,13-05-26,Shipped,Mumbai,12
FK-3011,Customer_2011,Shoes,Puma Sneakers,13739,1,05-02-25,delivered,Hyderabad,7
FK-3012,Customer_2012,,Dell Mouse,,1,27-11-25,Shipped,Delhi,3
FK-3013,Customer_2013,Clothing,Jacket,19415,1,Apr 07 2026,Delivered,Gurgaon,5
3014,Customer_2014,Clothing,Men's T-Shirt,20878,4,11-12-25,Delivered,Gurgaon,10%
FK-3015,Customer_2015,Clothing,Women's Kurta,19331,4,29-05-25,Canceled,Gurgaon,1
FK-3016,Customer_2016,beauty,Nivea Lotion,₹50893,4,12-01-26,delivered,Kolkata,12
FK-3017,Customer_2017,Electronics,Boat Airdopes,15733,1,19-08-25,Delivered,Hyderabad,7
FK-3018,Customer_2018,Beauty,Lakme Eyeliner,Rs. 57087,3,18-08-25,Delivered,Delhi,0
FK-3019,Customer_2019,books,Rich Dad Poor Dad,8496,2,04-02-26,returned,Hyderabad,27
FK-3020,Customer_2020,Clothing,Jacket,20372,1,02-10-25,Returned,Hyd,26
fk-3021,Customer_2021,beauty,Nivea Lotion,-45661,1,01-08-25,returned,Pune,29
FK-3022,Customer_2022,Books,Atomic Habits,Rs. 47375,2,16-05-26,delivered,Hyd,6%
FK-3023,Customer_2023,Clothing,Men's T-Shirt,45806,2,24-12-25,Returned,Delhi,
FK-3024,Customer_2024,Beauty,Maybelline Lipstick,20223,5,,returned,Mumbai,2
FK-3025,Customer_2025,Books,Python Crash Course,62326,5,23-02-26,Shipped,Chennai,25
FK-3026,Customer_2026,books,Rich Dad Poor Dad,₹22597,,Mar 14 2026,Canceled,Gurgaon,13
FK-3027,Customer_2027,Home & Kitchen,Milton Thermos,,1,22-12-25,returned,Mumbai,
FK-3028,Customer_2028,shoes,Adidas Sliders,8934,5,24-03-26,Shipped,BLR,23
FK-3029,Customer_2029,Home & Kitchen,Pigeon Gas Stove,60898,1,11-04-25,Canceled,BLR,21
FK-3030,Customer_2030,Books,Python Crash Course,45476,5,May 09 2025,Canceled,Hyderabad,2
FK-3031,Customer_2031,Electronics,Sony Headphones,-70270,1,11-05-25,Shipped,Hyd,30
3032,Customer_2032,Beauty,Maybelline Lipstick,Rs. 4502,2,15-12-25,returned,,0
FK-3033,Customer_2033,Shoes,Puma Sneakers,₹50017,1,04-03-26,Canceled,Bengaluru,15
FK-3034,Customer_2034,Home & Kitchen,Milton Thermos,55632,two,10-11-25,Pending,Bengaluru,1%
FK-3035,Customer_2035,Books,Atomic Habits,68739,2,10-04-26,Shipped,BLR,4%
FK-3036,Customer_2036,Shoes,Adidas Sliders,30473,1,29-07-25,Canceled,Bengaluru,NULL
FK-3037,Customer_2037,Shoes,Adidas Sliders,70671,1,11-09-25,Pending,Hyd,12
FK-3038,Customer_2038,Books,Rich Dad Poor Dad,62526,2,08-02-25,Shipped,Gurgaon,14
FK-3039,Customer_2039,Beauty,Nivea Lotion,46142,999,17-04-25,Shipped,BLR,2%
FK-3040,Customer_2040,Books,Dune,34271,1,02-05-26,delivered,Bengaluru,21
FK-3041,Customer_2041,Books,Dune,Rs. 39696,1,29-12-25,Delivered,Pune,2
FK-3042,,home & kitchen,Bajaj Iron,12349,1,29-01-26,Shipped,Hyderabad,7
FK-3043,,Electronics,HP Pavilion Laptop,41563,1,21-11-25,Shipped,Pune,10
FK-3044,Customer_2044,Books,Python Crash Course,74264,1,20-10-25,delivered,Mumbai,8
FK-3045,Customer_2045,CLOTHING,Men's T-Shirt,-72194,1,Mar 27 2026,Shipped,,9
FK-3046,Customer_2046,Shoes,Adidas Sliders,₹51686,5,14-05-25,Returned,Pune,19
FK-3047,Customer_2047,Clothing,Jeans,71134,2,27-10-25,delivered,Kolkata,19
FK-3048,Customer_2048,Books,Python Crash Course,23424,2,29-05-25,Pending,Gurgaon,
FK-3049,Customer_2049,Electronics,Samsung Galaxy M14,13514,3,22-06-25,Shipped,,14
FK-3050,Customer_2050,Shoes,Nike Running Shoes,50404,3,18-07-25,Pending,Pune,5
FK-3051,Customer_2051,Beauty,Nivea Lotion,49112,2,21-08-25,delivered,Hyderabad,25
FK-3052,Customer_2052,Beauty,Maybelline Lipstick,12355,2,01-05-25,Shipped,Hyderabad,25
FK-3053,Customer_2053,Clothing,Men's T-Shirt,63412,1,22-07-25,Shipped,Pune,22
FK-3054,Customer_2054,Electronics,Boat Airdopes,43335,1,06-08-25,returned,Gurgaon,3
3055,Customer_2055,Shoes,Puma Sneakers,₹48265,1,22-04-25,Canceled,Hyd,30
FK-3056,Customer_2056,books,Rich Dad Poor Dad,5249,1,01-12-25,delivered,Chennai,20%
FK-3057,Customer_2057,CLOTHING,Women's Kurta,21340,2,04-12-25,Canceled,Gurgaon,30
FK-3058,Customer_2058,Electronics,Dell Mouse,51590,2,08-05-25,returned,Bengaluru,15
FK-3059,Customer_2059,home & kitchen,Prestige Cooker,31577,3,25-05-25,Shipped,Kolkata,19%
3060,Customer_2060,beauty,Lakme Eyeliner,53935,4,27-07-25,returned,Hyd,30%
FK-3061,Customer_2061,Books,Python Crash Course,Rs. 7710,1,03-10-25,Delivered,BLR,18%
fk-3062,,Books,Rich Dad Poor Dad,,1,10-07-25,returned,Pune,18
FK-3063,Customer_2063,Shoes,Adidas Sliders,,1,07-05-26,Pending,Kolkata,11
FK-3064,Customer_2064,electronics,Boat Airdopes,74285,2,15-05-26,delivered,,19
FK-3065,Customer_2065,,Apple iPhone 15,54772,4,07-01-26,Pending,Hyderabad,15
FK-3066,Customer_2066,Beauty,Nivea Lotion,53498,3,08-10-25,Delivered,Gurgaon,21
FK-3067,Customer_2067,Shoes,Nike Running Shoes,Rs. 32331,3,06-09-25,Canceled,,13
FK-3068,Customer_2068,Clothing,Women's Kurta,Rs. 20518,1,20-02-26,Canceled,Hyderabad,25
FK-3069,Customer_2069,,HP Pavilion Laptop,68996,1,15-06-25,Returned,Chennai,15%
FK-3070,Customer_2070,SHOES,Adidas Sliders,62007,3,23-02-25,Delivered,Hyderabad,11
FK-3071,Customer_2071,Shoes,Puma Sneakers,₹44178,1,15-03-25,Delivered,Pune,1
FK-3072,Customer_2072,Electronics,Boat Airdopes,₹74383,1,06-02-26,Returned,Hyderabad,30
FK-3072,Customer_2072,Electronics,Boat Airdopes,₹74383,1,06-02-26,Returned,Hyderabad,30
fk-3073,Customer_2073,Beauty,Maybelline Lipstick,Rs. 16373,2,19-11-25,Shipped,Mumbai,30
3074,Customer_2074,home & kitchen,Bajaj Iron,₹7154,1,27-10-25,Pending,Bengaluru,27
FK-3075,Customer_2075,Electronics,Samsung Galaxy M14,Rs. 4818,1,26-08-25,Delivered,Kolkata,
FK-3076,Customer_2076,shoes,Nike Running Shoes,Rs. 7221,2,,returned,,19
FK-3077,Customer_2077,Books,Dune,47852,1,19-01-26,Pending,Pune,1
FK-3078,Customer_2078,,Sony Headphones,41088,1,08-07-25,Shipped,BLR,NULL
FK-3079,Customer_2079,Electronics,Dell Mouse,43076,2,,Returned,Hyderabad,9
FK-3080,Customer_2080,Books,Dune,4006,1,03-06-25,delivered,Chennai,5
FK-3081,Customer_2081,Electronics,Apple iPhone 15,52635,1,14-04-26,Pending,,
FK-3082,Customer_2082,Beauty,Nivea Lotion,Rs. 45877,1,04-10-25,returned,Kolkata,4
fk-3083,Customer_2083,Beauty,Nivea Lotion,,2,04-09-25,delivered,Mumbai,6%
FK-3084,Customer_2084,Books,Rich Dad Poor Dad,₹67323,1,29-04-26,Returned,Kolkata,1
FK-3085,Customer_2085,Electronics,Apple iPhone 15,64646,1,27-01-25,delivered,Mumbai,11
FK-3086,Customer_2086,,Samsung Galaxy M14,Rs. 16254,1,Feb 01 2026,Returned,Bengaluru,16
fk-3087,Customer_2087,Electronics,Boat Airdopes,,1,,delivered,Kolkata,5
FK-3088,,Clothing,Women's Kurta,₹45156,1,12-11-25,returned,Bengaluru,
FK-3089,Customer_2089,Beauty,Lakme Eyeliner,27961,1,08-02-25,returned,Pune,6%
FK-3090,Customer_2090,Home & Kitchen,Prestige Cooker,33940,,03-02-25,Shipped,Chennai,12
FK-3091,Customer_2091,Books,Dune,7578,1,08-07-25,Canceled,Kolkata,0%
3092,Customer_2092,Shoes,Nike Running Shoes,17852,1,12-01-26,Canceled,,23%
FK-3093,Customer_2093,Shoes,Nike Running Shoes,Rs. 46347,1,03-05-26,Pending,Mumbai,26
FK-3094,Customer_2094,Shoes,Puma Sneakers,30065,1,27-04-26,Pending,Kolkata,1
FK-3095,Customer_2095,Clothing,Saree,18276,3,24-09-25,returned,Kolkata,4%
FK-3096,Customer_2096,,Dell Mouse,15216,2,22-02-25,Pending,Kolkata,30
FK-3097,Customer_2097,Shoes,Adidas Sliders,,1,,Canceled,Bengaluru,16
FK-3098,Customer_2098,ELECTRONICS,HP Pavilion Laptop,Rs. 23746,4,26-04-26,Pending,Chennai,4
FK-3099,Customer_2099,shoes,Puma Sneakers,,2,16-05-25,Canceled,Hyd,16
FK-3100,Customer_2100,Shoes,Nike Running Shoes,28280,1,07-11-25,Pending,Pune,13
FK-3101,Customer_2101,Clothing,Women's Kurta,₹50899,1,13-11-25,delivered,Hyd,16
FK-3102,Customer_2102,books,Dune,53398,3,18-12-25,Delivered,Mumbai,20
FK-3103,Customer_2103,Shoes,Adidas Sliders,74084,2,09-06-25,Canceled,Mumbai,16
FK-3104,Customer_2104,Home & Kitchen,Bajaj Iron,49103,one,12-01-26,Pending,Mumbai,10
FK-3105,,Clothing,Saree,Rs. 31889,2,09-02-26,Returned,Kolkata,6
3106,Customer_2106,Books,Python Crash Course,62855,2,26-05-25,Delivered,Gurgaon,18
FK-3107,Customer_2107,Books,Dune,Rs. 1436,2,15-05-26,returned,Hyderabad,11
FK-3108,Customer_2108,Beauty,Lakme Eyeliner,62544,2,31-05-25,Pending,Hyderabad,8
FK-3109,Customer_2109,Books,Atomic Habits,4835,1,Sep 26 2025,Canceled,Mumbai,12
FK-3110,Customer_2110,Shoes,Nike Running Shoes,74926,2,01-09-25,Shipped,Pune,24
FK-3111,Customer_2111,Home & Kitchen,Milton Thermos,43416,3,26-07-25,Returned,Gurgaon,28
FK-3112,Customer_2112,Beauty,Nivea Lotion,65926,1,Jan 03 2026,Returned,Bengaluru,2
FK-3113,Customer_2113,Shoes,Nike Running Shoes,39372,3,14-02-26,Delivered,,3
fk-3114,Customer_2114,Home & Kitchen,Prestige Cooker,54775,1,14-07-25,Canceled,Chennai,
FK-3115,,Beauty,Lakme Eyeliner,31023,1,13-09-25,Returned,Mumbai,29
fk-3116,Customer_2116,Beauty,Nivea Lotion,Rs. 53404,-1,10-01-26,Delivered,BLR,N/A
FK-3117,Customer_2117,books,Atomic Habits,57317,,23-05-25,Canceled,BLR,NULL
FK-3118,Customer_2118,Books,Atomic Habits,35991,2,Jan 10 2025,Shipped,Hyderabad,11
FK-3119,Customer_2119,Beauty,Lakme Eyeliner,49494,1,14-06-25,returned,Kolkata,6
FK-3120,Customer_2120,Books,Rich Dad Poor Dad,68140,1,20-10-25,delivered,BLR,19
3121,Customer_2121,Clothing,Saree,35473,two,30-11-25,returned,,8
FK-3122,Customer_2122,Clothing,Saree,66512,1,25-12-25,Pending,,27
FK-3123,Customer_2123,Home & Kitchen,Pigeon Gas Stove,29320,1,04-05-25,Canceled,Bengaluru,NULL
FK-3124,Customer_2124,Home & Kitchen,Bajaj Iron,Rs. 66376,3,29-10-25,Returned,,22
FK-3125,Customer_2125,Shoes,Puma Sneakers,23362,1,09-04-25,Delivered,,2%
FK-3126,Customer_2126,Clothing,Women's Kurta,33161,1,25-04-25,Delivered,Mumbai,11
FK-3127,Customer_2127,Shoes,Adidas Sliders,47129,4,23-05-25,Shipped,Kolkata,3
FK-3128,,Beauty,Lakme Eyeliner,49760,3,09-03-25,Delivered,Bengaluru,21
FK-3129,Customer_2129,electronics,HP Pavilion Laptop,72575,2,28-01-25,returned,Delhi,NULL
FK-3130,Customer_2130,Beauty,Nivea Lotion,Rs. 63848,1,30-07-25,Shipped,Pune,24
FK-3131,Customer_2131,Shoes,Nike Running Shoes,10954,1,Feb 24 2026,Pending,Gurgaon,11
FK-3132,Customer_2132,books,Rich Dad Poor Dad,70939,1,01-03-26,Delivered,Bengaluru,19
FK-3133,Customer_2133,Shoes,Adidas Sliders,64952,2,08-03-25,Delivered,Hyderabad,19
FK-3134,Customer_2134,SHOES,Puma Sneakers,43645,2,21-09-25,returned,Delhi,8%
FK-3135,Customer_2135,Shoes,Nike Running Shoes,36154,1,31-01-25,Delivered,Pune,9
FK-3136,Customer_2136,Books,Dune,34649,1,30-11-25,Canceled,Delhi,30
FK-3137,Customer_2137,Shoes,Nike Running Shoes,,1,10-04-25,Canceled,Pune,
FK-3138,Customer_2138,Books,Python Crash Course,67029,1,28-08-25,Shipped,Bengaluru,18
FK-3139,Customer_2139,Shoes,Nike Running Shoes,5103,2,02-06-25,Canceled,Chennai,15%
FK-3140,,,Dell Mouse,34485,1,,Canceled,Delhi,16
FK-3141,Customer_2141,Home & Kitchen,Pigeon Gas Stove,₹27493,1,15-03-25,Canceled,Hyd,14
FK-3142,Customer_2142,Home & Kitchen,Pigeon Gas Stove,59495,1,26-02-26,returned,Hyderabad,5
FK-3143,Customer_2143,Electronics,HP Pavilion Laptop,Rs. 3282,1,02-03-26,returned,Pune,N/A
FK-3144,Customer_2144,CLOTHING,Saree,43558,1,11-10-25,delivered,Chennai,10
FK-3145,Customer_2145,Beauty,Nivea Lotion,67614,1,10-05-26,Pending,Pune,
FK-3146,,Electronics,Samsung Galaxy M14,13269,1,19-02-26,delivered,Hyd,
FK-3146,,Electronics,Samsung Galaxy M14,13269,1,19-02-26,delivered,Hyd,
FK-3147,Customer_2147,Home & Kitchen,Bajaj Iron,₹62781,one,17-04-25,Shipped,Delhi,0
FK-3148,Customer_2148,Home & Kitchen,Milton Thermos,Rs. 22530,,12-01-25,delivered,Hyderabad,30
FK-3149,Customer_2149,Books,Dune,51944,1,Apr 22 2025,Shipped,Pune,29
3150,Customer_2150,Clothing,Jeans,37554,2,Sep 08 2025,returned,Kolkata,12
FK-3151,Customer_2151,clothing,Saree,₹62233,3,Oct 07 2025,Shipped,BLR,1
3152,Customer_2152,Clothing,Women's Kurta,74123,2,01-05-26,Shipped,Pune,7
FK-3153,Customer_2153,Beauty,Nivea Lotion,35054,1,25-10-25,Shipped,Chennai,24
FK-3154,Customer_2154,Home & Kitchen,Prestige Cooker,37360,2,09-05-25,Pending,Kolkata,18
FK-3155,Customer_2155,Electronics,Samsung Galaxy M14,59949,3,03-02-26,Shipped,,28
FK-3156,Customer_2156,Beauty,Nivea Lotion,42892,1,01-03-25,Delivered,Gurgaon,NULL
FK-3157,Customer_2157,Beauty,Maybelline Lipstick,₹67820,1,27-10-25,Canceled,Bengaluru,16
FK-3158,Customer_2158,Shoes,Adidas Sliders,33819,2,,Returned,Hyd,19
3159,,Books,Atomic Habits,51970,1,04-09-25,Pending,Bengaluru,26
FK-3160,Customer_2160,clothing,Saree,3911,1,25-07-25,Delivered,BLR,21
FK-3161,Customer_2161,Books,Dune,61905,1,26-05-25,Pending,Hyderabad,11
FK-3162,Customer_2162,Electronics,Samsung Galaxy M14,6824,1,16-07-25,Shipped,Hyd,20
FK-3163,Customer_2163,Beauty,Nivea Lotion,-48871,1,Feb 13 2026,Canceled,Hyd,
FK-3164,,Home & Kitchen,Pigeon Gas Stove,19336,3,24-06-25,returned,Pune,15%
FK-3165,Customer_2165,Shoes,Puma Sneakers,36593,4,23-05-25,Canceled,Hyderabad,13
FK-3165,Customer_2165,Shoes,Puma Sneakers,36593,4,23-05-25,Canceled,Hyderabad,13
FK-3166,Customer_2166,HOME & KITCHEN,Bajaj Iron,12923,3,12-06-25,Returned,Delhi,14
FK-3167,Customer_2167,Electronics,Dell Mouse,-66585,1,Jan 06 2026,Returned,Hyd,6
FK-3168,Customer_2168,Electronics,Boat Airdopes,8569,3,09-04-25,delivered,,8
FK-3169,Customer_2169,,HP Pavilion Laptop,,1,10-06-25,returned,Mumbai,10%
FK-3170,Customer_2170,Electronics,Samsung Galaxy M14,57880,2,14-11-25,Shipped,Mumbai,20
FK-3171,Customer_2171,SHOES,Adidas Sliders,56697,1,29-11-25,Returned,Gurgaon,N/A
FK-3172,Customer_2172,home & kitchen,Prestige Cooker,31801,3,27-12-25,Shipped,Mumbai,25
FK-3173,Customer_2173,Home & Kitchen,Bajaj Iron,3132,3,12-01-25,Returned,Delhi,28
FK-3174,Customer_2174,Beauty,Maybelline Lipstick,69911,1,25-03-26,Returned,,5
FK-3175,Customer_2175,Home & Kitchen,Prestige Cooker,Rs. 20636,2,Feb 02 2025,Canceled,Chennai,21
3176,Customer_2176,Shoes,Puma Sneakers,₹28740,1,Sep 11 2025,Pending,,26
FK-3177,Customer_2177,Clothing,Jeans,48661,1,09-02-26,Canceled,Hyderabad,27
FK-3178,,Books,Dune,Rs. 61731,2,18-10-25,Shipped,Delhi,15
FK-3179,Customer_2179,SHOES,Puma Sneakers,₹26074,1,26-02-25,Canceled,Bengaluru,9
FK-3180,Customer_2180,beauty,Maybelline Lipstick,19873,1,10-05-26,delivered,Hyd,
FK-3181,Customer_2181,Home & Kitchen,Pigeon Gas Stove,60696,-1,08-10-25,Pending,Chennai,5
FK-3182,Customer_2182,Electronics,Boat Airdopes,30814,4,23-06-25,Pending,Delhi,20
3183,Customer_2183,beauty,Nivea Lotion,18510,1,22-06-25,returned,Chennai,22
FK-3184,Customer_2184,clothing,Men's T-Shirt,₹16977,1,09-06-25,delivered,Mumbai,
FK-3185,Customer_2185,Beauty,Lakme Eyeliner,65546,1,28-03-25,delivered,,26
FK-3186,Customer_2186,Shoes,Nike Running Shoes,8724,2,06-02-25,returned,,29%
FK-3187,Customer_2187,Home & Kitchen,Prestige Cooker,22267,5,27-02-26,Pending,Pune,12
3188,Customer_2188,Electronics,Dell Mouse,44941,1,25-10-25,Pending,Mumbai,30
FK-3189,Customer_2189,,Boat Airdopes,56267,2,Sep 09 2025,Canceled,Gurgaon,12
FK-3190,Customer_2190,Home & Kitchen,Pigeon Gas Stove,15088,1,24-03-26,Canceled,,27
FK-3191,Customer_2191,Shoes,Nike Running Shoes,42477,1,12-09-25,Pending,BLR,27
FK-3192,Customer_2192,Clothing,Men's T-Shirt,,,16-03-26,Pending,Bengaluru,2
FK-3193,Customer_2193,Beauty,Lakme Eyeliner,38150,1,04-01-26,Delivered,BLR,5
FK-3194,Customer_2194,,Samsung Galaxy M14,Rs. 74659,1,02-01-25,Pending,Bengaluru,11
3195,Customer_2195,Books,Rich Dad Poor Dad,₹44669,1,22-10-25,Pending,,22
FK-3196,Customer_2196,Home & Kitchen,Milton Thermos,73351,2,11-10-25,Delivered,Bengaluru,
FK-3197,,Electronics,Samsung Galaxy M14,52785,3,18-08-25,delivered,Mumbai,1
FK-3198,Customer_2198,Electronics,Apple iPhone 15,-44610,3,11-05-26,returned,Bengaluru,30
FK-3199,Customer_2199,Shoes,Nike Running Shoes,56092,2,24-04-25,Returned,,26
FK-3200,Customer_2200,Electronics,Samsung Galaxy M14,1289,1,26-01-25,Canceled,Bengaluru,NULL
FK-3201,Customer_2201,Shoes,Nike Running Shoes,₹17617,1,,delivered,Hyderabad,28
FK-3202,Customer_2202,shoes,Puma Sneakers,12310,1,Mar 27 2025,Canceled,Gurgaon,16
FK-3203,Customer_2203,Books,Dune,-11473,1,03-04-25,returned,Gurgaon,8%
FK-3204,,clothing,Women's Kurta,65444,1,03-08-25,Delivered,,14
FK-3205,Customer_2205,Clothing,Saree,Rs. 40453,,16-03-26,Delivered,Kolkata,1
FK-3205,Customer_2205,Clothing,Saree,Rs. 40453,,16-03-26,Delivered,Kolkata,1
FK-3206,Customer_2206,Beauty,Nivea Lotion,₹13619,999,14-03-26,returned,Kolkata,
fk-3207,Customer_2207,Clothing,Men's T-Shirt,73541,3,02-10-25,Canceled,Bengaluru,3%
FK-3208,,Clothing,Men's T-Shirt,47254,-1,26-01-26,Pending,Pune,28
FK-3209,Customer_2209,Home & Kitchen,Bajaj Iron,35963,1,09-02-26,delivered,Bengaluru,20
FK-3210,Customer_2210,Clothing,Jeans,59639,1,,Canceled,BLR,28
FK-3211,Customer_2211,shoes,Adidas Sliders,40262,1,19-06-25,Delivered,Hyderabad,5
FK-3212,Customer_2212,Beauty,Maybelline Lipstick,22488,2,Sep 01 2025,Shipped,Mumbai,24
FK-3213,Customer_2213,Clothing,Jeans,₹60985,3,18-09-25,returned,Bengaluru,4%
FK-3214,Customer_2214,Clothing,Men's T-Shirt,58249,5,02-04-25,Delivered,Chennai,NULL
FK-3215,Customer_2215,Home & Kitchen,Pigeon Gas Stove,69445,1,19-03-26,Delivered,Pune,14
FK-3216,Customer_2216,Clothing,Jacket,Rs. 36318,5,09-04-26,Canceled,Hyderabad,23
FK-3217,Customer_2217,Books,Atomic Habits,60455,two,07-08-25,delivered,Bengaluru,22
FK-3218,Customer_2218,Electronics,HP Pavilion Laptop,Rs. 18263,3,,returned,Delhi,
FK-3219,Customer_2219,Clothing,Men's T-Shirt,₹11992,1,24-11-25,returned,Hyd,8
FK-3220,Customer_2220,BEAUTY,Nivea Lotion,,2,20-10-25,delivered,Bengaluru,18
FK-3221,Customer_2221,Clothing,Men's T-Shirt,29752,1,05-08-25,returned,Chennai,3
3222,Customer_2222,Books,Dune,71783,2,04-10-25,Pending,Pune,30
FK-3223,Customer_2223,Electronics,Dell Mouse,18840,2,17-05-25,Canceled,Chennai,24
FK-3224,Customer_2224,Clothing,Women's Kurta,₹20413,2,28-03-26,Delivered,Kolkata,19
FK-3225,Customer_2225,Electronics,Apple iPhone 15,-29225,1,31-03-26,Returned,Mumbai,15
3226,Customer_2226,Electronics,Dell Mouse,2443,1,05-02-26,Delivered,,8%
FK-3227,Customer_2227,Home & Kitchen,Bajaj Iron,53159,2,Sep 06 2025,returned,Bengaluru,15
FK-3228,,Shoes,Puma Sneakers,-35916,2,03-02-26,Delivered,Bengaluru,11
FK-3229,Customer_2229,Clothing,Women's Kurta,15886,1,14-12-25,Delivered,Gurgaon,NULL
FK-3230,Customer_2230,Home & Kitchen,Bajaj Iron,₹60779,2,13-03-26,Canceled,BLR,13
FK-3231,Customer_2231,Home & Kitchen,Milton Thermos,Rs. 55133,1,31-08-25,Returned,Hyd,26
FK-3232,Customer_2232,Home & Kitchen,Milton Thermos,₹52680,1,02-01-25,Pending,Mumbai,17%
FK-3233,Customer_2233,Electronics,HP Pavilion Laptop,50297,1,14-01-26,returned,Delhi,0
FK-3234,Customer_2234,Electronics,Boat Airdopes,72911,1,01-11-25,Pending,Pune,18
FK-3235,Customer_2235,Books,Rich Dad Poor Dad,39878,1,Jul 25 2025,Shipped,Pune,6
FK-3236,Customer_2236,Clothing,Men's T-Shirt,49495,2,11-05-26,delivered,BLR,21
FK-3237,Customer_2237,Books,Python Crash Course,₹27893,1,19-08-25,Pending,,14
FK-3238,Customer_2238,shoes,Nike Running Shoes,₹52103,1,27-05-25,returned,,10
FK-3239,Customer_2239,Electronics,Sony Headphones,-65600,2,21-01-26,Canceled,Bengaluru,6
FK-3240,Customer_2240,Electronics,Dell Mouse,41480,3,14-06-25,Pending,Chennai,1
fk-3241,Customer_2241,Books,Python Crash Course,-71044,1,12-03-25,delivered,Delhi,20
FK-3242,Customer_2242,Clothing,Men's T-Shirt,₹3530,2,24-06-25,Canceled,Mumbai,25
FK-3243,Customer_2243,Electronics,HP Pavilion Laptop,Rs. 37540,1,08-06-25,Pending,Hyd,12%
FK-3244,Customer_2244,Shoes,Nike Running Shoes,18014,1,07-10-25,Delivered,Kolkata,N/A
FK-3245,Customer_2245,,Boat Airdopes,8489,3,13-11-25,Canceled,Delhi,10
FK-3246,Customer_2246,Beauty,Nivea Lotion,53774,1,05-04-26,Pending,Delhi,7
FK-3247,Customer_2247,Clothing,Men's T-Shirt,Rs. 36580,1,16-10-25,returned,Hyderabad,13
FK-3248,Customer_2248,Beauty,Maybelline Lipstick,-36678,1,16-09-25,delivered,Mumbai,N/A
FK-3249,Customer_2249,Books,Dune,52850,2,05-11-25,delivered,Hyd,25
fk-3250,Customer_2250,Clothing,Jeans,Rs. 53471,4,28-03-25,Returned,Pune,7
FK-3251,Customer_2251,Home & Kitchen,Pigeon Gas Stove,28341,1,11-05-25,delivered,,8
FK-3252,Customer_2252,Beauty,Lakme Eyeliner,7451,2,02-03-26,returned,Hyderabad,12
FK-3253,Customer_2253,Clothing,Jeans,Rs. 6381,3,04-09-25,Shipped,Gurgaon,1%
FK-3254,Customer_2254,Clothing,Saree,37890,5,12-12-25,Shipped,Pune,27
FK-3255,Customer_2255,Home & Kitchen,Milton Thermos,4243,1,07-11-25,Returned,,22
FK-3256,Customer_2256,Beauty,Nivea Lotion,42133,2,01-03-26,Pending,Hyd,5
FK-3257,Customer_2257,Home & Kitchen,Milton Thermos,10681,1,20-02-26,Canceled,BLR,9
FK-3258,Customer_2258,Clothing,Jeans,24350,1,08-11-25,Returned,BLR,2
3259,Customer_2259,,HP Pavilion Laptop,29145,2,01-10-25,Delivered,Hyd,30
FK-3260,Customer_2260,Clothing,Men's T-Shirt,66869,1,06-12-25,Pending,Chennai,14
FK-3261,Customer_2261,Clothing,Women's Kurta,26156,1,Dec 22 2025,returned,Gurgaon,7
FK-3262,Customer_2262,Books,Atomic Habits,71974,one,Apr 21 2026,Shipped,Gurgaon,18
FK-3263,Customer_2263,Beauty,Nivea Lotion,₹67346,1,26-11-25,Returned,Bengaluru,
FK-3264,Customer_2264,BOOKS,Dune,,3,28-05-25,returned,Delhi,1
FK-3265,Customer_2265,Books,Dune,67601,1,23-03-26,Delivered,Hyderabad,19
FK-3266,Customer_2266,Beauty,Nivea Lotion,10277,1,,returned,Kolkata,6
FK-3267,Customer_2267,Electronics,HP Pavilion Laptop,49816,2,14-07-25,Shipped,Hyd,7
FK-3268,Customer_2268,Home & Kitchen,Milton Thermos,67024,1,Aug 09 2025,delivered,BLR,NULL
FK-3269,Customer_2269,,Sony Headphones,52680,,09-02-26,returned,Hyd,4
FK-3270,Customer_2270,Clothing,Saree,18814,3,02-07-25,Canceled,,17
3271,Customer_2271,Home & Kitchen,Prestige Cooker,64397,1,08-07-25,Delivered,Gurgaon,19
FK-3272,Customer_2272,Beauty,Nivea Lotion,,1,12-04-25,Returned,Pune,25%
FK-3273,Customer_2273,BOOKS,Python Crash Course,55261,1,12-04-25,returned,Bengaluru,7
FK-3274,Customer_2274,Clothing,Women's Kurta,73529,1,14-03-25,delivered,Pune,15
FK-3275,Customer_2275,Clothing,Women's Kurta,,4,08-01-25,returned,,27
FK-3276,Customer_2276,Books,Dune,7272,2,Jun 11 2025,Canceled,Pune,3
FK-3276,Customer_2276,Books,Dune,7272,2,Jun 11 2025,Canceled,Pune,3
FK-3277,Customer_2277,Home & Kitchen,Prestige Cooker,23258,,06-03-26,returned,Gurgaon,29
FK-3278,Customer_2278,Shoes,Adidas Sliders,4717,2,Apr 15 2025,returned,Mumbai,10
FK-3279,Customer_2279,Shoes,Adidas Sliders,26421,4,,Shipped,BLR,29
FK-3280,Customer_2280,Books,Atomic Habits,₹38538,1,01-12-25,delivered,Gurgaon,30
FK-3281,Customer_2281,Shoes,Adidas Sliders,₹15754,1,04-01-26,Delivered,Mumbai,N/A
FK-3282,Customer_2282,Electronics,Dell Mouse,Rs. 50622,2,15-11-25,delivered,Hyderabad,23
FK-3283,Customer_2283,Clothing,Jacket,56276,1,30-04-25,returned,Chennai,
FK-3284,Customer_2284,home & kitchen,Prestige Cooker,14217,3,28-06-25,Shipped,BLR,7
3285,Customer_2285,Electronics,Dell Mouse,Rs. 41549,1,18-08-25,delivered,Mumbai,
FK-3286,Customer_2286,home & kitchen,Prestige Cooker,22144,1,28-04-26,Returned,Hyderabad,29
FK-3287,Customer_2287,Shoes,Puma Sneakers,-8148,3,18-10-25,delivered,Kolkata,22
3288,Customer_2288,Books,Atomic Habits,28695,2,11-03-25,Delivered,Chennai,6
FK-3289,Customer_2289,Clothing,Jeans,33037,1,11-06-25,delivered,Pune,5
FK-3290,Customer_2290,Home & Kitchen,Prestige Cooker,74101,1,03-02-25,delivered,Hyd,5%
3291,Customer_2291,Beauty,Lakme Eyeliner,34395,1,May 21 2025,Delivered,Delhi,27%
FK-3292,Customer_2292,Home & Kitchen,Bajaj Iron,Rs. 45902,1,02-04-25,returned,Chennai,0
FK-3293,Customer_2293,Home & Kitchen,Pigeon Gas Stove,36689,2,26-07-25,Shipped,Bengaluru,24
FK-3294,Customer_2294,Beauty,Maybelline Lipstick,32515,1,13-03-26,Returned,,25
3295,Customer_2295,Beauty,Maybelline Lipstick,₹28636,one,,Delivered,Chennai,3
FK-3296,Customer_2296,SHOES,Puma Sneakers,55470,2,24-12-25,Shipped,Mumbai,22
FK-3297,Customer_2297,Beauty,Nivea Lotion,73918,1,20-06-25,Returned,Pune,4
FK-3298,Customer_2298,Clothing,Women's Kurta,7254,1,,Shipped,Chennai,29
FK-3299,Customer_2299,Beauty,Maybelline Lipstick,31837,2,22-10-25,Canceled,Chennai,1
FK-3300,Customer_2300,Books,Atomic Habits,29520,3,09-01-25,Returned,Delhi,24
FK-3300,Customer_2300,Books,Atomic Habits,29520,3,09-01-25,Returned,Delhi,24
FK-3301,Customer_2301,Clothing,Women's Kurta,6437,1,Jan 18 2026,Delivered,Delhi,13
FK-3302,Customer_2302,Clothing,Men's T-Shirt,47256,999,13-10-25,delivered,Chennai,10
FK-3303,Customer_2303,beauty,Nivea Lotion,Rs. 22646,1,Jun 18 2025,Shipped,Mumbai,17
FK-3304,Customer_2304,Beauty,Maybelline Lipstick,3484,1,12-05-26,Canceled,Hyderabad,24
FK-3305,Customer_2305,Electronics,Sony Headphones,51206,2,Feb 28 2026,Delivered,Gurgaon,0
FK-3306,Customer_2306,Clothing,Men's T-Shirt,43733,1,,Delivered,Gurgaon,8
FK-3307,Customer_2307,Clothing,Women's Kurta,Rs. 22793,1,26-06-25,Canceled,Mumbai,5
FK-3308,Customer_2308,,HP Pavilion Laptop,,1,16-03-26,Delivered,Hyderabad,4
FK-3309,Customer_2309,books,Rich Dad Poor Dad,38469,2,25-04-25,returned,Gurgaon,13
FK-3310,Customer_2310,Books,Python Crash Course,15715,2,31-01-26,Delivered,,5
FK-3311,Customer_2311,Electronics,Apple iPhone 15,₹37971,1,15-02-26,Canceled,,14
FK-3312,Customer_2312,Clothing,Women's Kurta,72030,1,13-02-25,Pending,Bengaluru,1
FK-3313,Customer_2313,Clothing,Men's T-Shirt,41208,3,17-09-25,returned,Chennai,10
3314,Customer_2314,beauty,Maybelline Lipstick,27204,two,02-01-26,Shipped,BLR,14
FK-3315,Customer_2315,Beauty,Nivea Lotion,32162,1,28-10-25,Pending,Delhi,4
FK-3316,Customer_2316,Beauty,Lakme Eyeliner,66300,-1,05-03-26,Canceled,BLR,19
fk-3317,Customer_2317,Clothing,Saree,5383,2,17-10-25,delivered,Bengaluru,11%
FK-3318,Customer_2318,Home & Kitchen,Pigeon Gas Stove,₹49523,1,14-06-25,Canceled,Chennai,28
FK-3319,Customer_2319,Home & Kitchen,Pigeon Gas Stove,6549,1,,delivered,BLR,8
FK-3320,Customer_2320,Books,Atomic Habits,11824,one,15-08-25,Pending,Gurgaon,23
FK-3321,Customer_2321,CLOTHING,Saree,38815,2,12-05-25,Delivered,Hyderabad,30
FK-3322,Customer_2322,,Dell Mouse,30793,one,15-09-25,Shipped,Hyderabad,26
FK-3323,Customer_2323,Clothing,Women's Kurta,64105,1,Feb 04 2025,returned,BLR,0
fk-3324,Customer_2324,Electronics,Apple iPhone 15,7981,1,10-06-25,Shipped,Mumbai,20%
FK-3325,Customer_2325,Books,Python Crash Course,34960,1,13-03-25,Shipped,Mumbai,7
FK-3326,Customer_2326,Electronics,Apple iPhone 15,,1,26-01-26,Returned,BLR,
FK-3327,Customer_2327,Electronics,Sony Headphones,56148,2,21-06-25,Shipped,Chennai,
FK-3328,Customer_2328,Shoes,Nike Running Shoes,28653,5,17-04-25,returned,Mumbai,22
FK-3329,Customer_2329,clothing,Men's T-Shirt,18339,1,25-09-25,delivered,,26
FK-3330,Customer_2330,Beauty,Nivea Lotion,65497,1,17-05-25,Delivered,BLR,NULL
FK-3331,Customer_2331,Beauty,Lakme Eyeliner,39674,1,29-04-26,delivered,Kolkata,21
FK-3332,Customer_2332,Home & Kitchen,Prestige Cooker,35753,2,Dec 07 2025,delivered,Pune,N/A
FK-3333,Customer_2333,Shoes,Nike Running Shoes,₹53789,2,13-01-26,Returned,Delhi,NULL
FK-3334,Customer_2334,home & kitchen,Prestige Cooker,33615,1,,Pending,BLR,24
FK-3335,Customer_2335,Electronics,Dell Mouse,₹7603,2,21-03-26,Delivered,Mumbai,
FK-3336,Customer_2336,electronics,Boat Airdopes,₹2158,1,30-12-25,returned,Kolkata,21
FK-3337,Customer_2337,CLOTHING,Jacket,38508,2,31-01-26,Delivered,Hyderabad,24
FK-3338,Customer_2338,Clothing,Saree,73602,2,23-03-25,Canceled,Chennai,26
FK-3339,Customer_2339,Electronics,Apple iPhone 15,₹6346,1,10-10-25,delivered,BLR,6
FK-3340,Customer_2340,Electronics,Boat Airdopes,₹53654,1,Mar 24 2025,delivered,Mumbai,11
FK-3341,,Clothing,Saree,65905,1,12-03-26,Returned,,N/A
FK-3342,Customer_2342,Home & Kitchen,Prestige Cooker,8289,2,03-06-25,Delivered,Hyderabad,30
FK-3343,Customer_2343,,Samsung Galaxy M14,Rs. 13846,1,17-04-25,Delivered,Mumbai,N/A
FK-3344,Customer_2344,clothing,Women's Kurta,19404,one,05-01-25,Delivered,Hyderabad,4
FK-3345,Customer_2345,Beauty,Nivea Lotion,64009,2,30-09-25,Canceled,,12%
FK-3346,Customer_2346,electronics,Samsung Galaxy M14,67136,2,26-09-25,Canceled,Bengaluru,18
3347,Customer_2347,Clothing,Men's T-Shirt,71691,1,11-05-25,Shipped,Hyd,18
FK-3348,Customer_2348,Clothing,Men's T-Shirt,₹25793,1,23-12-25,Returned,Hyderabad,15
FK-3349,Customer_2349,electronics,Sony Headphones,Rs. 54722,1,25-02-25,Canceled,BLR,27
3350,,Beauty,Nivea Lotion,27161,1,Jun 02 2025,Returned,Gurgaon,6%
FK-3351,,Home & Kitchen,Prestige Cooker,Rs. 70269,1,28-01-25,Canceled,Gurgaon,15
FK-3352,Customer_2352,HOME & KITCHEN,Pigeon Gas Stove,31341,4,30-11-25,Shipped,Bengaluru,13
3353,Customer_2353,Electronics,Sony Headphones,74752,1,14-07-25,delivered,Chennai,9%
FK-3354,Customer_2354,Books,Python Crash Course,74299,5,20-12-25,Delivered,BLR,27
FK-3355,Customer_2355,Shoes,Puma Sneakers,31279,1,30-01-25,Delivered,Hyderabad,6
FK-3356,Customer_2356,Books,Atomic Habits,66333,1,22-01-26,Pending,Delhi,1
FK-3357,Customer_2357,Electronics,Sony Headphones,35734,1,Mar 08 2025,Shipped,BLR,NULL
FK-3358,Customer_2358,Beauty,Lakme Eyeliner,-51209,2,31-01-25,Delivered,Pune,NULL
3359,Customer_2359,clothing,Saree,,1,30-12-25,delivered,Pune,21
FK-3360,Customer_2360,Beauty,Nivea Lotion,59635,1,05-04-25,Shipped,Delhi,5
FK-3361,Customer_2361,Home & Kitchen,Milton Thermos,7692,5,Jan 19 2025,Shipped,Bengaluru,10
FK-3362,Customer_2362,Electronics,Apple iPhone 15,9362,1,28-02-26,Shipped,Delhi,5
FK-3363,Customer_2363,Shoes,Puma Sneakers,-49852,1,Nov 15 2025,returned,Bengaluru,
FK-3364,Customer_2364,Home & Kitchen,Prestige Cooker,-74834,one,Jan 11 2026,delivered,,11
FK-3365,Customer_2365,Books,Atomic Habits,31254,1,28-09-25,Canceled,Hyderabad,
FK-3366,Customer_2366,Shoes,Adidas Sliders,42848,1,03-02-26,Shipped,Kolkata,8
FK-3367,Customer_2367,Shoes,Puma Sneakers,-46431,2,26-11-25,delivered,,3
FK-3368,Customer_2368,BOOKS,Atomic Habits,49472,1,Dec 28 2025,Pending,Gurgaon,24
fk-3369,Customer_2369,Shoes,Nike Running Shoes,42583,5,04-02-25,Canceled,Bengaluru,22
FK-3370,Customer_2370,HOME & KITCHEN,Milton Thermos,17609,1,25-08-25,returned,Kolkata,0
FK-3371,Customer_2371,shoes,Puma Sneakers,,1,18-02-25,returned,BLR,15
FK-3372,Customer_2372,Shoes,Nike Running Shoes,₹39334,1,06-12-25,delivered,Hyd,N/A
FK-3373,Customer_2373,Beauty,Nivea Lotion,45626,3,24-02-26,delivered,Hyd,25
FK-3374,Customer_2374,Home & Kitchen,Pigeon Gas Stove,39662,1,28-02-26,Shipped,Gurgaon,NULL
FK-3375,Customer_2375,,HP Pavilion Laptop,54957,3,13-12-25,Canceled,Delhi,22
3376,Customer_2376,books,Python Crash Course,31723,one,,Shipped,Kolkata,8
FK-3377,Customer_2377,Clothing,Jacket,63905,4,03-02-25,Shipped,Pune,2
FK-3378,Customer_2378,Shoes,Adidas Sliders,30362,4,03-10-25,Shipped,Bengaluru,1%
FK-3379,Customer_2379,Beauty,Lakme Eyeliner,20386,1,14-05-25,Returned,Chennai,3
FK-3380,Customer_2380,clothing,Women's Kurta,10031,1,May 19 2025,returned,Chennai,27
FK-3381,Customer_2381,Electronics,Apple iPhone 15,-45528,2,21-09-25,Canceled,BLR,19
FK-3382,Customer_2382,Beauty,Maybelline Lipstick,2332,1,Aug 08 2025,returned,Gurgaon,15
FK-3383,Customer_2383,Home & Kitchen,Pigeon Gas Stove,₹34562,1,13-04-26,delivered,Chennai,NULL
3384,Customer_2384,shoes,Nike Running Shoes,52315,2,10-05-26,Delivered,Hyd,17%
FK-3385,Customer_2385,Shoes,Adidas Sliders,56676,5,11-09-25,Shipped,Hyd,9
FK-3386,Customer_2386,HOME & KITCHEN,Pigeon Gas Stove,28458,two,Oct 06 2025,Shipped,Hyd,19%
FK-3387,Customer_2387,Books,Dune,51648,1,,Returned,Bengaluru,30
FK-3388,Customer_2388,Clothing,Men's T-Shirt,27032,5,06-02-26,Shipped,Kolkata,10
FK-3389,Customer_2389,Shoes,Puma Sneakers,Rs. 70361,1,,Canceled,BLR,27
FK-3390,Customer_2390,Electronics,Apple iPhone 15,63634,5,31-01-25,Shipped,Kolkata,18
FK-3391,Customer_2391,clothing,Saree,5963,1,27-04-26,Canceled,Kolkata,11
FK-3392,Customer_2392,Books,Dune,65377,1,16-04-26,Canceled,Bengaluru,15
FK-3393,Customer_2393,Electronics,Dell Mouse,11889,1,12-12-25,Pending,Mumbai,5
FK-3394,Customer_2394,Books,Dune,70810,2,24-09-25,Shipped,Hyderabad,25
FK-3395,Customer_2395,Home & Kitchen,Prestige Cooker,53273,5,20-02-26,Canceled,Mumbai,15
FK-3396,Customer_2396,Home & Kitchen,Milton Thermos,-4791,1,,returned,BLR,15
FK-3397,Customer_2397,,Boat Airdopes,53976,4,20-02-25,Shipped,Bengaluru,N/A
FK-3398,Customer_2398,Clothing,Saree,42738,1,13-07-25,delivered,Mumbai,N/A
FK-3399,Customer_2399,Books,Dune,6254,5,22-04-25,Pending,,NULL
FK-3400,Customer_2400,Beauty,Maybelline Lipstick,38436,1,27-09-25,Delivered,Bengaluru,29
FK-3400,Customer_2400,Beauty,Maybelline Lipstick,38436,1,27-09-25,Delivered,Bengaluru,29
FK-3401,,home & kitchen,Pigeon Gas Stove,67751,2,12-06-25,Shipped,BLR,10
FK-3402,Customer_2402,Beauty,Maybelline Lipstick,36118,4,24-12-25,Pending,Pune,1
FK-3403,Customer_2403,Electronics,HP Pavilion Laptop,32066,2,21-07-25,Returned,Chennai,4
FK-3404,Customer_2404,Shoes,Puma Sneakers,49821,2,29-04-26,delivered,Kolkata,
FK-3405,Customer_2405,Clothing,Jacket,26546,1,03-01-25,Returned,Delhi,9
fk-3406,Customer_2406,Books,Atomic Habits,70978,1,09-05-25,Delivered,BLR,N/A
FK-3407,Customer_2407,Home & Kitchen,Pigeon Gas Stove,45772,1,,Shipped,Kolkata,28
FK-3408,Customer_2408,Shoes,Adidas Sliders,73854,two,20-02-25,delivered,Gurgaon,12
FK-3409,Customer_2409,Beauty,Nivea Lotion,57870,1,13-04-25,Delivered,Hyderabad,2
FK-3410,Customer_2410,beauty,Maybelline Lipstick,4669,2,11-12-25,Pending,Chennai,24
FK-3411,Customer_2411,beauty,Maybelline Lipstick,34390,2,,Pending,Gurgaon,9
FK-3412,Customer_2412,,Samsung Galaxy M14,37909,2,19-10-25,returned,Chennai,30
FK-3413,Customer_2413,home & kitchen,Prestige Cooker,22008,1,30-11-25,Returned,BLR,15
FK-3414,Customer_2414,Home & Kitchen,Bajaj Iron,₹58060,1,10-07-25,Canceled,Delhi,NULL
FK-3415,Customer_2415,Home & Kitchen,Bajaj Iron,62618,1,22-11-25,Canceled,Delhi,3
FK-3416,Customer_2416,Electronics,Boat Airdopes,59158,1,31-03-26,Delivered,Delhi,28
FK-3417,Customer_2417,BEAUTY,Maybelline Lipstick,63331,3,14-12-25,Delivered,Chennai,21
FK-3418,Customer_2418,Clothing,Saree,34279,1,22-10-25,Shipped,Bengaluru,19
FK-3419,Customer_2419,Beauty,Maybelline Lipstick,-12343,1,30-07-25,Delivered,Pune,NULL
FK-3420,Customer_2420,Electronics,Sony Headphones,₹27165,2,31-10-25,returned,Hyderabad,21
FK-3421,Customer_2421,Home & Kitchen,Pigeon Gas Stove,Rs. 65179,2,12-05-26,delivered,Hyd,4
FK-3422,Customer_2422,Books,Atomic Habits,24657,2,Feb 03 2026,Pending,Bengaluru,NULL
FK-3423,Customer_2423,Shoes,Adidas Sliders,₹24927,1,16-09-25,returned,BLR,23
FK-3424,Customer_2424,Beauty,Maybelline Lipstick,₹24482,1,12-02-26,Shipped,Hyd,25
FK-3425,Customer_2425,Books,Python Crash Course,₹57684,1,04-08-25,returned,Kolkata,16
FK-3426,Customer_2426,Beauty,Nivea Lotion,₹34632,1,01-06-25,returned,BLR,22
FK-3427,Customer_2427,Shoes,Puma Sneakers,12150,3,18-08-25,Canceled,Pune,8
FK-3428,Customer_2428,Books,Rich Dad Poor Dad,21189,two,12-08-25,Pending,,
FK-3429,Customer_2429,HOME & KITCHEN,Prestige Cooker,27967,2,29-08-25,Canceled,Chennai,28
FK-3430,Customer_2430,Beauty,Lakme Eyeliner,16467,3,09-01-25,returned,Mumbai,9%
FK-3431,Customer_2431,,Samsung Galaxy M14,Rs. 6015,1,14-01-25,Delivered,Gurgaon,12%
FK-3432,Customer_2432,Books,Rich Dad Poor Dad,70236,2,05-09-25,delivered,,19
FK-3433,Customer_2433,Beauty,Lakme Eyeliner,73591,3,25-10-25,Delivered,Delhi,NULL
FK-3434,Customer_2434,Shoes,Adidas Sliders,11424,1,16-02-25,Pending,Gurgaon,22
FK-3435,,Shoes,Puma Sneakers,₹62021,1,10-11-25,Shipped,Pune,11
FK-3436,Customer_2436,Shoes,Adidas Sliders,38215,5,09-02-26,Shipped,Kolkata,N/A
FK-3437,Customer_2437,,Apple iPhone 15,66870,2,13-05-25,Shipped,Kolkata,2
FK-3438,Customer_2438,Books,Python Crash Course,,1,,delivered,Mumbai,24
FK-3439,Customer_2439,Books,Dune,-43429,1,20-11-25,Shipped,BLR,6%
FK-3440,Customer_2440,Home & Kitchen,Prestige Cooker,70321,1,04-01-25,Returned,BLR,22
FK-3441,Customer_2441,Electronics,Dell Mouse,₹66150,1,20-07-25,Delivered,Kolkata,12
FK-3442,Customer_2442,Electronics,Boat Airdopes,18950,1,01-01-26,returned,Pune,3
FK-3443,Customer_2443,Shoes,Nike Running Shoes,-28337,2,07-04-25,delivered,Hyderabad,22
FK-3444,Customer_2444,,Sony Headphones,43085,1,21-10-25,Returned,Kolkata,1
FK-3445,Customer_2445,Clothing,Jacket,71576,2,27-02-26,delivered,Hyd,8%
FK-3446,Customer_2446,shoes,Nike Running Shoes,28033,1,28-05-25,returned,Hyderabad,30
FK-3447,Customer_2447,books,Atomic Habits,25333,2,26-02-25,Shipped,Hyderabad,15
3448,Customer_2448,Books,Dune,46613,1,,Shipped,BLR,2
FK-3449,Customer_2449,Beauty,Lakme Eyeliner,38914,3,08-01-25,Returned,Chennai,13
FK-3450,Customer_2450,Shoes,Adidas Sliders,24158,1,15-01-25,Pending,Delhi,2
FK-3451,Customer_2451,Electronics,Samsung Galaxy M14,21402,2,28-06-25,Shipped,Mumbai,18%
FK-3452,Customer_2452,Beauty,Lakme Eyeliner,₹40655,1,03-04-25,Canceled,Delhi,15
FK-3453,Customer_2453,Home & Kitchen,Milton Thermos,₹39300,4,09-10-25,Canceled,,20
FK-3454,,Clothing,Jacket,58391,1,21-08-25,returned,,6
FK-3455,Customer_2455,Shoes,Nike Running Shoes,₹32353,1,Jul 24 2025,Delivered,Delhi,20
FK-3456,Customer_2456,Books,Rich Dad Poor Dad,₹38033,1,28-03-26,Pending,Chennai,24
FK-3457,Customer_2457,Beauty,Lakme Eyeliner,20283,5,28-02-25,Canceled,Kolkata,11
FK-3458,Customer_2458,Beauty,Maybelline Lipstick,46040,3,,Shipped,Mumbai,2%
FK-3459,Customer_2459,Electronics,Boat Airdopes,Rs. 13156,1,,returned,Delhi,14
FK-3460,Customer_2460,Electronics,Samsung Galaxy M14,29289,2,12-01-25,Pending,Delhi,4
FK-3461,Customer_2461,Home & Kitchen,Pigeon Gas Stove,,1,06-05-26,Returned,Gurgaon,16
FK-3462,Customer_2462,Clothing,Women's Kurta,22059,2,May 13 2026,Returned,Pune,16
fk-3463,Customer_2463,Books,Python Crash Course,24068,1,20-02-26,Pending,,24
FK-3464,,Clothing,Jeans,1954,1,28-02-26,Canceled,Chennai,8
FK-3465,Customer_2465,Clothing,Men's T-Shirt,₹46734,2,16-04-25,returned,Chennai,21
FK-3466,Customer_2466,Clothing,Saree,,1,17-05-25,returned,Delhi,16
FK-3467,Customer_2467,Books,Python Crash Course,₹6073,1,27-02-25,Canceled,Kolkata,10
FK-3468,Customer_2468,Home & Kitchen,Milton Thermos,54857,999,18-10-25,Pending,,7
FK-3469,Customer_2469,Clothing,Jacket,6035,999,17-04-25,Returned,BLR,NULL
FK-3470,Customer_2470,Electronics,Dell Mouse,11758,1,01-10-25,delivered,Mumbai,1
FK-3471,Customer_2471,electronics,HP Pavilion Laptop,45608,1,27-06-25,delivered,Hyd,25
FK-3472,Customer_2472,Clothing,Men's T-Shirt,7842,1,,Delivered,Hyderabad,4
FK-3473,Customer_2473,Electronics,Dell Mouse,17464,1,13-04-26,Returned,Bengaluru,3%
FK-3474,Customer_2474,Electronics,Sony Headphones,22859,1,26-01-26,delivered,Hyderabad,19
FK-3475,Customer_2475,,Dell Mouse,₹31095,1,29-01-25,Delivered,Delhi,8
FK-3476,Customer_2476,Electronics,Apple iPhone 15,65843,1,05-09-25,Shipped,Chennai,6
FK-3477,,ELECTRONICS,HP Pavilion Laptop,50929,1,Jan 20 2026,delivered,Hyderabad,10
FK-3478,Customer_2478,,HP Pavilion Laptop,43708,1,29-06-25,returned,Kolkata,23
FK-3479,Customer_2479,Books,Atomic Habits,72415,2,Jun 28 2025,returned,,4%
FK-3480,Customer_2480,home & kitchen,Prestige Cooker,₹46015,1,13-01-25,delivered,Hyderabad,4
FK-3481,Customer_2481,Clothing,Jeans,30526,2,,Pending,Delhi,8%
FK-3482,Customer_2482,Books,Dune,₹72203,1,02-01-26,Delivered,BLR,13
FK-3483,Customer_2483,Clothing,Men's T-Shirt,2450,1,25-12-25,Shipped,Pune,0
FK-3484,Customer_2484,Books,Rich Dad Poor Dad,₹43477,2,17-08-25,delivered,Kolkata,9
FK-3485,,Electronics,Sony Headphones,41437,1,08-02-25,Shipped,Kolkata,4
FK-3486,Customer_2486,Home & Kitchen,Prestige Cooker,₹24742,1,22-07-25,Delivered,Chennai,25
FK-3487,Customer_2487,Home & Kitchen,Pigeon Gas Stove,9058,5,29-01-26,Returned,,6%
FK-3488,Customer_2488,Books,Python Crash Course,74840,1,17-06-25,returned,Hyderabad,25
fk-3489,Customer_2489,Shoes,Puma Sneakers,64547,1,23-04-25,delivered,Kolkata,0
FK-3490,Customer_2490,Clothing,Saree,45787,1,,Delivered,,11
FK-3491,Customer_2491,clothing,Men's T-Shirt,74476,2,17-02-26,Delivered,Delhi,14%
3492,Customer_2492,Beauty,Lakme Eyeliner,65863,2,18-05-25,Shipped,Gurgaon,24%
FK-3493,Customer_2493,Books,Python Crash Course,₹12560,1,12-04-26,returned,Pune,1
FK-3494,Customer_2494,Beauty,Lakme Eyeliner,63625,2,06-04-25,returned,Chennai,N/A
FK-3495,Customer_2495,Shoes,Puma Sneakers,13630,1,30-03-25,Canceled,Delhi,1
FK-3496,Customer_2496,Beauty,Nivea Lotion,₹45826,1,Jun 05 2025,returned,,
FK-3497,Customer_2497,Clothing,Saree,Rs. 9373,1,27-01-26,Returned,Hyderabad,5
FK-3498,Customer_2498,clothing,Jacket,46253,2,03-03-25,Pending,Chennai,3
FK-3499,,Clothing,Men's T-Shirt,17560,2,Nov 21 2025,Returned,Hyd,7
fk-3500,Customer_2500,Shoes,Puma Sneakers,59230,,19-06-25,returned,Delhi,6
FK-3501,Customer_2501,Electronics,Apple iPhone 15,Rs. 5662,1,22-05-25,Canceled,Pune,12
FK-3502,Customer_2502,Books,Python Crash Course,₹30986,1,26-01-25,returned,Mumbai,24
FK-3503,Customer_2503,Shoes,Adidas Sliders,58440,4,27-04-25,Returned,Chennai,1
FK-3504,Customer_2504,Clothing,Men's T-Shirt,₹39520,1,24-07-25,returned,Kolkata,7
FK-3505,Customer_2505,Home & Kitchen,Prestige Cooker,₹32896,1,05-04-26,Canceled,Hyderabad,21
FK-3506,Customer_2506,Books,Dune,29646,999,Oct 24 2025,Canceled,BLR,4
fk-3507,Customer_2507,Shoes,Puma Sneakers,,4,29-04-26,Pending,Hyd,2%
FK-3508,Customer_2508,Shoes,Puma Sneakers,68621,1,27-01-25,Returned,BLR,13
FK-3509,Customer_2509,Beauty,Maybelline Lipstick,59584,2,01-04-26,Delivered,Kolkata,20
FK-3510,Customer_2510,electronics,HP Pavilion Laptop,45955,4,19-04-26,Pending,Chennai,NULL
FK-3511,Customer_2511,Beauty,Maybelline Lipstick,12617,3,19-08-25,Pending,Delhi,30%
FK-3512,Customer_2512,Home & Kitchen,Milton Thermos,₹9738,4,08-04-25,Returned,,15
FK-3513,Customer_2513,,Boat Airdopes,71971,2,02-04-26,Returned,Gurgaon,28
FK-3514,Customer_2514,Books,Python Crash Course,64099,1,07-05-25,Delivered,Chennai,5
3515,Customer_2515,Home & Kitchen,Bajaj Iron,65388,1,25-03-25,Delivered,,7
FK-3516,Customer_2516,Books,Atomic Habits,65754,1,Feb 10 2025,Pending,Chennai,NULL
FK-3517,Customer_2517,Shoes,Puma Sneakers,37629,1,09-01-26,returned,Chennai,28
FK-3518,Customer_2518,Clothing,Saree,62958,1,11-09-25,returned,BLR,11
FK-3519,Customer_2519,,Dell Mouse,21721,2,19-01-26,Shipped,Hyderabad,14
FK-3520,Customer_2520,Beauty,Lakme Eyeliner,69357,1,21-07-25,Shipped,,24
FK-3521,Customer_2521,Electronics,HP Pavilion Laptop,34911,1,18-01-26,Returned,Hyderabad,13
FK-3522,Customer_2522,Shoes,Adidas Sliders,8502,1,25-11-25,Delivered,Bengaluru,24
FK-3523,Customer_2523,Books,Python Crash Course,10423,1,09-01-25,Canceled,Gurgaon,4
FK-3524,Customer_2524,Beauty,Nivea Lotion,34325,1,13-06-25,Pending,Hyderabad,19
FK-3525,Customer_2525,Clothing,Jacket,46065,2,24-02-25,Delivered,BLR,0%
FK-3526,Customer_2526,Clothing,Men's T-Shirt,-73986,2,23-07-25,Shipped,,28
FK-3526,Customer_2526,Clothing,Men's T-Shirt,-73986,2,23-07-25,Shipped,,28
FK-3527,Customer_2527,Beauty,Lakme Eyeliner,38154,2,11-03-26,delivered,Kolkata,13
FK-3527,Customer_2527,Beauty,Lakme Eyeliner,38154,2,11-03-26,delivered,Kolkata,13
3528,Customer_2528,Shoes,Nike Running Shoes,,3,02-02-25,returned,Pune,23
FK-3529,Customer_2529,Shoes,Nike Running Shoes,₹37028,1,Jul 17 2025,Returned,Mumbai,23%
FK-3530,Customer_2530,Clothing,Men's T-Shirt,31405,1,12-01-25,Returned,Delhi,30
FK-3531,Customer_2531,Books,Atomic Habits,67780,2,07-02-26,delivered,Bengaluru,22
FK-3532,,Beauty,Maybelline Lipstick,66252,1,08-11-25,Returned,Hyd,28
3533,Customer_2533,Books,Atomic Habits,Rs. 6727,1,26-02-25,Shipped,Kolkata,9
FK-3534,Customer_2534,Beauty,Nivea Lotion,29023,1,23-07-25,delivered,Bengaluru,30
FK-3535,Customer_2535,Shoes,Nike Running Shoes,74604,1,,Returned,Pune,25
FK-3536,Customer_2536,Shoes,Adidas Sliders,,1,22-08-25,Returned,BLR,4
FK-3537,Customer_2537,Home & Kitchen,Prestige Cooker,-64035,1,May 17 2025,Pending,Hyd,21
FK-3538,Customer_2538,Beauty,Nivea Lotion,43446,2,Mar 27 2025,Pending,Hyd,17
FK-3539,Customer_2539,Books,Python Crash Course,70085,2,25-02-26,Canceled,Hyderabad,0
fk-3540,Customer_2540,Clothing,Jacket,43330,one,06-11-25,Canceled,Hyderabad,30
FK-3541,Customer_2541,Shoes,Puma Sneakers,50826,1,28-11-25,returned,BLR,3
FK-3542,Customer_2542,Home & Kitchen,Milton Thermos,,1,18-11-25,Returned,Chennai,15
FK-3543,Customer_2543,Shoes,Adidas Sliders,47189,2,28-03-26,Delivered,Gurgaon,20
FK-3543,Customer_2543,Shoes,Adidas Sliders,47189,2,28-03-26,Delivered,Gurgaon,20
FK-3544,Customer_2544,Shoes,Puma Sneakers,1132,1,20-05-25,returned,Bengaluru,15
FK-3545,Customer_2545,Beauty,Lakme Eyeliner,₹15520,two,23-10-25,Returned,Bengaluru,20
FK-3546,Customer_2546,Shoes,Nike Running Shoes,-63923,-1,,Returned,Pune,5
FK-3547,Customer_2547,books,Python Crash Course,23143,999,28-06-25,delivered,,3%
FK-3548,Customer_2548,beauty,Nivea Lotion,72835,1,14-08-25,Shipped,,13
FK-3549,Customer_2549,Shoes,Nike Running Shoes,72902,2,13-04-25,delivered,Delhi,1
FK-3550,Customer_2550,Books,Python Crash Course,8031,1,27-09-25,Canceled,,26
FK-3551,Customer_2551,Shoes,Adidas Sliders,Rs. 5238,1,06-04-25,delivered,Pune,NULL
FK-3552,Customer_2552,Shoes,Adidas Sliders,Rs. 11539,1,,Shipped,Bengaluru,6
FK-3553,Customer_2553,Books,Dune,-23693,one,06-08-25,returned,Mumbai,NULL
FK-3554,Customer_2554,CLOTHING,Men's T-Shirt,13538,1,12-01-25,Returned,Gurgaon,1
FK-3555,Customer_2555,Clothing,Jacket,-25718,one,06-02-25,Returned,Chennai,NULL
FK-3556,Customer_2556,Home & Kitchen,Bajaj Iron,32409,one,17-02-26,Returned,,3%
FK-3557,Customer_2557,Beauty,Maybelline Lipstick,65211,,12-06-25,Delivered,Hyderabad,11
FK-3558,Customer_2558,Books,Dune,67325,2,25-08-25,Shipped,Mumbai,7%
FK-3559,Customer_2559,Clothing,Saree,Rs. 31506,1,04-12-25,delivered,,14%
FK-3560,Customer_2560,home & kitchen,Pigeon Gas Stove,31007,2,06-02-25,Shipped,Chennai,30
FK-3561,Customer_2561,Home & Kitchen,Prestige Cooker,36715,1,12-08-25,Canceled,Mumbai,21
FK-3562,Customer_2562,Clothing,Jeans,2784,1,05-10-25,Shipped,Pune,NULL
FK-3563,Customer_2563,Home & Kitchen,Prestige Cooker,,1,22-05-25,delivered,Mumbai,15
FK-3564,Customer_2564,Clothing,Jeans,4878,1,08-09-25,Canceled,BLR,22
FK-3565,Customer_2565,Shoes,Nike Running Shoes,50196,1,27-06-25,Pending,Gurgaon,NULL
FK-3566,Customer_2566,Beauty,Nivea Lotion,Rs. 34180,1,,Canceled,Hyderabad,27
FK-3567,Customer_2567,Books,Python Crash Course,70879,1,03-12-25,Shipped,,24
FK-3568,Customer_2568,Electronics,Sony Headphones,19212,1,Nov 05 2025,Canceled,BLR,24
fk-3569,Customer_2569,Shoes,Nike Running Shoes,48540,2,01-09-25,Pending,Gurgaon,26%
FK-3570,Customer_2570,Clothing,Women's Kurta,48552,4,02-02-26,Returned,Bengaluru,28
FK-3571,Customer_2571,Shoes,Nike Running Shoes,13970,1,07-08-25,Pending,Bengaluru,26%
FK-3572,Customer_2572,Home & Kitchen,Prestige Cooker,69796,2,01-03-25,Returned,Gurgaon,29
FK-3573,Customer_2573,Shoes,Adidas Sliders,33363,1,14-01-26,Canceled,Hyd,23
FK-3574,Customer_2574,ELECTRONICS,HP Pavilion Laptop,6146,1,13-03-25,Returned,Kolkata,1
FK-3575,Customer_2575,Electronics,Boat Airdopes,61240,2,16-03-25,Pending,Mumbai,10
FK-3576,Customer_2576,Beauty,Maybelline Lipstick,3039,,13-02-25,Canceled,Hyderabad,
FK-3577,Customer_2577,CLOTHING,Jeans,24512,1,05-12-25,Delivered,Pune,2
FK-3578,Customer_2578,BOOKS,Atomic Habits,29867,1,,Shipped,Chennai,1
FK-3579,Customer_2579,home & kitchen,Pigeon Gas Stove,43856,3,19-09-25,Returned,Hyderabad,11
FK-3580,Customer_2580,Beauty,Nivea Lotion,24865,one,May 15 2025,Delivered,Delhi,5
FK-3581,Customer_2581,Beauty,Nivea Lotion,40999,1,18-03-25,Pending,Chennai,27
FK-3582,Customer_2582,Beauty,Nivea Lotion,₹5998,2,12-01-26,Returned,Delhi,7
FK-3583,Customer_2583,Home & Kitchen,Milton Thermos,₹7819,1,15-05-26,Shipped,Bengaluru,
FK-3584,Customer_2584,Clothing,Women's Kurta,8279,2,20-01-25,delivered,Chennai,26
FK-3585,Customer_2585,Books,Dune,66507,1,10-01-25,Delivered,Delhi,NULL
FK-3586,Customer_2586,Home & Kitchen,Milton Thermos,,1,18-07-25,Returned,Hyd,17
FK-3587,Customer_2587,Books,Dune,₹30937,2,13-07-25,returned,Hyderabad,10%
FK-3588,Customer_2588,Electronics,Sony Headphones,20149,1,19-01-25,Returned,Delhi,25
FK-3589,Customer_2589,home & kitchen,Milton Thermos,69743,2,Feb 19 2025,Shipped,Chennai,18
FK-3590,Customer_2590,books,Rich Dad Poor Dad,40898,999,,Delivered,Bengaluru,19
FK-3591,Customer_2591,beauty,Nivea Lotion,6329,1,18-04-25,Delivered,BLR,3
3592,Customer_2592,Clothing,Men's T-Shirt,Rs. 66733,2,19-02-25,returned,,18
FK-3593,Customer_2593,Home & Kitchen,Milton Thermos,70054,3,30-03-25,delivered,Hyd,
FK-3594,Customer_2594,Shoes,Puma Sneakers,Rs. 28411,two,17-05-25,Canceled,Kolkata,30
FK-3595,Customer_2595,home & kitchen,Milton Thermos,Rs. 47112,3,11-04-26,delivered,Hyderabad,25
FK-3596,Customer_2596,BEAUTY,Lakme Eyeliner,22399,4,04-04-25,Delivered,Gurgaon,29
FK-3597,Customer_2597,Beauty,Nivea Lotion,Rs. 53518,1,02-03-26,Shipped,Gurgaon,N/A
FK-3598,Customer_2598,Clothing,Jacket,41067,1,09-01-25,Pending,Mumbai,N/A
FK-3599,Customer_2599,Home & Kitchen,Pigeon Gas Stove,Rs. 74648,1,Dec 18 2025,Canceled,Chennai,12%
FK-3600,,Home & Kitchen,Prestige Cooker,₹20929,3,04-12-25,Shipped,Gurgaon,1
3601,Customer_2601,Books,Rich Dad Poor Dad,62599,1,28-12-25,Pending,Bengaluru,23
FK-3602,Customer_2602,Shoes,Adidas Sliders,593,3,15-06-25,Canceled,Hyderabad,4
FK-3603,Customer_2603,Home & Kitchen,Prestige Cooker,71811,1,13-11-25,delivered,Mumbai,17
FK-3604,,clothing,Women's Kurta,24509,1,22-12-25,delivered,BLR,
FK-3605,Customer_2605,Beauty,Maybelline Lipstick,71355,1,19-03-26,Delivered,Hyd,25
FK-3606,Customer_2606,Beauty,Nivea Lotion,,1,Jan 18 2026,returned,BLR,
FK-3607,Customer_2607,Home & Kitchen,Prestige Cooker,₹22796,4,Mar 26 2025,delivered,Kolkata,23%
FK-3608,Customer_2608,Clothing,Saree,11192,one,10-05-25,Pending,BLR,14%
3609,Customer_2609,Home & Kitchen,Milton Thermos,,two,20-02-26,Shipped,Chennai,24
FK-3610,Customer_2610,Clothing,Saree,13529,1,23-08-25,Pending,Pune,N/A
FK-3611,Customer_2611,Beauty,Nivea Lotion,44449,2,31-05-25,Delivered,Hyderabad,29
FK-3612,Customer_2612,Shoes,Nike Running Shoes,8772,1,13-03-25,Pending,Mumbai,7
FK-3613,Customer_2613,Books,Dune,34663,2,14-06-25,delivered,Hyd,26
FK-3614,Customer_2614,Shoes,Nike Running Shoes,29865,1,02-02-25,Returned,Hyderabad,16
3615,Customer_2615,HOME & KITCHEN,Bajaj Iron,53861,1,09-11-25,delivered,Pune,4%
FK-3616,Customer_2616,Shoes,Adidas Sliders,15047,1,21-12-25,Pending,Kolkata,23
FK-3617,Customer_2617,Home & Kitchen,Pigeon Gas Stove,,3,04-10-25,delivered,Bengaluru,3
FK-3618,Customer_2618,Clothing,Jacket,55277,1,25-08-25,Delivered,Pune,22
FK-3619,Customer_2619,beauty,Maybelline Lipstick,Rs. 73800,1,21-07-25,Canceled,Hyd,29
FK-3620,Customer_2620,Shoes,Nike Running Shoes,38689,,15-02-25,returned,Gurgaon,9
FK-3621,Customer_2621,Books,Rich Dad Poor Dad,43102,1,Feb 07 2025,Canceled,Chennai,20
FK-3622,Customer_2622,Shoes,Adidas Sliders,22636,1,08-10-25,delivered,Delhi,N/A
FK-3623,Customer_2623,Clothing,Women's Kurta,55215,4,Nov 22 2025,Pending,Mumbai,4
FK-3624,Customer_2624,Shoes,Puma Sneakers,19081,-1,08-02-25,Shipped,Hyderabad,20%
FK-3625,Customer_2625,Beauty,Nivea Lotion,Rs. 29891,1,07-11-25,returned,Hyd,13
FK-3626,Customer_2626,Electronics,Apple iPhone 15,38663,2,08-07-25,Shipped,Kolkata,25
FK-3627,Customer_2627,,Sony Headphones,53361,1,21-03-26,Pending,Gurgaon,8
FK-3628,Customer_2628,Electronics,Sony Headphones,23253,1,04-04-25,Canceled,Delhi,NULL
FK-3629,Customer_2629,Books,Python Crash Course,72082,two,03-06-25,returned,,26
FK-3630,Customer_2630,Shoes,Nike Running Shoes,50197,3,18-10-25,Shipped,Pune,19
FK-3631,Customer_2631,,Dell Mouse,64995,2,07-10-25,Pending,Bengaluru,27
FK-3632,Customer_2632,Clothing,Jeans,48089,1,17-02-26,Pending,BLR,N/A
FK-3633,Customer_2633,Electronics,Sony Headphones,71065,1,29-04-26,returned,Hyderabad,NULL
fk-3634,Customer_2634,HOME & KITCHEN,Bajaj Iron,3636,2,07-02-26,returned,Hyd,20
FK-3635,Customer_2635,,Samsung Galaxy M14,-2224,1,14-11-25,Delivered,Gurgaon,2
fk-3636,Customer_2636,Shoes,Adidas Sliders,15921,3,17-03-25,Shipped,Kolkata,11
FK-3637,Customer_2637,Beauty,Nivea Lotion,68275,1,13-08-25,Shipped,Pune,9
fk-3638,Customer_2638,shoes,Adidas Sliders,30981,1,25-08-25,Shipped,Chennai,19
FK-3639,Customer_2639,Beauty,Nivea Lotion,62570,1,28-08-25,Pending,Pune,29
FK-3640,Customer_2640,Electronics,HP Pavilion Laptop,74439,4,07-08-25,delivered,Mumbai,24
FK-3641,Customer_2641,Beauty,Lakme Eyeliner,Rs. 7145,2,03-11-25,Canceled,Pune,4
FK-3642,Customer_2642,Shoes,Puma Sneakers,64230,1,14-02-25,delivered,,9
FK-3643,Customer_2643,Books,Rich Dad Poor Dad,53957,1,06-05-26,Pending,Delhi,27
FK-3644,Customer_2644,Home & Kitchen,Prestige Cooker,,1,23-02-25,Returned,Kolkata,22
FK-3645,Customer_2645,,Apple iPhone 15,₹66589,1,23-04-25,delivered,Hyd,28
FK-3646,Customer_2646,beauty,Lakme Eyeliner,,1,03-07-25,Returned,Delhi,20
FK-3647,Customer_2647,Shoes,Puma Sneakers,65405,2,31-08-25,delivered,Kolkata,
FK-3648,Customer_2648,Home & Kitchen,Milton Thermos,₹58034,1,27-12-25,delivered,Delhi,27
FK-3649,Customer_2649,Beauty,Nivea Lotion,21423,1,09-01-26,delivered,Mumbai,8%
FK-3650,Customer_2650,SHOES,Nike Running Shoes,60922,3,13-01-26,Canceled,Chennai,NULL
3651,Customer_2651,Beauty,Maybelline Lipstick,29094,1,09-10-25,Pending,Kolkata,3%
FK-3652,Customer_2652,Beauty,Lakme Eyeliner,27300,2,Apr 22 2025,Pending,Kolkata,7
FK-3653,Customer_2653,Beauty,Nivea Lotion,38624,3,30-08-25,Pending,Chennai,24
FK-3654,,Shoes,Puma Sneakers,56683,one,Oct 05 2025,Canceled,Bengaluru,NULL
FK-3655,Customer_2655,shoes,Nike Running Shoes,₹74019,3,,Canceled,Kolkata,14
FK-3656,Customer_2656,Electronics,Sony Headphones,₹30280,1,22-04-25,delivered,Kolkata,22
FK-3657,Customer_2657,Home & Kitchen,Prestige Cooker,Rs. 59815,999,29-10-25,Pending,Kolkata,24
FK-3658,Customer_2658,Shoes,Adidas Sliders,52327,two,Jan 05 2025,returned,BLR,12
FK-3659,Customer_2659,Shoes,Puma Sneakers,1835,1,Sep 30 2025,Pending,Gurgaon,4
FK-3660,Customer_2660,Books,Python Crash Course,₹55611,1,27-02-25,Shipped,Pune,26
FK-3661,Customer_2661,Beauty,Maybelline Lipstick,4650,1,05-02-25,returned,Hyd,6
FK-3662,Customer_2662,Clothing,Saree,₹48626,1,13-01-26,returned,Hyd,4
FK-3663,Customer_2663,,HP Pavilion Laptop,43462,one,,Pending,BLR,16
FK-3664,Customer_2664,Clothing,Men's T-Shirt,55108,2,29-01-25,delivered,Chennai,N/A
FK-3665,Customer_2665,Shoes,Adidas Sliders,4988,3,13-01-26,Delivered,Delhi,28%
FK-3666,Customer_2666,books,Python Crash Course,33535,1,29-11-25,delivered,Mumbai,2%
FK-3667,Customer_2667,Beauty,Nivea Lotion,58128,1,Oct 28 2025,Shipped,Pune,26
FK-3668,Customer_2668,Clothing,Men's T-Shirt,67929,1,06-02-26,Pending,Mumbai,3
FK-3669,Customer_2669,,Boat Airdopes,45711,3,Apr 08 2026,Pending,Delhi,28
FK-3670,Customer_2670,Home & Kitchen,Milton Thermos,6248,3,08-05-26,Pending,BLR,25
FK-3671,Customer_2671,Beauty,Lakme Eyeliner,44101,1,27-04-26,Shipped,Delhi,
FK-3672,Customer_2672,Home & Kitchen,Pigeon Gas Stove,-16311,2,02-05-26,Delivered,BLR,N/A
FK-3673,Customer_2673,Home & Kitchen,Milton Thermos,60009,1,11-03-25,Canceled,Hyderabad,24
FK-3674,,Electronics,HP Pavilion Laptop,47483,1,25-02-26,Pending,BLR,24
FK-3675,Customer_2675,Books,Atomic Habits,,1,23-02-26,Delivered,BLR,7
FK-3676,Customer_2676,Home & Kitchen,Pigeon Gas Stove,659,4,07-06-25,Pending,Kolkata,3
3677,Customer_2677,books,Rich Dad Poor Dad,,3,12-02-25,Canceled,Pune,NULL
FK-3678,Customer_2678,Shoes,Puma Sneakers,17293,2,31-08-25,Shipped,Chennai,9%
FK-3679,Customer_2679,Books,Rich Dad Poor Dad,5699,1,23-02-26,Returned,Bengaluru,1
FK-3680,Customer_2680,Shoes,Adidas Sliders,₹43082,1,02-06-25,delivered,Bengaluru,10
FK-3681,Customer_2681,Books,Rich Dad Poor Dad,₹57033,1,01-04-26,returned,Hyderabad,8%
FK-3682,Customer_2682,Clothing,Saree,11740,2,11-11-25,Shipped,Delhi,5
FK-3683,Customer_2683,BOOKS,Python Crash Course,532,1,,Shipped,Hyderabad,2
FK-3684,,books,Python Crash Course,Rs. 57356,1,Jul 24 2025,Shipped,Hyderabad,1
FK-3685,Customer_2685,Shoes,Nike Running Shoes,73387,1,05-10-25,Pending,Hyderabad,23
fk-3686,Customer_2686,Books,Python Crash Course,30768,1,Aug 21 2025,delivered,,21
FK-3687,Customer_2687,books,Python Crash Course,56692,3,25-02-26,returned,Gurgaon,21
fk-3688,Customer_2688,Home & Kitchen,Prestige Cooker,₹52342,1,15-05-25,Shipped,Chennai,29
3689,Customer_2689,Electronics,Boat Airdopes,64506,3,11-02-25,Shipped,Gurgaon,13
fk-3690,Customer_2690,Clothing,Saree,34340,1,31-03-26,Delivered,Chennai,4%
FK-3691,Customer_2691,Beauty,Lakme Eyeliner,60803,,05-04-26,Shipped,,8
FK-3692,Customer_2692,Shoes,Nike Running Shoes,56433,2,09-05-25,Pending,Mumbai,11
FK-3693,Customer_2693,Electronics,HP Pavilion Laptop,50869,2,08-04-26,returned,,10%
FK-3694,Customer_2694,Clothing,Jeans,62736,2,,Delivered,,
FK-3695,Customer_2695,BOOKS,Atomic Habits,53639,1,14-08-25,delivered,Pune,NULL
FK-3696,Customer_2696,Shoes,Nike Running Shoes,-48477,5,27-02-25,Pending,Hyderabad,25
FK-3697,Customer_2697,Books,Rich Dad Poor Dad,55795,3,Apr 26 2025,Delivered,,
FK-3698,Customer_2698,Home & Kitchen,Bajaj Iron,41584,2,,Canceled,,12
FK-3699,Customer_2699,Clothing,Jacket,34938,1,11-08-25,Shipped,Delhi,21
FK-3699,Customer_2699,Clothing,Jacket,34938,1,11-08-25,Shipped,Delhi,21
FK-3700,Customer_2700,Shoes,Nike Running Shoes,8792,1,22-04-26,Pending,Mumbai,13
3701,Customer_2701,Beauty,Lakme Eyeliner,Rs. 35624,1,Dec 14 2025,Shipped,,22
FK-3702,Customer_2702,Electronics,Dell Mouse,₹70904,1,17-07-25,Canceled,Chennai,21
FK-3703,Customer_2703,,Samsung Galaxy M14,₹62040,two,15-08-25,Pending,Hyderabad,2
FK-3704,Customer_2704,Books,Python Crash Course,₹64074,1,04-01-25,returned,Bengaluru,2
FK-3705,Customer_2705,home & kitchen,Pigeon Gas Stove,Rs. 1105,1,14-10-25,returned,Hyd,10
FK-3706,Customer_2706,Books,Dune,14425,1,13-01-25,Returned,,7
FK-3707,Customer_2707,Electronics,Dell Mouse,57175,1,08-02-26,Returned,BLR,2%
FK-3708,Customer_2708,SHOES,Puma Sneakers,25467,1,12-12-25,Pending,Bengaluru,2%
FK-3709,Customer_2709,Shoes,Nike Running Shoes,63924,3,Feb 08 2025,Returned,Hyderabad,7
FK-3710,Customer_2710,Electronics,Dell Mouse,35856,2,13-08-25,Returned,Gurgaon,3
FK-3711,Customer_2711,,Apple iPhone 15,-57678,1,22-09-25,Delivered,Bengaluru,4
FK-3712,Customer_2712,Books,Atomic Habits,13809,1,09-03-25,Returned,Kolkata,21
FK-3713,,Electronics,HP Pavilion Laptop,5002,1,03-10-25,returned,Mumbai,0%
FK-3714,Customer_2714,Home & Kitchen,Pigeon Gas Stove,Rs. 32256,1,23-01-25,delivered,Chennai,2%
FK-3715,Customer_2715,,Samsung Galaxy M14,Rs. 13655,1,05-12-25,returned,,30
FK-3716,Customer_2716,Books,Python Crash Course,18265,,15-05-25,delivered,Hyd,16
fk-3717,Customer_2717,HOME & KITCHEN,Milton Thermos,225,1,14-05-25,Delivered,Mumbai,3
FK-3718,Customer_2718,Clothing,Jeans,38669,3,25-12-25,Returned,Chennai,N/A
FK-3719,Customer_2719,home & kitchen,Prestige Cooker,337,2,26-12-25,Pending,Pune,20
FK-3720,Customer_2720,Beauty,Maybelline Lipstick,69707,1,01-12-25,delivered,Hyd,4
3721,,Clothing,Men's T-Shirt,59843,1,09-04-26,returned,Kolkata,13%
FK-3722,Customer_2722,Books,Python Crash Course,22956,1,14-12-25,Shipped,,6
FK-3723,Customer_2723,Books,Dune,Rs. 3911,3,13-12-25,Pending,Chennai,17
3724,Customer_2724,Shoes,Puma Sneakers,Rs. 36251,1,12-01-25,delivered,Bengaluru,18
fk-3725,Customer_2725,home & kitchen,Milton Thermos,51221,1,13-03-26,Canceled,Hyd,4
FK-3726,Customer_2726,Beauty,Lakme Eyeliner,47671,2,01-11-25,delivered,Hyderabad,29
FK-3727,Customer_2727,HOME & KITCHEN,Milton Thermos,70363,3,14-08-25,delivered,Pune,24%
FK-3728,Customer_2728,Home & Kitchen,Prestige Cooker,73215,4,31-05-25,Pending,Pune,16%
FK-3729,Customer_2729,Home & Kitchen,Pigeon Gas Stove,1221,1,24-03-25,delivered,BLR,13
FK-3730,Customer_2730,Shoes,Puma Sneakers,Rs. 29997,1,23-05-25,Shipped,Pune,6%
FK-3731,Customer_2731,Clothing,Men's T-Shirt,-14744,1,25-05-25,Returned,,10%
FK-3732,Customer_2732,Clothing,Saree,43025,1,,Canceled,BLR,2
FK-3733,Customer_2733,Clothing,Jeans,53391,1,23-05-25,delivered,Bengaluru,N/A
FK-3734,Customer_2734,Beauty,Nivea Lotion,₹59299,1,31-10-25,Delivered,Pune,8
FK-3735,Customer_2735,Books,Atomic Habits,-36284,1,05-06-25,Delivered,Chennai,10
FK-3736,Customer_2736,Books,Rich Dad Poor Dad,-47708,4,17-04-26,Pending,,27
FK-3736,Customer_2736,Books,Rich Dad Poor Dad,-47708,4,17-04-26,Pending,,27
FK-3737,Customer_2737,Electronics,Samsung Galaxy M14,28977,5,09-06-25,returned,Pune,15
FK-3738,Customer_2738,Electronics,Apple iPhone 15,19395,1,22-11-25,Returned,Pune,29
FK-3739,Customer_2739,Clothing,Jacket,19061,1,30-05-25,returned,Kolkata,4
FK-3740,Customer_2740,,HP Pavilion Laptop,14903,4,07-05-26,delivered,Pune,28
FK-3741,,Beauty,Lakme Eyeliner,68492,,Dec 07 2025,Canceled,Pune,0
FK-3742,Customer_2742,Books,Rich Dad Poor Dad,₹38592,3,17-10-25,Canceled,Gurgaon,23
fk-3743,Customer_2743,Books,Python Crash Course,Rs. 54007,1,Jun 28 2025,Pending,Hyderabad,11
FK-3744,Customer_2744,Books,Dune,,1,Aug 12 2025,Canceled,Kolkata,30
FK-3745,Customer_2745,Clothing,Women's Kurta,₹44583,1,20-12-25,delivered,Hyd,27
FK-3746,Customer_2746,Beauty,Maybelline Lipstick,55818,1,09-11-25,Shipped,Gurgaon,4
FK-3747,Customer_2747,Books,Dune,-73655,2,23-11-25,Pending,,16
FK-3748,Customer_2748,Books,Atomic Habits,2054,2,13-03-26,Returned,Gurgaon,2
FK-3749,Customer_2749,Shoes,Adidas Sliders,,1,02-07-25,Returned,Chennai,7
FK-3750,Customer_2750,,HP Pavilion Laptop,,2,11-03-25,Delivered,Bengaluru,NULL
FK-3751,Customer_2751,,Apple iPhone 15,46697,1,01-05-26,Shipped,Mumbai,5
FK-3752,Customer_2752,Clothing,Men's T-Shirt,35541,3,29-03-26,Canceled,Delhi,23
FK-3753,Customer_2753,home & kitchen,Milton Thermos,-31926,2,09-09-25,Delivered,,24
FK-3754,Customer_2754,Shoes,Adidas Sliders,3024,2,16-11-25,Delivered,,30
FK-3755,Customer_2755,Clothing,Jeans,11222,1,21-08-25,delivered,Gurgaon,20
FK-3756,Customer_2756,Home & Kitchen,Pigeon Gas Stove,-58858,1,26-05-25,Returned,Gurgaon,15
FK-3757,Customer_2757,Beauty,Nivea Lotion,4315,1,25-03-25,Canceled,Gurgaon,10
3758,Customer_2758,Beauty,Lakme Eyeliner,7829,1,07-01-26,delivered,Delhi,24
FK-3759,Customer_2759,,Dell Mouse,,2,,Shipped,Chennai,6
FK-3760,Customer_2760,Shoes,Nike Running Shoes,,1,23-09-25,Pending,Delhi,30
FK-3761,Customer_2761,Beauty,Maybelline Lipstick,69973,1,25-03-26,returned,Delhi,4
FK-3762,Customer_2762,CLOTHING,Jacket,Rs. 3015,3,,Shipped,BLR,18%
FK-3763,Customer_2763,Books,Dune,₹10141,1,,Delivered,Gurgaon,3
FK-3764,Customer_2764,Books,Atomic Habits,52634,1,19-01-26,returned,Mumbai,N/A
3765,Customer_2765,Books,Dune,51159,1,04-03-26,delivered,Chennai,28
FK-3766,Customer_2766,Books,Rich Dad Poor Dad,51000,1,08-08-25,returned,Mumbai,16
FK-3767,Customer_2767,Shoes,Nike Running Shoes,64469,2,05-09-25,Delivered,Hyderabad,19
FK-3767,Customer_2767,Shoes,Nike Running Shoes,64469,2,05-09-25,Delivered,Hyderabad,19
FK-3768,Customer_2768,Clothing,Jacket,28847,1,03-04-25,Canceled,Hyderabad,15
FK-3769,Customer_2769,,HP Pavilion Laptop,Rs. 683,1,06-12-25,Canceled,Mumbai,9
FK-3770,Customer_2770,Home & Kitchen,Prestige Cooker,48751,1,06-04-25,returned,Kolkata,14
FK-3771,Customer_2771,HOME & KITCHEN,Prestige Cooker,18969,2,05-05-25,Returned,Delhi,26
FK-3772,Customer_2772,Books,Rich Dad Poor Dad,₹63405,1,27-02-26,Shipped,,N/A
FK-3773,Customer_2773,Electronics,HP Pavilion Laptop,Rs. 11097,1,16-11-25,Delivered,Delhi,0
FK-3774,Customer_2774,Clothing,Men's T-Shirt,₹64041,2,11-03-26,delivered,BLR,4
FK-3775,Customer_2775,Home & Kitchen,Prestige Cooker,12822,1,14-01-25,Returned,Mumbai,7
FK-3776,Customer_2776,Clothing,Women's Kurta,71266,one,22-04-26,Canceled,BLR,18
FK-3777,Customer_2777,Shoes,Nike Running Shoes,38645,1,14-10-25,Shipped,Hyderabad,11
FK-3778,Customer_2778,Beauty,Maybelline Lipstick,68794,4,10-04-25,delivered,Kolkata,30
FK-3779,Customer_2779,Home & Kitchen,Pigeon Gas Stove,20875,1,24-10-25,Returned,Hyderabad,10
fk-3780,Customer_2780,Clothing,Jacket,Rs. 68123,3,07-07-25,Canceled,Bengaluru,26
FK-3781,Customer_2781,Beauty,Lakme Eyeliner,,1,08-11-25,Pending,Bengaluru,27
FK-3781,Customer_2781,Beauty,Lakme Eyeliner,,1,08-11-25,Pending,Bengaluru,27
FK-3782,Customer_2782,Books,Atomic Habits,Rs. 5876,1,23-08-25,Returned,BLR,6
FK-3783,,Shoes,Puma Sneakers,33189,2,02-01-25,Pending,Kolkata,8
FK-3784,Customer_2784,Home & Kitchen,Pigeon Gas Stove,15605,3,02-07-25,Returned,Delhi,27
FK-3785,Customer_2785,Electronics,HP Pavilion Laptop,19383,3,05-05-26,Delivered,Mumbai,17%
FK-3786,Customer_2786,Home & Kitchen,Bajaj Iron,₹2615,1,03-01-25,returned,Gurgaon,1
FK-3786,Customer_2786,Home & Kitchen,Bajaj Iron,₹2615,1,03-01-25,returned,Gurgaon,1
FK-3787,Customer_2787,Home & Kitchen,Bajaj Iron,63355,1,29-06-25,Shipped,BLR,10
FK-3788,Customer_2788,Electronics,Samsung Galaxy M14,13605,2,06-09-25,Shipped,Chennai,1%
fk-3789,Customer_2789,Electronics,Samsung Galaxy M14,,4,17-05-25,Canceled,Pune,2
FK-3790,,Clothing,Saree,8425,1,27-06-25,delivered,Pune,19
FK-3791,Customer_2791,Electronics,HP Pavilion Laptop,Rs. 5023,2,,returned,Gurgaon,9
FK-3792,Customer_2792,Books,Rich Dad Poor Dad,17221,2,31-01-25,Pending,Mumbai,12
FK-3793,Customer_2793,Shoes,Adidas Sliders,Rs. 46982,3,23-10-25,delivered,Delhi,12
FK-3794,Customer_2794,Books,Rich Dad Poor Dad,43122,1,27-02-25,returned,Gurgaon,10
FK-3795,Customer_2795,Home & Kitchen,Milton Thermos,45083,4,02-02-26,Delivered,Kolkata,12
FK-3796,Customer_2796,Home & Kitchen,Bajaj Iron,23671,1,14-12-25,Shipped,,12
FK-3797,Customer_2797,Shoes,Nike Running Shoes,50147,1,03-04-25,Canceled,Gurgaon,16
FK-3798,Customer_2798,Home & Kitchen,Bajaj Iron,-65023,2,31-01-26,Returned,Hyderabad,25
FK-3798,Customer_2798,Home & Kitchen,Bajaj Iron,-65023,2,31-01-26,Returned,Hyderabad,25
FK-3799,Customer_2799,Home & Kitchen,Prestige Cooker,28988,1,May 11 2026,returned,Hyd,2
FK-3800,Customer_2800,Clothing,Men's T-Shirt,42599,2,16-04-26,Returned,Mumbai,24
FK-3801,,Beauty,Maybelline Lipstick,6724,1,Oct 14 2025,Canceled,Chennai,24
FK-3802,Customer_2802,Beauty,Nivea Lotion,46303,2,21-01-25,Canceled,BLR,23
FK-3803,Customer_2803,Home & Kitchen,Bajaj Iron,Rs. 12662,1,22-03-25,Pending,Hyd,NULL
FK-3804,,Electronics,Dell Mouse,34024,2,24-04-25,Shipped,Gurgaon,14%
fk-3805,Customer_2805,Beauty,Maybelline Lipstick,43083,1,21-11-25,Canceled,Chennai,29
FK-3806,Customer_2806,Clothing,Jeans,14936,1,14-05-26,Delivered,Mumbai,14
FK-3807,Customer_2807,,Apple iPhone 15,56759,1,06-10-25,Shipped,Mumbai,27
FK-3808,Customer_2808,Beauty,Lakme Eyeliner,31096,2,06-05-26,delivered,,25
FK-3809,Customer_2809,Shoes,Adidas Sliders,₹60991,3,,Pending,Kolkata,7
FK-3810,Customer_2810,Books,Atomic Habits,46210,1,11-02-26,returned,Kolkata,28%
FK-3811,Customer_2811,Electronics,Boat Airdopes,9791,1,23-02-25,Shipped,Bengaluru,5
fk-3812,Customer_2812,Shoes,Nike Running Shoes,Rs. 64656,2,29-04-25,Pending,Pune,25%
FK-3813,Customer_2813,BOOKS,Dune,10853,1,12-01-26,Delivered,,6
FK-3814,Customer_2814,home & kitchen,Milton Thermos,25844,1,31-10-25,returned,Mumbai,21
FK-3815,Customer_2815,Shoes,Puma Sneakers,53208,two,27-04-25,Pending,Pune,10
fk-3816,Customer_2816,Clothing,Men's T-Shirt,₹33941,4,25-12-25,Shipped,Mumbai,15
FK-3817,Customer_2817,Shoes,Adidas Sliders,53146,1,10-02-26,Delivered,BLR,10
FK-3818,Customer_2818,Clothing,Jeans,9872,1,29-10-25,Pending,Hyderabad,20
FK-3819,Customer_2819,Books,Dune,38409,3,07-05-25,Shipped,Chennai,30
FK-3819,Customer_2819,Books,Dune,38409,3,07-05-25,Shipped,Chennai,30
FK-3820,Customer_2820,Electronics,Sony Headphones,64889,1,Mar 18 2026,Delivered,Kolkata,6
3821,Customer_2821,Clothing,Men's T-Shirt,37186,1,26-09-25,returned,BLR,22
FK-3822,Customer_2822,Electronics,HP Pavilion Laptop,30701,3,04-08-25,Delivered,Gurgaon,20
FK-3823,Customer_2823,Home & Kitchen,Prestige Cooker,Rs. 12597,2,24-09-25,returned,Mumbai,5
FK-3824,Customer_2824,electronics,Sony Headphones,Rs. 6931,2,15-04-25,Delivered,Hyd,29
3825,Customer_2825,Books,Rich Dad Poor Dad,62344,two,30-05-25,Canceled,Bengaluru,28
FK-3826,Customer_2826,Shoes,Nike Running Shoes,58532,3,Jan 29 2025,Pending,,5
FK-3827,Customer_2827,Shoes,Puma Sneakers,56026,2,19-03-25,Returned,Chennai,NULL
FK-3828,Customer_2828,Clothing,Women's Kurta,Rs. 43097,4,30-01-25,delivered,Delhi,9
FK-3829,Customer_2829,Electronics,Samsung Galaxy M14,50231,4,30-09-25,Canceled,Gurgaon,24
FK-3830,Customer_2830,Electronics,Boat Airdopes,2755,3,01-04-26,returned,Delhi,
FK-3831,Customer_2831,Clothing,Women's Kurta,3327,1,,delivered,Hyd,1
FK-3832,Customer_2832,Books,Atomic Habits,52359,3,17-07-25,Returned,Kolkata,23
FK-3833,Customer_2833,Home & Kitchen,Milton Thermos,Rs. 12019,1,26-08-25,Shipped,Chennai,6
FK-3834,Customer_2834,SHOES,Nike Running Shoes,73836,5,02-03-26,Delivered,Pune,18
FK-3835,Customer_2835,Shoes,Nike Running Shoes,14038,2,28-08-25,Pending,Delhi,19
FK-3836,Customer_2836,Books,Rich Dad Poor Dad,33363,1,22-02-25,returned,Hyderabad,1
FK-3837,Customer_2837,ELECTRONICS,Boat Airdopes,35419,3,06-10-25,Shipped,Hyd,NULL
FK-3838,Customer_2838,Beauty,Nivea Lotion,₹17609,1,17-11-25,Canceled,Hyd,23
3839,Customer_2839,Books,Atomic Habits,-72603,3,20-11-25,Pending,Hyd,4%
FK-3840,Customer_2840,Clothing,Saree,59066,1,12-03-26,returned,Hyderabad,26
FK-3841,Customer_2841,Shoes,Puma Sneakers,Rs. 49837,2,13-03-26,Delivered,Bengaluru,16
FK-3842,Customer_2842,Beauty,Maybelline Lipstick,68066,2,23-04-26,returned,Delhi,3
FK-3843,Customer_2843,Home & Kitchen,Bajaj Iron,13335,1,Feb 26 2026,Delivered,BLR,25
FK-3844,Customer_2844,Clothing,Jacket,48605,3,02-02-26,Canceled,Gurgaon,5
FK-3845,Customer_2845,Clothing,Saree,32912,1,07-09-25,delivered,Hyderabad,3
FK-3846,Customer_2846,Home & Kitchen,Prestige Cooker,69729,4,09-08-25,Shipped,Hyd,30
FK-3847,Customer_2847,Beauty,Nivea Lotion,26064,1,16-11-25,Returned,Chennai,19
FK-3848,Customer_2848,shoes,Puma Sneakers,46455,3,27-07-25,delivered,BLR,27
FK-3849,Customer_2849,Home & Kitchen,Pigeon Gas Stove,Rs. 10429,1,12-03-26,delivered,Hyderabad,N/A
FK-3850,Customer_2850,clothing,Saree,12759,3,05-02-26,Shipped,Pune,16
FK-3851,Customer_2851,Beauty,Lakme Eyeliner,37646,1,24-12-25,Canceled,Kolkata,15
FK-3852,Customer_2852,SHOES,Adidas Sliders,36383,1,15-01-25,Delivered,Hyderabad,9
FK-3853,Customer_2853,Home & Kitchen,Pigeon Gas Stove,72008,2,12-09-25,Delivered,Chennai,10
FK-3854,Customer_2854,Shoes,Adidas Sliders,12857,1,19-08-25,Canceled,Pune,
FK-3855,Customer_2855,Clothing,Women's Kurta,₹73755,1,Sep 25 2025,delivered,Gurgaon,26
FK-3856,Customer_2856,electronics,Sony Headphones,-39529,1,22-04-26,Delivered,Mumbai,7
FK-3857,Customer_2857,Clothing,Saree,12321,2,09-03-25,Shipped,Gurgaon,12
FK-3858,Customer_2858,Home & Kitchen,Pigeon Gas Stove,26447,5,Feb 17 2026,returned,Chennai,26
FK-3859,,Electronics,Dell Mouse,70928,1,23-01-25,Delivered,,9
FK-3860,Customer_2860,Electronics,Dell Mouse,₹22099,5,07-03-26,delivered,Mumbai,
3861,Customer_2861,Clothing,Women's Kurta,Rs. 70708,1,02-02-26,delivered,Hyd,NULL
FK-3862,Customer_2862,Books,Dune,59397,3,26-11-25,Returned,Pune,18
FK-3863,Customer_2863,Electronics,Samsung Galaxy M14,₹38503,1,Dec 24 2025,Pending,Chennai,30
FK-3864,Customer_2864,Clothing,Jacket,36524,1,13-02-26,Shipped,Gurgaon,0
FK-3865,Customer_2865,Clothing,Women's Kurta,22144,1,19-04-25,Canceled,Gurgaon,4
FK-3866,Customer_2866,Beauty,Maybelline Lipstick,Rs. 58501,1,24-08-25,returned,Pune,NULL
FK-3867,Customer_2867,Home & Kitchen,Milton Thermos,12279,1,02-07-25,Canceled,Chennai,2
FK-3868,Customer_2868,Clothing,Men's T-Shirt,23567,2,Nov 07 2025,Pending,Mumbai,4
FK-3869,Customer_2869,Beauty,Maybelline Lipstick,24682,2,25-12-25,Shipped,,12%
FK-3870,Customer_2870,Books,Python Crash Course,69432,1,17-08-25,Returned,Mumbai,22
FK-3871,Customer_2871,Home & Kitchen,Milton Thermos,55341,3,09-01-25,returned,Chennai,24
FK-3872,Customer_2872,Beauty,Lakme Eyeliner,73942,1,17-01-25,delivered,BLR,11
FK-3873,Customer_2873,,Dell Mouse,36865,1,14-02-26,Returned,BLR,14%
FK-3874,Customer_2874,Home & Kitchen,Prestige Cooker,31222,2,10-10-25,Canceled,,5
FK-3875,Customer_2875,clothing,Women's Kurta,74373,3,07-08-25,Pending,Hyd,17
FK-3876,Customer_2876,Home & Kitchen,Bajaj Iron,56191,1,03-03-26,Canceled,BLR,N/A
FK-3877,Customer_2877,,Apple iPhone 15,54089,2,26-10-25,delivered,Delhi,13
FK-3878,Customer_2878,,Boat Airdopes,9621,2,28-03-26,returned,Mumbai,8
FK-3879,Customer_2879,Shoes,Nike Running Shoes,73201,4,25-10-25,Returned,,27
FK-3880,Customer_2880,Beauty,Maybelline Lipstick,32250,5,03-02-26,Shipped,Kolkata,12
FK-3881,Customer_2881,Beauty,Lakme Eyeliner,35939,2,,returned,,25
FK-3882,Customer_2882,Home & Kitchen,Prestige Cooker,49056,1,09-11-25,Canceled,Delhi,3
FK-3883,Customer_2883,Home & Kitchen,Prestige Cooker,34296,1,Oct 07 2025,Shipped,,20
FK-3884,Customer_2884,Electronics,Apple iPhone 15,3909,3,11-12-25,delivered,Mumbai,10
FK-3885,Customer_2885,Clothing,Women's Kurta,Rs. 46731,1,06-06-25,Pending,Mumbai,5
FK-3886,Customer_2886,Books,Dune,₹8614,2,11-05-26,Returned,,27
FK-3887,Customer_2887,Electronics,Sony Headphones,9594,,07-08-25,Returned,,
FK-3888,Customer_2888,Shoes,Adidas Sliders,25775,,14-02-25,returned,Chennai,19
FK-3889,Customer_2889,Home & Kitchen,Milton Thermos,-48114,1,19-01-26,delivered,Bengaluru,24
FK-3890,Customer_2890,Electronics,HP Pavilion Laptop,20895,1,27-06-25,Delivered,BLR,2
FK-3891,Customer_2891,beauty,Nivea Lotion,26588,999,02-12-25,Canceled,Bengaluru,5
FK-3892,Customer_2892,Home & Kitchen,Milton Thermos,32853,1,01-09-25,Returned,Chennai,22
FK-3893,Customer_2893,Beauty,Lakme Eyeliner,Rs. 7846,5,,returned,Bengaluru,14
FK-3894,Customer_2894,Clothing,Women's Kurta,26056,1,22-03-25,Returned,Kolkata,24
FK-3895,Customer_2895,,Sony Headphones,17160,1,10-06-25,Returned,,24
FK-3896,Customer_2896,Shoes,Nike Running Shoes,Rs. 38397,1,04-05-26,Returned,Bengaluru,18
FK-3897,Customer_2897,Beauty,Nivea Lotion,,1,06-05-26,Shipped,BLR,13
FK-3897,Customer_2897,Beauty,Nivea Lotion,,1,06-05-26,Shipped,BLR,13
FK-3898,Customer_2898,Home & Kitchen,Milton Thermos,,1,,Returned,Delhi,7
fk-3899,Customer_2899,books,Dune,4161,2,16-06-25,Shipped,Kolkata,29
FK-3900,Customer_2900,Clothing,Men's T-Shirt,23932,1,19-01-26,Canceled,Pune,NULL
FK-3901,Customer_2901,,Sony Headphones,49193,1,01-01-26,Canceled,BLR,6
FK-3902,Customer_2902,Clothing,Men's T-Shirt,24318,two,Mar 01 2026,Delivered,Bengaluru,12
FK-3903,Customer_2903,Books,Python Crash Course,17538,1,29-04-25,returned,Pune,14%
FK-3904,Customer_2904,Home & Kitchen,Bajaj Iron,43741,1,Jan 02 2026,Pending,Gurgaon,5
FK-3905,Customer_2905,Shoes,Adidas Sliders,36728,1,,Returned,Gurgaon,17
FK-3906,Customer_2906,Electronics,Samsung Galaxy M14,₹9861,2,,Canceled,Delhi,22
FK-3907,Customer_2907,Clothing,Men's T-Shirt,Rs. 73599,3,11-05-25,Pending,Hyderabad,20%
FK-3908,Customer_2908,Shoes,Adidas Sliders,16737,4,,Returned,Pune,0
fk-3909,Customer_2909,Books,Atomic Habits,74663,1,01-05-26,Returned,BLR,7
FK-3910,,Shoes,Adidas Sliders,-49141,1,May 14 2026,Shipped,Hyd,
FK-3911,Customer_2911,Books,Atomic Habits,Rs. 35864,,Jan 18 2025,Canceled,Delhi,5
FK-3912,Customer_2912,Clothing,Saree,8181,4,14-02-26,Delivered,Mumbai,30
FK-3913,Customer_2913,BEAUTY,Lakme Eyeliner,Rs. 61045,1,Jun 09 2025,returned,Gurgaon,NULL
FK-3914,Customer_2914,Beauty,Maybelline Lipstick,33638,1,04-09-25,Shipped,Delhi,N/A
FK-3915,Customer_2915,beauty,Lakme Eyeliner,33535,1,20-04-26,Returned,Pune,30
FK-3916,Customer_2916,Shoes,Adidas Sliders,₹43690,1,27-02-26,Pending,Kolkata,22
FK-3917,Customer_2917,electronics,Samsung Galaxy M14,37955,1,08-12-25,Shipped,Chennai,23
FK-3918,Customer_2918,Home & Kitchen,Bajaj Iron,Rs. 39769,1,,Returned,Delhi,17
FK-3919,Customer_2919,home & kitchen,Milton Thermos,54112,1,Oct 06 2025,Delivered,Kolkata,30
FK-3920,Customer_2920,Clothing,Saree,45152,1,27-05-25,Canceled,Gurgaon,
FK-3921,Customer_2921,Electronics,HP Pavilion Laptop,₹52666,2,05-04-25,Delivered,Hyderabad,22
FK-3922,Customer_2922,Clothing,Women's Kurta,Rs. 58994,5,25-04-25,Pending,Hyderabad,10
FK-3923,Customer_2923,Electronics,Samsung Galaxy M14,53687,1,28-02-26,Shipped,,
FK-3924,Customer_2924,Shoes,Nike Running Shoes,13236,1,01-12-25,Canceled,Bengaluru,21
FK-3925,Customer_2925,Beauty,Lakme Eyeliner,11215,5,19-11-25,Pending,,18
fk-3926,Customer_2926,BEAUTY,Maybelline Lipstick,10616,1,20-09-25,Canceled,Pune,9
FK-3927,Customer_2927,Home & Kitchen,Milton Thermos,36619,1,12-07-25,returned,Gurgaon,15
FK-3928,Customer_2928,books,Atomic Habits,22396,-1,11-02-25,Pending,Chennai,NULL
FK-3929,Customer_2929,Electronics,HP Pavilion Laptop,33169,1,18-11-25,Returned,Kolkata,5
FK-3930,Customer_2930,Books,Rich Dad Poor Dad,10076,3,,returned,Mumbai,6
FK-3931,Customer_2931,Books,Python Crash Course,₹48607,1,07-01-25,Returned,,12
FK-3932,Customer_2932,Shoes,Adidas Sliders,₹67627,2,,Pending,Mumbai,28
FK-3933,Customer_2933,,Sony Headphones,26556,2,24-01-25,delivered,BLR,20
FK-3934,Customer_2934,Shoes,Puma Sneakers,11102,1,31-01-26,returned,Chennai,11
FK-3935,Customer_2935,Beauty,Lakme Eyeliner,61866,3,,Delivered,Mumbai,N/A
FK-3936,Customer_2936,Books,Rich Dad Poor Dad,Rs. 51785,3,26-07-25,delivered,BLR,1%
FK-3937,Customer_2937,Clothing,Women's Kurta,11009,1,07-03-26,Shipped,,28
FK-3938,Customer_2938,Books,Python Crash Course,2786,1,07-07-25,Shipped,Hyd,22
FK-3939,,Home & Kitchen,Pigeon Gas Stove,68853,two,02-11-25,Returned,Delhi,0
FK-3940,Customer_2940,home & kitchen,Pigeon Gas Stove,-18731,4,27-06-25,Canceled,Mumbai,15%
FK-3941,Customer_2941,Books,Atomic Habits,60232,1,19-11-25,delivered,Kolkata,2%
FK-3942,Customer_2942,Shoes,Adidas Sliders,44964,1,31-03-26,Delivered,,6
3943,Customer_2943,Clothing,Jacket,Rs. 60142,1,02-03-25,returned,Kolkata,24
FK-3944,Customer_2944,Books,Python Crash Course,₹39305,-1,04-03-25,Delivered,Pune,6%
FK-3945,Customer_2945,Clothing,Men's T-Shirt,41856,1,29-03-25,Returned,Mumbai,21
FK-3946,Customer_2946,Electronics,HP Pavilion Laptop,₹74939,2,15-11-25,Returned,,25
FK-3947,Customer_2947,clothing,Jacket,₹21000,3,15-03-25,returned,Mumbai,0
FK-3948,Customer_2948,Electronics,Apple iPhone 15,41994,1,29-01-26,returned,Chennai,9%
FK-3949,Customer_2949,BOOKS,Rich Dad Poor Dad,44060,1,Nov 28 2025,returned,Pune,N/A
FK-3950,Customer_2950,Electronics,Boat Airdopes,48779,1,29-05-25,Canceled,Chennai,25
FK-3951,Customer_2951,Electronics,HP Pavilion Laptop,₹23105,1,17-04-25,returned,Mumbai,25
FK-3952,Customer_2952,Beauty,Lakme Eyeliner,72157,1,08-06-25,Pending,Hyderabad,30
FK-3953,Customer_2953,Beauty,Maybelline Lipstick,70540,1,18-11-25,Delivered,Hyderabad,N/A
FK-3954,Customer_2954,Electronics,Samsung Galaxy M14,70834,2,19-04-25,returned,BLR,2
FK-3955,Customer_2955,Clothing,Jacket,61165,1,30-07-25,returned,BLR,8%
fk-3956,Customer_2956,Books,Atomic Habits,19697,3,Apr 06 2026,Delivered,Mumbai,27
FK-3957,Customer_2957,Books,Rich Dad Poor Dad,31219,1,17-01-26,Delivered,Bengaluru,13
FK-3957,Customer_2957,Books,Rich Dad Poor Dad,31219,1,17-01-26,Delivered,Bengaluru,13
FK-3958,Customer_2958,Clothing,Jacket,,2,10-07-25,Returned,Kolkata,18
FK-3959,Customer_2959,Shoes,Puma Sneakers,67960,1,17-01-26,Delivered,Bengaluru,14
FK-3960,Customer_2960,Beauty,Lakme Eyeliner,45801,,20-09-25,Shipped,BLR,7
FK-3961,Customer_2961,Beauty,Lakme Eyeliner,₹16127,2,,Shipped,Hyderabad,28
FK-3962,Customer_2962,Shoes,Adidas Sliders,60939,2,30-01-26,delivered,BLR,3
FK-3963,Customer_2963,Books,Dune,₹43547,1,20-04-26,delivered,BLR,13
FK-3964,Customer_2964,Clothing,Women's Kurta,74081,1,Mar 06 2025,Delivered,Hyderabad,20
FK-3965,,Electronics,Boat Airdopes,29457,2,10-06-25,Canceled,Bengaluru,2
FK-3966,Customer_2966,Clothing,Women's Kurta,25238,3,07-05-26,Shipped,Bengaluru,6
FK-3967,,Beauty,Nivea Lotion,72603,3,15-04-25,Pending,Bengaluru,30
FK-3968,Customer_2968,Home & Kitchen,Pigeon Gas Stove,61635,1,Jul 22 2025,Returned,BLR,26
FK-3969,Customer_2969,Books,Dune,-59098,1,May 19 2025,delivered,Delhi,25%
FK-3970,Customer_2970,,Apple iPhone 15,-57581,2,Feb 15 2026,Canceled,Kolkata,N/A
FK-3971,Customer_2971,Beauty,Maybelline Lipstick,43442,3,19-01-26,delivered,Chennai,25
FK-3972,Customer_2972,,Samsung Galaxy M14,66846,1,26-10-25,Pending,Kolkata,6
FK-3973,Customer_2973,Home & Kitchen,Pigeon Gas Stove,,4,17-07-25,Returned,Delhi,28
FK-3974,Customer_2974,Clothing,Jacket,70149,1,03-11-25,returned,Chennai,12
FK-3975,Customer_2975,Home & Kitchen,Prestige Cooker,68027,2,10-05-25,Shipped,Chennai,11
fk-3976,Customer_2976,Clothing,Jeans,66293,1,24-03-26,Returned,Delhi,16%
FK-3977,Customer_2977,Electronics,Sony Headphones,8529,1,13-01-26,Pending,,11
FK-3977,Customer_2977,Electronics,Sony Headphones,8529,1,13-01-26,Pending,,11
FK-3978,Customer_2978,,Samsung Galaxy M14,30421,1,23-03-26,delivered,Delhi,N/A
FK-3979,Customer_2979,Home & Kitchen,Prestige Cooker,1779,2,,Canceled,BLR,26
FK-3980,Customer_2980,Beauty,Lakme Eyeliner,53061,1,16-04-26,delivered,Hyd,26
FK-3981,Customer_2981,beauty,Maybelline Lipstick,12189,1,02-01-26,Canceled,Hyd,0
FK-3982,Customer_2982,Electronics,Boat Airdopes,41485,1,10-05-26,Pending,Bengaluru,10
FK-3983,Customer_2983,Clothing,Saree,35864,1,16-03-26,Delivered,Kolkata,29
FK-3984,Customer_2984,Shoes,Adidas Sliders,43321,-1,01-03-26,returned,Hyd,29
FK-3985,Customer_2985,shoes,Nike Running Shoes,Rs. 9775,1,04-09-25,delivered,BLR,11
3986,Customer_2986,Shoes,Puma Sneakers,8094,1,11-02-26,Returned,Bengaluru,21
FK-3987,Customer_2987,,Samsung Galaxy M14,,1,25-05-25,delivered,Hyderabad,9
FK-3988,Customer_2988,Books,Rich Dad Poor Dad,63958,5,Feb 25 2026,Shipped,Hyderabad,29
FK-3989,Customer_2989,Shoes,Nike Running Shoes,20464,2,20-12-25,Pending,Chennai,1
FK-3990,Customer_2990,Home & Kitchen,Prestige Cooker,5124,1,24-12-25,Delivered,Kolkata,12
FK-3991,Customer_2991,Beauty,Lakme Eyeliner,₹24163,5,Mar 09 2025,Delivered,Hyd,0
FK-3992,Customer_2992,beauty,Lakme Eyeliner,Rs. 6109,3,04-05-26,delivered,Hyd,1
FK-3993,Customer_2993,Electronics,HP Pavilion Laptop,,1,28-10-25,Pending,Hyderabad,6
FK-3994,Customer_2994,Shoes,Adidas Sliders,39249,2,05-05-26,Returned,Pune,12
FK-3995,Customer_2995,Shoes,Puma Sneakers,4642,1,Apr 04 2026,Pending,Delhi,
fk-3996,,Shoes,Adidas Sliders,₹22118,1,05-02-26,delivered,Bengaluru,23
FK-3997,Customer_2997,Shoes,Puma Sneakers,69761,2,14-07-25,Returned,Hyderabad,27
FK-3998,Customer_2998,Shoes,Adidas Sliders,14451,1,18-04-26,Canceled,Mumbai,15
FK-3999,Customer_2999,Books,Rich Dad Poor Dad,19669,1,18-10-25,Shipped,Pune,14
FK-4000,Customer_3000,electronics,Dell Mouse,59526,1,,Returned,Chennai,5
FK-4001,Customer_3001,Home & Kitchen,Bajaj Iron,Rs. 62128,1,10-06-25,Delivered,Pune,16
FK-4002,Customer_3002,Electronics,Boat Airdopes,-10759,1,,Returned,Hyderabad,19%
fk-4003,Customer_3003,Beauty,Maybelline Lipstick,39745,1,29-08-25,Pending,Hyd,5
FK-4004,Customer_3004,Home & Kitchen,Bajaj Iron,52848,1,04-08-25,Delivered,Kolkata,11
FK-4005,Customer_3005,Home & Kitchen,Pigeon Gas Stove,54264,1,Feb 27 2026,Delivered,Chennai,29
FK-4006,Customer_3006,Clothing,Jeans,,1,14-07-25,Shipped,BLR,10
FK-4007,Customer_3007,Beauty,Nivea Lotion,40598,1,15-08-25,Delivered,,4
FK-4008,Customer_3008,Beauty,Nivea Lotion,₹8879,3,27-09-25,Returned,Pune,27
FK-4009,Customer_3009,Shoes,Adidas Sliders,73919,3,05-05-26,Delivered,Chennai,15
FK-4010,Customer_3010,Home & Kitchen,Milton Thermos,17720,1,23-03-25,Returned,Hyd,N/A
FK-4011,Customer_3011,clothing,Women's Kurta,55581,1,30-09-25,returned,BLR,6
FK-4012,Customer_3012,Electronics,Samsung Galaxy M14,9022,1,08-12-25,Delivered,,7
FK-4013,Customer_3013,clothing,Women's Kurta,50634,-1,18-01-25,delivered,,18
FK-4014,Customer_3014,Beauty,Maybelline Lipstick,44817,2,15-02-26,Returned,Chennai,1
FK-4015,Customer_3015,Electronics,Apple iPhone 15,19645,2,20-01-25,returned,BLR,19
fk-4016,Customer_3016,Clothing,Saree,₹72427,5,20-02-25,returned,Hyd,19
FK-4017,Customer_3017,Home & Kitchen,Bajaj Iron,-20647,1,31-03-26,Canceled,Hyd,N/A
FK-4018,Customer_3018,Electronics,Sony Headphones,56937,one,,Delivered,BLR,21
FK-4019,Customer_3019,Electronics,Samsung Galaxy M14,33360,1,12-02-26,Pending,Chennai,20
FK-4020,Customer_3020,Electronics,Boat Airdopes,67068,1,20-09-25,Pending,Gurgaon,7%
FK-4021,Customer_3021,Clothing,Women's Kurta,26160,999,29-08-25,Returned,Mumbai,20
FK-4022,Customer_3022,Home & Kitchen,Milton Thermos,11359,1,02-02-26,Returned,Gurgaon,NULL
FK-4023,Customer_3023,Home & Kitchen,Bajaj Iron,Rs. 70301,1,12-04-25,Returned,Pune,18
FK-4024,Customer_3024,Clothing,Jeans,29295,1,16-01-26,delivered,Delhi,20
FK-4025,Customer_3025,Beauty,Nivea Lotion,23648,5,24-12-25,Canceled,Kolkata,10
FK-4026,Customer_3026,ELECTRONICS,Samsung Galaxy M14,46659,1,27-03-26,Delivered,BLR,4
FK-4027,Customer_3027,Books,Atomic Habits,Rs. 10712,1,18-01-26,Pending,Hyderabad,8
FK-4028,Customer_3028,Books,Dune,-755,1,17-03-26,Canceled,Kolkata,14
FK-4029,Customer_3029,books,Rich Dad Poor Dad,69611,1,07-10-25,Shipped,Kolkata,3
FK-4030,Customer_3030,Clothing,Women's Kurta,61910,2,03-01-26,returned,Delhi,15
fk-4031,Customer_3031,books,Rich Dad Poor Dad,65298,1,26-10-25,Pending,Mumbai,12
FK-4032,Customer_3032,Books,Dune,72942,1,Dec 18 2025,Pending,BLR,N/A
FK-4033,Customer_3033,Shoes,Adidas Sliders,60585,4,,Returned,Chennai,27
FK-4034,Customer_3034,Electronics,HP Pavilion Laptop,44463,1,27-02-26,Shipped,BLR,28
FK-4035,Customer_3035,Clothing,Jeans,11798,-1,09-01-26,Delivered,Kolkata,8
FK-4036,Customer_3036,Home & Kitchen,Pigeon Gas Stove,₹57206,1,Mar 23 2025,returned,Mumbai,N/A
FK-4037,Customer_3037,Clothing,Jeans,52770,1,28-11-25,Returned,Mumbai,24
FK-4038,Customer_3038,Shoes,Puma Sneakers,22969,1,,returned,Delhi,10
FK-4039,Customer_3039,Clothing,Jacket,-37595,1,,Shipped,Kolkata,N/A
FK-4040,Customer_3040,Books,Rich Dad Poor Dad,74928,1,,Canceled,Hyd,17
FK-4041,Customer_3041,Home & Kitchen,Bajaj Iron,53577,1,28-03-25,Canceled,Hyd,
FK-4042,Customer_3042,Home & Kitchen,Bajaj Iron,₹40846,1,Jan 10 2026,Canceled,Pune,N/A
FK-4043,,Shoes,Nike Running Shoes,27254,1,25-10-25,Pending,Mumbai,15%
FK-4044,Customer_3044,CLOTHING,Men's T-Shirt,Rs. 70554,two,18-02-25,Canceled,Hyd,14
FK-4045,Customer_3045,Shoes,Adidas Sliders,49668,1,18-01-25,delivered,Chennai,5
FK-4046,Customer_3046,Beauty,Nivea Lotion,-38209,3,23-08-25,Canceled,Gurgaon,20%
FK-4047,Customer_3047,Beauty,Maybelline Lipstick,50587,1,,delivered,Delhi,12
FK-4048,Customer_3048,Books,Dune,1112,2,10-01-26,Shipped,Bengaluru,30
FK-4049,Customer_3049,Electronics,HP Pavilion Laptop,Rs. 31727,3,08-02-25,Delivered,Chennai,NULL
FK-4050,Customer_3050,books,Rich Dad Poor Dad,40273,1,14-09-25,Shipped,Hyderabad,NULL
FK-4051,Customer_3051,Electronics,Dell Mouse,,1,Mar 27 2026,Canceled,Hyderabad,7
FK-4052,,Electronics,Sony Headphones,15491,1,05-02-26,Shipped,Gurgaon,12
FK-4053,Customer_3053,Beauty,Maybelline Lipstick,,1,16-03-26,delivered,Hyd,16
FK-4054,Customer_3054,,HP Pavilion Laptop,68932,1,23-10-25,Returned,Pune,12
FK-4055,Customer_3055,Electronics,Dell Mouse,61313,2,Jun 25 2025,Delivered,Hyderabad,16
FK-4056,Customer_3056,Beauty,Maybelline Lipstick,-42128,1,18-01-26,Pending,BLR,20
FK-4057,Customer_3057,Electronics,Boat Airdopes,-1840,1,12-02-26,Returned,Pune,19
4058,Customer_3058,Clothing,Jeans,14550,1,21-12-25,Shipped,Gurgaon,NULL
FK-4059,Customer_3059,Electronics,Samsung Galaxy M14,Rs. 63432,1,28-08-25,Returned,Kolkata,
FK-4060,Customer_3060,,Sony Headphones,57677,1,04-12-25,returned,Hyderabad,29
FK-4061,Customer_3061,Electronics,Boat Airdopes,24740,2,11-05-25,returned,Chennai,1
FK-4062,Customer_3062,,Dell Mouse,,,31-01-25,Pending,Gurgaon,27
FK-4063,Customer_3063,SHOES,Nike Running Shoes,22172,1,,Returned,Mumbai,4
FK-4064,Customer_3064,Electronics,Sony Headphones,22682,1,Mar 03 2025,Returned,Hyd,NULL
FK-4065,Customer_3065,Books,Dune,-36187,1,Feb 19 2025,Delivered,Bengaluru,19
FK-4066,Customer_3066,Beauty,Lakme Eyeliner,28278,3,10-01-25,Returned,Delhi,11%
FK-4067,Customer_3067,BOOKS,Dune,2220,3,13-09-25,delivered,Hyd,17
FK-4068,Customer_3068,Beauty,Nivea Lotion,56660,1,07-08-25,returned,Bengaluru,17
FK-4069,Customer_3069,Shoes,Puma Sneakers,55922,1,21-11-25,returned,Hyderabad,6
FK-4070,Customer_3070,Home & Kitchen,Pigeon Gas Stove,13341,1,19-01-26,Pending,Mumbai,20
FK-4071,Customer_3071,,Samsung Galaxy M14,408,1,04-05-25,returned,Kolkata,9
FK-4072,,Books,Atomic Habits,49004,1,05-04-25,returned,Hyd,25
fk-4073,Customer_3073,Clothing,Saree,30705,1,29-12-25,Shipped,Hyderabad,30
FK-4074,Customer_3074,clothing,Jacket,54986,1,06-05-26,Pending,Hyd,29
FK-4075,Customer_3075,Books,Rich Dad Poor Dad,2197,2,11-03-25,returned,Hyderabad,15
FK-4076,Customer_3076,Home & Kitchen,Milton Thermos,Rs. 62280,2,14-09-25,Delivered,Pune,10
FK-4077,Customer_3077,Books,Python Crash Course,₹70366,5,09-06-25,delivered,Pune,17
FK-4078,Customer_3078,Clothing,Jeans,-21765,1,01-07-25,returned,Delhi,23%
FK-4079,Customer_3079,Shoes,Puma Sneakers,13934,3,29-12-25,Delivered,Kolkata,0
FK-4080,Customer_3080,Clothing,Jeans,11438,1,14-02-26,returned,,11
FK-4081,Customer_3081,Shoes,Adidas Sliders,45493,2,29-01-25,Pending,Hyderabad,5
FK-4082,Customer_3082,Clothing,Saree,₹8433,2,16-10-25,Pending,BLR,7
FK-4083,Customer_3083,Electronics,Dell Mouse,8300,3,14-04-26,Canceled,Hyd,19
FK-4084,Customer_3084,BOOKS,Atomic Habits,65031,2,04-06-25,returned,Hyderabad,25
FK-4085,Customer_3085,Electronics,Sony Headphones,42837,3,30-04-25,Delivered,Kolkata,17
FK-4086,Customer_3086,Beauty,Maybelline Lipstick,45287,1,24-04-25,Pending,Gurgaon,27
FK-4087,Customer_3087,Electronics,Samsung Galaxy M14,13496,4,Jun 19 2025,Shipped,,10%
FK-4088,Customer_3088,Books,Rich Dad Poor Dad,30530,-1,14-09-25,Canceled,Gurgaon,0%
fk-4089,Customer_3089,home & kitchen,Milton Thermos,31048,2,23-05-25,Returned,Delhi,23%
FK-4090,Customer_3090,Books,Python Crash Course,37399,4,10-05-26,delivered,Hyd,14
FK-4091,Customer_3091,Shoes,Nike Running Shoes,43655,1,14-09-25,returned,Chennai,12
FK-4092,Customer_3092,Clothing,Jeans,64720,2,,Shipped,Gurgaon,6
FK-4093,Customer_3093,Clothing,Jeans,10022,4,Jun 06 2025,Returned,Delhi,N/A
FK-4094,Customer_3094,Beauty,Nivea Lotion,71192,1,07-02-26,returned,BLR,2
FK-4095,Customer_3095,Books,Atomic Habits,₹6132,1,22-08-25,Pending,Mumbai,12
FK-4096,Customer_3096,Books,Rich Dad Poor Dad,62950,1,17-08-25,delivered,Gurgaon,15
FK-4097,Customer_3097,Clothing,Men's T-Shirt,23232,1,30-09-25,Returned,Hyderabad,18
fk-4098,Customer_3098,Beauty,Lakme Eyeliner,8568,1,,delivered,Pune,5
FK-4099,Customer_3099,Electronics,Apple iPhone 15,30354,1,,Canceled,Kolkata,3
4100,Customer_3100,beauty,Maybelline Lipstick,Rs. 34664,1,May 02 2025,Shipped,Kolkata,12
FK-4101,Customer_3101,SHOES,Puma Sneakers,12382,two,18-10-25,Pending,Pune,4
FK-4102,Customer_3102,Home & Kitchen,Bajaj Iron,,2,02-04-26,Shipped,Chennai,18%
FK-4103,Customer_3103,books,Rich Dad Poor Dad,38187,2,23-01-25,Delivered,Hyd,10
FK-4104,Customer_3104,Home & Kitchen,Milton Thermos,16314,1,17-02-26,Canceled,Mumbai,6
FK-4104,Customer_3104,Home & Kitchen,Milton Thermos,16314,1,17-02-26,Canceled,Mumbai,6
FK-4105,Customer_3105,shoes,Puma Sneakers,14999,1,,delivered,,7
FK-4106,Customer_3106,Electronics,Samsung Galaxy M14,67028,4,23-11-25,Shipped,Pune,N/A
FK-4107,Customer_3107,,Sony Headphones,61758,1,17-04-25,Shipped,BLR,19
FK-4108,Customer_3108,Shoes,Nike Running Shoes,63584,1,18-01-26,Delivered,BLR,24
FK-4109,Customer_3109,Electronics,Boat Airdopes,11756,1,Aug 09 2025,delivered,Kolkata,20
4110,Customer_3110,Shoes,Adidas Sliders,8719,1,17-03-26,Delivered,Hyd,16
FK-4111,Customer_3111,Beauty,Nivea Lotion,14954,1,10-03-25,Returned,Delhi,29%
FK-4112,Customer_3112,Home & Kitchen,Milton Thermos,35065,2,01-05-26,Pending,Kolkata,16
FK-4113,Customer_3113,Clothing,Jeans,-56177,1,07-09-25,Pending,BLR,16
4114,Customer_3114,Home & Kitchen,Milton Thermos,Rs. 13679,2,,delivered,,N/A
FK-4115,Customer_3115,HOME & KITCHEN,Bajaj Iron,31359,1,24-02-26,Pending,,NULL
FK-4116,Customer_3116,BEAUTY,Lakme Eyeliner,27998,3,04-12-25,returned,Hyd,3
FK-4117,Customer_3117,CLOTHING,Jacket,17059,1,05-06-25,Shipped,Delhi,27
FK-4118,Customer_3118,Shoes,Adidas Sliders,56071,1,Feb 16 2026,Returned,Kolkata,12
FK-4119,Customer_3119,Beauty,Lakme Eyeliner,34439,1,01-04-25,Returned,,NULL
FK-4120,Customer_3120,Shoes,Puma Sneakers,₹63613,1,05-07-25,Returned,Hyderabad,4
FK-4121,Customer_3121,BEAUTY,Nivea Lotion,44461,4,04-05-26,Shipped,,28
FK-4122,Customer_3122,Clothing,Women's Kurta,33932,one,Oct 25 2025,Delivered,Hyd,16
FK-4123,Customer_3123,Beauty,Lakme Eyeliner,31641,1,18-01-25,Delivered,Pune,NULL
FK-4124,Customer_3124,Clothing,Women's Kurta,22982,1,07-05-25,Pending,BLR,19%
FK-4125,,books,Dune,5947,2,24-06-25,Canceled,Mumbai,5
FK-4126,Customer_3126,,Samsung Galaxy M14,₹6571,1,08-01-26,Returned,BLR,24
FK-4127,Customer_3127,,Sony Headphones,42506,1,20-03-25,Canceled,Chennai,9
FK-4128,Customer_3128,books,Rich Dad Poor Dad,Rs. 55767,3,28-03-26,Canceled,Gurgaon,30%
4129,Customer_3129,Beauty,Maybelline Lipstick,65570,1,Mar 17 2025,Shipped,Delhi,NULL
FK-4130,Customer_3130,Shoes,Puma Sneakers,72061,5,26-07-25,returned,Chennai,22
FK-4131,Customer_3131,Clothing,Saree,74102,1,07-09-25,Returned,Hyderabad,30%
fk-4132,Customer_3132,Shoes,Adidas Sliders,33370,one,04-08-25,Returned,Bengaluru,11
FK-4133,Customer_3133,Home & Kitchen,Milton Thermos,₹3192,1,05-12-25,delivered,Chennai,N/A
FK-4134,Customer_3134,Books,Dune,61601,1,08-05-26,Shipped,Gurgaon,30
FK-4135,Customer_3135,Beauty,Maybelline Lipstick,₹12253,2,Jan 30 2025,Delivered,Pune,15
4136,Customer_3136,clothing,Jacket,9604,1,16-12-25,Shipped,Kolkata,24%
FK-4137,Customer_3137,Clothing,Jacket,70641,1,18-08-25,Canceled,Hyderabad,24%
FK-4138,Customer_3138,Beauty,Maybelline Lipstick,53680,4,22-07-25,Delivered,,8
fk-4139,Customer_3139,Shoes,Puma Sneakers,30037,1,15-10-25,Shipped,Chennai,1
FK-4140,Customer_3140,Electronics,Sony Headphones,,1,20-05-25,Pending,BLR,3
FK-4141,Customer_3141,Clothing,Men's T-Shirt,Rs. 6609,1,20-06-25,Returned,Kolkata,21
FK-4141,Customer_3141,Clothing,Men's T-Shirt,Rs. 6609,1,20-06-25,Returned,Kolkata,21
fk-4142,Customer_3142,ELECTRONICS,Sony Headphones,36483,1,26-11-25,Canceled,Bengaluru,N/A
FK-4143,Customer_3143,Clothing,Women's Kurta,50031,1,27-11-25,Returned,,
fk-4144,Customer_3144,Beauty,Lakme Eyeliner,10942,1,May 03 2026,Canceled,BLR,28%
FK-4145,Customer_3145,Electronics,Sony Headphones,Rs. 44047,1,30-03-26,Shipped,Gurgaon,27
FK-4146,Customer_3146,Electronics,Dell Mouse,25778,999,09-10-25,Shipped,Delhi,NULL
FK-4147,,Beauty,Lakme Eyeliner,1887,1,30-06-25,Delivered,Kolkata,15
FK-4148,Customer_3148,Shoes,Puma Sneakers,₹4696,1,07-05-25,returned,Kolkata,
FK-4149,Customer_3149,shoes,Puma Sneakers,2520,1,03-01-25,delivered,Hyd,22%
FK-4150,Customer_3150,Electronics,Dell Mouse,71134,1,05-08-25,Pending,Pune,24
fk-4151,Customer_3151,Home & Kitchen,Pigeon Gas Stove,69853,3,Feb 15 2025,delivered,Kolkata,0
FK-4152,Customer_3152,Electronics,Sony Headphones,Rs. 9230,1,20-03-25,Delivered,Bengaluru,7
FK-4153,Customer_3153,Clothing,Men's T-Shirt,23163,5,15-01-26,Canceled,Hyd,25
4154,Customer_3154,Beauty,Nivea Lotion,Rs. 41888,3,04-01-26,Delivered,Kolkata,10
FK-4155,Customer_3155,Books,Python Crash Course,72718,1,27-04-25,Canceled,Hyd,N/A
fk-4156,Customer_3156,Electronics,Dell Mouse,-69502,1,26-04-26,Pending,Mumbai,NULL
4157,Customer_3157,,HP Pavilion Laptop,71789,1,17-02-25,Canceled,Mumbai,17
4157,Customer_3157,,HP Pavilion Laptop,71789,1,17-02-25,Canceled,Mumbai,17
FK-4158,Customer_3158,Electronics,Sony Headphones,31482,2,01-03-26,delivered,Pune,1
FK-4159,Customer_3159,Beauty,Lakme Eyeliner,50167,1,25-04-25,Returned,,N/A
4160,Customer_3160,Beauty,Nivea Lotion,66697,2,25-01-25,Pending,Kolkata,NULL
FK-4161,Customer_3161,Shoes,Puma Sneakers,32741,1,14-12-25,Shipped,Hyd,12
FK-4162,Customer_3162,Electronics,Sony Headphones,,1,02-07-25,returned,Pune,5
FK-4163,Customer_3163,Shoes,Nike Running Shoes,6950,3,10-09-25,returned,,24
FK-4164,Customer_3164,Books,Rich Dad Poor Dad,48905,1,13-10-25,Pending,Bengaluru,1%
FK-4165,Customer_3165,Shoes,Puma Sneakers,59025,1,09-07-25,Canceled,Hyderabad,18
FK-4166,Customer_3166,Shoes,Adidas Sliders,4048,1,02-05-25,Canceled,Delhi,1
FK-4167,Customer_3167,books,Python Crash Course,16944,1,22-03-25,returned,Delhi,30
FK-4168,Customer_3168,Beauty,Maybelline Lipstick,44606,1,02-01-26,delivered,BLR,15
4169,Customer_3169,Electronics,Apple iPhone 15,62613,1,26-09-25,Returned,,13
FK-4170,Customer_3170,Beauty,Maybelline Lipstick,-21755,1,11-01-25,Pending,,28
4171,Customer_3171,Shoes,Adidas Sliders,,1,24-03-26,Delivered,Hyd,21
FK-4172,Customer_3172,Books,Rich Dad Poor Dad,-50377,2,10-07-25,Pending,Mumbai,NULL
FK-4173,Customer_3173,Books,Rich Dad Poor Dad,₹34027,1,31-03-25,Returned,,22
FK-4174,Customer_3174,Shoes,Nike Running Shoes,29088,3,05-03-26,returned,Bengaluru,22
FK-4175,Customer_3175,Clothing,Jacket,669,1,,delivered,Bengaluru,12
FK-4176,Customer_3176,,Samsung Galaxy M14,44777,1,07-12-25,returned,,NULL
FK-4177,Customer_3177,Electronics,Sony Headphones,58000,4,,Returned,Pune,2
FK-4178,Customer_3178,Clothing,Jeans,Rs. 45354,2,26-10-25,Pending,Gurgaon,8
FK-4179,Customer_3179,Electronics,Apple iPhone 15,-56613,-1,12-08-25,Shipped,Kolkata,9
FK-4180,Customer_3180,Home & Kitchen,Prestige Cooker,28236,1,06-08-25,Canceled,Gurgaon,16
FK-4181,Customer_3181,Shoes,Adidas Sliders,14793,1,25-03-26,Delivered,Mumbai,1
FK-4182,Customer_3182,Shoes,Adidas Sliders,7590,3,Jun 26 2025,Delivered,Delhi,26
FK-4183,Customer_3183,Clothing,Jacket,20252,1,11-05-25,Delivered,Chennai,12
FK-4184,Customer_3184,shoes,Adidas Sliders,₹47152,1,16-03-26,returned,BLR,13
FK-4185,Customer_3185,Shoes,Adidas Sliders,34816,1,07-05-25,Shipped,BLR,11
FK-4186,Customer_3186,SHOES,Adidas Sliders,,2,04-02-26,Shipped,Kolkata,24
FK-4187,Customer_3187,Books,Python Crash Course,66278,5,28-06-25,Canceled,,27%
4188,Customer_3188,,Boat Airdopes,55885,1,15-03-26,returned,Delhi,
FK-4189,Customer_3189,,HP Pavilion Laptop,-22851,1,01-05-26,Shipped,Hyderabad,26
FK-4190,,Books,Python Crash Course,62960,1,26-06-25,returned,Chennai,15%
FK-4191,Customer_3191,Electronics,Sony Headphones,41988,1,08-11-25,Canceled,Kolkata,23
FK-4192,Customer_3192,Shoes,Adidas Sliders,,2,,Shipped,Kolkata,0%
FK-4193,Customer_3193,Electronics,Dell Mouse,Rs. 31709,2,17-03-25,delivered,Mumbai,12
FK-4194,Customer_3194,Books,Rich Dad Poor Dad,56410,3,29-03-25,Shipped,Kolkata,2
FK-4195,Customer_3195,Beauty,Maybelline Lipstick,24779,2,Jun 22 2025,Canceled,Pune,22
FK-4196,Customer_3196,Clothing,Men's T-Shirt,₹5414,1,17-01-26,Canceled,Delhi,1
FK-4197,Customer_3197,books,Python Crash Course,45722,1,05-03-26,Canceled,Gurgaon,28
FK-4198,Customer_3198,Home & Kitchen,Bajaj Iron,Rs. 63153,5,06-08-25,Returned,BLR,28
FK-4199,Customer_3199,Beauty,Lakme Eyeliner,13323,2,,Canceled,,
FK-4200,Customer_3200,Beauty,Maybelline Lipstick,40790,5,19-02-25,Delivered,Delhi,N/A
FK-4201,Customer_3201,clothing,Jacket,₹16626,3,24-02-25,Shipped,Hyderabad,NULL
FK-4202,Customer_3202,Electronics,Sony Headphones,46474,1,08-03-26,Returned,Mumbai,15
FK-4203,,Books,Dune,32937,1,,returned,,2
FK-4204,Customer_3204,Beauty,Nivea Lotion,7798,3,28-03-26,Pending,Hyd,N/A
FK-4205,Customer_3205,Electronics,Boat Airdopes,50995,2,10-09-25,returned,Delhi,26
FK-4206,Customer_3206,Electronics,Apple iPhone 15,46388,1,06-02-26,Returned,Delhi,21
FK-4207,Customer_3207,Home & Kitchen,Prestige Cooker,,2,,returned,Delhi,23
FK-4208,Customer_3208,Clothing,Men's T-Shirt,71081,1,25-04-25,returned,Pune,4
FK-4209,Customer_3209,BEAUTY,Lakme Eyeliner,6609,1,26-11-25,returned,Mumbai,23%
FK-4210,,Clothing,Jeans,54748,2,11-04-25,Pending,Gurgaon,15
fk-4211,Customer_3211,,Samsung Galaxy M14,44655,4,12-08-25,Canceled,BLR,13
fk-4212,Customer_3212,Home & Kitchen,Bajaj Iron,26602,1,12-05-26,delivered,BLR,30
FK-4213,Customer_3213,Home & Kitchen,Pigeon Gas Stove,64743,1,24-02-25,Canceled,Kolkata,25
FK-4214,Customer_3214,Beauty,Maybelline Lipstick,68818,4,20-08-25,delivered,Hyderabad,9
FK-4215,Customer_3215,Clothing,Jacket,25612,1,27-01-25,Returned,Bengaluru,NULL
FK-4216,Customer_3216,Beauty,Nivea Lotion,59589,1,02-07-25,returned,Kolkata,22
4217,Customer_3217,BOOKS,Atomic Habits,55777,3,21-07-25,Canceled,Chennai,NULL
FK-4218,Customer_3218,Electronics,Dell Mouse,46916,one,Jun 01 2025,delivered,Mumbai,21
FK-4219,Customer_3219,electronics,Boat Airdopes,55384,1,27-03-25,delivered,,14
FK-4220,Customer_3220,Home & Kitchen,Pigeon Gas Stove,23153,1,22-11-25,Returned,Delhi,22%
FK-4221,Customer_3221,Beauty,Nivea Lotion,66928,1,18-03-25,delivered,BLR,18
fk-4222,Customer_3222,Shoes,Adidas Sliders,48992,1,04-03-25,delivered,Mumbai,21
FK-4223,Customer_3223,Home & Kitchen,Prestige Cooker,51161,1,13-01-26,delivered,Gurgaon,12
FK-4224,Customer_3224,Beauty,Maybelline Lipstick,4448,1,05-07-25,Pending,Chennai,13
FK-4225,Customer_3225,Beauty,Nivea Lotion,₹16508,3,18-03-26,Shipped,Pune,11
FK-4226,Customer_3226,Shoes,Nike Running Shoes,Rs. 70412,1,27-01-26,Canceled,Gurgaon,26
FK-4227,Customer_3227,Electronics,Samsung Galaxy M14,72462,1,22-04-25,Shipped,Mumbai,1
FK-4228,,Shoes,Adidas Sliders,60094,5,29-04-25,Canceled,BLR,23
FK-4229,Customer_3229,Beauty,Lakme Eyeliner,Rs. 15471,1,21-07-25,delivered,Bengaluru,
FK-4230,Customer_3230,Electronics,Sony Headphones,9239,1,13-02-25,Returned,Hyd,6
FK-4231,Customer_3231,Books,Rich Dad Poor Dad,38829,2,,returned,Pune,19
FK-4232,Customer_3232,Clothing,Men's T-Shirt,6146,1,23-08-25,Pending,Pune,27
FK-4233,Customer_3233,Beauty,Nivea Lotion,5830,1,04-10-25,Returned,Pune,5
fk-4234,Customer_3234,Shoes,Adidas Sliders,51259,1,14-02-25,Pending,Pune,6
FK-4235,Customer_3235,Electronics,Sony Headphones,-10421,1,18-12-25,Shipped,Kolkata,1
FK-4236,Customer_3236,Shoes,Puma Sneakers,47336,2,,Returned,Mumbai,18%
FK-4237,Customer_3237,Beauty,Lakme Eyeliner,27717,1,Nov 30 2025,Delivered,Mumbai,20
FK-4238,Customer_3238,Clothing,Women's Kurta,21689,1,03-02-25,Pending,Kolkata,3%
FK-4239,Customer_3239,Shoes,Adidas Sliders,22324,2,04-02-25,Canceled,Mumbai,5
FK-4240,Customer_3240,Home & Kitchen,Milton Thermos,₹11932,two,10-04-25,Canceled,Delhi,4
FK-4241,Customer_3241,Beauty,Nivea Lotion,₹10216,1,30-01-25,returned,Delhi,13
FK-4242,Customer_3242,Shoes,Adidas Sliders,39392,3,13-08-25,returned,Hyd,5
FK-4243,Customer_3243,Electronics,Apple iPhone 15,54225,,15-01-26,Shipped,,28
FK-4244,Customer_3244,Beauty,Nivea Lotion,73473,2,08-09-25,Returned,Gurgaon,13
FK-4245,Customer_3245,BEAUTY,Nivea Lotion,29898,1,28-04-25,Returned,Mumbai,11
fk-4246,Customer_3246,Clothing,Men's T-Shirt,58303,1,27-09-25,returned,Chennai,26
FK-4247,Customer_3247,Beauty,Maybelline Lipstick,39985,1,Mar 07 2026,Delivered,Chennai,23
FK-4247,Customer_3247,Beauty,Maybelline Lipstick,39985,1,Mar 07 2026,Delivered,Chennai,23
FK-4248,Customer_3248,Electronics,Apple iPhone 15,74362,1,13-03-25,Pending,Mumbai,27
FK-4249,Customer_3249,Beauty,Maybelline Lipstick,₹46060,4,,Shipped,Pune,14
FK-4250,Customer_3250,Electronics,Apple iPhone 15,24650,2,13-07-25,Shipped,Gurgaon,9
4251,Customer_3251,Beauty,Lakme Eyeliner,,1,20-03-26,delivered,,16
FK-4252,Customer_3252,Electronics,Samsung Galaxy M14,Rs. 42829,1,Dec 07 2025,Delivered,Mumbai,25
FK-4253,Customer_3253,Shoes,Puma Sneakers,-797,1,11-02-26,Delivered,Chennai,28
FK-4254,Customer_3254,Electronics,Samsung Galaxy M14,66286,2,30-12-25,Shipped,BLR,27
fk-4255,Customer_3255,Books,Dune,47268,1,02-04-26,delivered,Hyderabad,NULL
FK-4256,Customer_3256,Shoes,Puma Sneakers,54472,1,,delivered,Hyd,28
FK-4257,Customer_3257,CLOTHING,Women's Kurta,33518,2,Jul 21 2025,Pending,Gurgaon,25
FK-4258,Customer_3258,Electronics,Boat Airdopes,22867,1,13-01-25,delivered,Hyd,15
FK-4259,Customer_3259,Shoes,Puma Sneakers,,2,29-09-25,Pending,Pune,8
FK-4260,Customer_3260,,HP Pavilion Laptop,25586,4,21-05-25,Shipped,Pune,19
FK-4261,Customer_3261,Books,Python Crash Course,21753,3,10-04-26,Pending,Hyd,24
FK-4262,,shoes,Nike Running Shoes,8309,3,Nov 08 2025,returned,Mumbai,4
FK-4263,Customer_3263,Clothing,Saree,1016,5,13-02-25,Returned,Kolkata,28
FK-4264,Customer_3264,Electronics,Dell Mouse,39690,2,14-06-25,Canceled,Gurgaon,7
FK-4265,Customer_3265,Beauty,Maybelline Lipstick,9218,5,30-07-25,Canceled,Pune,7
FK-4266,Customer_3266,shoes,Nike Running Shoes,,1,19-01-26,Shipped,Mumbai,26
FK-4267,Customer_3267,shoes,Nike Running Shoes,5097,1,01-10-25,Delivered,Gurgaon,29%
FK-4268,Customer_3268,Shoes,Nike Running Shoes,46296,1,Jul 21 2025,Returned,BLR,7
FK-4269,Customer_3269,Clothing,Jeans,38436,2,21-04-25,Pending,Delhi,26
FK-4270,Customer_3270,Electronics,Sony Headphones,56292,4,20-05-25,Canceled,Hyderabad,19
FK-4271,Customer_3271,Shoes,Adidas Sliders,₹42044,1,24-03-26,Shipped,Hyderabad,20%
FK-4272,Customer_3272,Electronics,Dell Mouse,48000,1,10-02-26,Returned,BLR,21
4273,Customer_3273,Home & Kitchen,Pigeon Gas Stove,20600,2,28-01-25,Canceled,Delhi,
FK-4274,Customer_3274,Books,Atomic Habits,12296,1,30-11-25,Canceled,Hyderabad,13
FK-4275,Customer_3275,Shoes,Adidas Sliders,32685,5,04-07-25,Returned,BLR,N/A
fk-4276,Customer_3276,Shoes,Puma Sneakers,45448,1,30-11-25,returned,Pune,17
FK-4277,,Clothing,Women's Kurta,29379,1,11-09-25,Delivered,Hyderabad,16
FK-4278,Customer_3278,Home & Kitchen,Bajaj Iron,22855,3,20-05-25,delivered,Hyderabad,24
FK-4279,Customer_3279,Home & Kitchen,Pigeon Gas Stove,-72665,2,15-04-25,Returned,Mumbai,N/A
FK-4280,Customer_3280,Books,Python Crash Course,,2,17-11-25,Delivered,,N/A
FK-4281,Customer_3281,Books,Rich Dad Poor Dad,52127,1,15-11-25,returned,Hyderabad,25
FK-4281,Customer_3281,Books,Rich Dad Poor Dad,52127,1,15-11-25,returned,Hyderabad,25
FK-4282,Customer_3282,Electronics,Boat Airdopes,42186,3,26-08-25,delivered,Hyderabad,13%
FK-4283,Customer_3283,Books,Rich Dad Poor Dad,41107,1,09-04-26,Returned,Bengaluru,N/A
FK-4284,Customer_3284,Books,Python Crash Course,70753,2,08-03-26,Shipped,Kolkata,15%
4285,Customer_3285,clothing,Jeans,Rs. 7343,3,Jul 18 2025,delivered,Chennai,3
FK-4286,Customer_3286,HOME & KITCHEN,Milton Thermos,₹23718,1,09-01-25,Delivered,Gurgaon,4
FK-4287,,Beauty,Lakme Eyeliner,43460,1,Apr 12 2026,Shipped,Pune,28
FK-4288,Customer_3288,Shoes,Nike Running Shoes,20320,1,09-01-26,Pending,Bengaluru,28
4289,Customer_3289,Beauty,Nivea Lotion,46593,1,20-09-25,delivered,Gurgaon,4
FK-4290,Customer_3290,CLOTHING,Jacket,31690,1,06-03-25,delivered,Bengaluru,27
FK-4291,Customer_3291,Electronics,Boat Airdopes,23846,1,29-08-25,Returned,Hyd,
FK-4292,Customer_3292,Electronics,Samsung Galaxy M14,22949,1,04-10-25,Shipped,,2
FK-4293,Customer_3293,Books,Rich Dad Poor Dad,32530,1,03-08-25,Shipped,,20
FK-4294,Customer_3294,Books,Atomic Habits,71776,2,08-01-26,Returned,Hyd,NULL
fk-4295,Customer_3295,Electronics,Boat Airdopes,2451,1,Jan 23 2026,returned,Chennai,0
FK-4296,Customer_3296,Home & Kitchen,Pigeon Gas Stove,Rs. 33357,1,13-05-25,Delivered,Pune,24
4297,Customer_3297,Clothing,Jeans,50239,1,Mar 31 2025,Delivered,Bengaluru,12
FK-4298,Customer_3298,Electronics,Samsung Galaxy M14,Rs. 33990,2,20-05-25,Returned,Bengaluru,29
FK-4299,Customer_3299,Clothing,Jeans,71288,1,12-06-25,Shipped,Bengaluru,
FK-4300,Customer_3300,Shoes,Nike Running Shoes,17748,1,07-10-25,Shipped,Hyd,29
FK-4301,Customer_3301,Books,Atomic Habits,₹72595,1,04-05-25,Pending,Gurgaon,21
FK-4302,Customer_3302,Books,Python Crash Course,3896,2,24-04-26,returned,BLR,11
FK-4303,Customer_3303,Beauty,Nivea Lotion,,1,,returned,Pune,23
FK-4304,Customer_3304,Shoes,Puma Sneakers,₹57184,1,23-08-25,returned,Bengaluru,
FK-4305,,Clothing,Jacket,37770,1,02-11-25,Pending,Hyd,5
FK-4306,Customer_3306,Shoes,Nike Running Shoes,41709,-1,,delivered,Delhi,12
FK-4307,Customer_3307,Electronics,Boat Airdopes,65151,1,15-01-25,Returned,BLR,5
4308,Customer_3308,electronics,Boat Airdopes,Rs. 21710,2,21-10-25,Delivered,BLR,6%
FK-4309,Customer_3309,Home & Kitchen,Pigeon Gas Stove,8607,2,25-01-26,Delivered,Gurgaon,27
FK-4310,Customer_3310,Home & Kitchen,Pigeon Gas Stove,₹35220,999,21-09-25,Pending,Kolkata,0
fk-4311,Customer_3311,Electronics,Boat Airdopes,58300,3,16-09-25,Returned,BLR,26
FK-4312,Customer_3312,Shoes,Adidas Sliders,Rs. 21249,1,15-07-25,Canceled,Gurgaon,
FK-4313,Customer_3313,Shoes,Puma Sneakers,30748,4,06-01-26,Canceled,Kolkata,6%
FK-4314,Customer_3314,Home & Kitchen,Pigeon Gas Stove,Rs. 61857,1,05-03-25,Shipped,Bengaluru,N/A
FK-4315,Customer_3315,Electronics,Samsung Galaxy M14,47627,2,17-01-26,delivered,Hyderabad,18
FK-4316,Customer_3316,Beauty,Lakme Eyeliner,Rs. 23423,1,01-06-25,Shipped,Kolkata,11
FK-4317,Customer_3317,Shoes,Adidas Sliders,21990,1,05-05-26,Canceled,BLR,12
FK-4317,Customer_3317,Shoes,Adidas Sliders,21990,1,05-05-26,Canceled,BLR,12
FK-4318,Customer_3318,Beauty,Nivea Lotion,₹38266,2,24-06-25,Delivered,Mumbai,29
FK-4319,Customer_3319,Beauty,Nivea Lotion,₹24971,3,01-05-26,Canceled,Kolkata,12%
FK-4320,Customer_3320,Books,Python Crash Course,18966,1,Jul 11 2025,Returned,Mumbai,20
FK-4320,Customer_3320,Books,Python Crash Course,18966,1,Jul 11 2025,Returned,Mumbai,20
FK-4321,Customer_3321,Home & Kitchen,Bajaj Iron,20626,2,18-10-25,Shipped,Chennai,25
FK-4322,Customer_3322,Clothing,Men's T-Shirt,72678,1,14-11-25,Delivered,Gurgaon,21
FK-4323,Customer_3323,electronics,Samsung Galaxy M14,66487,1,13-04-26,Canceled,Pune,8
FK-4324,Customer_3324,Beauty,Lakme Eyeliner,66765,1,Mar 18 2026,Delivered,BLR,N/A
FK-4325,Customer_3325,Shoes,Adidas Sliders,67957,1,,Canceled,BLR,3
FK-4326,Customer_3326,Clothing,Jeans,₹58484,3,03-12-25,Delivered,Hyderabad,17
FK-4327,Customer_3327,,Boat Airdopes,,5,24-02-25,Delivered,Kolkata,30%
FK-4328,Customer_3328,Clothing,Saree,33874,1,01-06-25,Pending,Hyderabad,26
FK-4329,Customer_3329,Home & Kitchen,Prestige Cooker,46252,,22-11-25,Canceled,Chennai,14
FK-4330,Customer_3330,HOME & KITCHEN,Bajaj Iron,39269,3,24-04-26,delivered,Bengaluru,24
FK-4331,Customer_3331,Clothing,Saree,,1,25-04-25,returned,Hyd,10
FK-4332,,HOME & KITCHEN,Milton Thermos,12075,3,15-08-25,Shipped,Hyderabad,18
FK-4333,Customer_3333,Home & Kitchen,Milton Thermos,55401,1,14-07-25,Canceled,Bengaluru,28
FK-4334,Customer_3334,Clothing,Women's Kurta,27650,1,31-01-25,Pending,Gurgaon,24
FK-4335,Customer_3335,Clothing,Men's T-Shirt,47979,two,04-10-25,returned,Bengaluru,9
FK-4336,Customer_3336,Beauty,Nivea Lotion,37571,1,17-02-26,Pending,Chennai,
FK-4337,Customer_3337,Home & Kitchen,Bajaj Iron,28901,4,Aug 13 2025,returned,Gurgaon,14%
FK-4338,Customer_3338,Shoes,Nike Running Shoes,22281,1,07-01-26,Shipped,Bengaluru,29%
FK-4339,Customer_3339,,Boat Airdopes,7189,1,11-06-25,Returned,,13
FK-4340,Customer_3340,Beauty,Maybelline Lipstick,-61274,one,01-09-25,returned,Gurgaon,25
FK-4341,Customer_3341,beauty,Nivea Lotion,,2,07-07-25,Canceled,Kolkata,28
FK-4342,Customer_3342,Electronics,Dell Mouse,8115,1,22-01-26,Returned,Kolkata,4
FK-4343,Customer_3343,Beauty,Nivea Lotion,62242,2,16-11-25,Pending,Hyd,27
FK-4344,Customer_3344,Beauty,Nivea Lotion,20402,1,23-12-25,Pending,Gurgaon,23
FK-4345,Customer_3345,Electronics,Boat Airdopes,4405,3,07-05-25,returned,Chennai,23
fk-4346,Customer_3346,Home & Kitchen,Milton Thermos,40145,,15-04-25,delivered,Gurgaon,
FK-4347,Customer_3347,Clothing,Women's Kurta,64708,1,06-07-25,Pending,,25
FK-4347,Customer_3347,Clothing,Women's Kurta,64708,1,06-07-25,Pending,,25
FK-4348,Customer_3348,Electronics,Dell Mouse,,999,07-06-25,Shipped,Hyderabad,N/A
FK-4349,,Clothing,Jacket,30983,1,12-08-25,Shipped,Hyderabad,21
FK-4350,Customer_3350,Home & Kitchen,Prestige Cooker,36119,1,04-08-25,Shipped,Gurgaon,16
FK-4351,Customer_3351,Shoes,Adidas Sliders,-10436,3,03-01-25,Shipped,Bengaluru,
fk-4352,Customer_3352,Clothing,Jacket,31212,1,03-09-25,delivered,Delhi,23
FK-4353,Customer_3353,shoes,Nike Running Shoes,50383,1,11-04-25,Canceled,Gurgaon,13
FK-4354,Customer_3354,Beauty,Maybelline Lipstick,42674,two,29-10-25,Returned,Hyd,5
FK-4355,Customer_3355,Clothing,Women's Kurta,58099,1,16-05-26,returned,,10
FK-4356,Customer_3356,Electronics,Sony Headphones,61634,1,24-01-25,Returned,Chennai,4
FK-4357,Customer_3357,Clothing,Men's T-Shirt,36501,1,28-12-25,Shipped,Hyd,25
FK-4358,Customer_3358,Home & Kitchen,Prestige Cooker,62278,2,30-08-25,Canceled,Hyd,23
FK-4359,Customer_3359,Electronics,Apple iPhone 15,,1,07-02-25,Returned,Bengaluru,0
FK-4360,Customer_3360,beauty,Maybelline Lipstick,1940,1,06-11-25,delivered,Bengaluru,13
FK-4361,Customer_3361,Shoes,Nike Running Shoes,Rs. 45278,2,,returned,Hyderabad,26
FK-4362,Customer_3362,Beauty,Maybelline Lipstick,38245,4,02-08-25,delivered,Delhi,17
FK-4363,Customer_3363,Electronics,Sony Headphones,₹42994,2,19-02-25,Returned,Bengaluru,6
FK-4364,Customer_3364,Beauty,Maybelline Lipstick,56665,1,19-04-26,returned,,27
FK-4365,Customer_3365,beauty,Nivea Lotion,44828,,09-10-25,Pending,Hyderabad,29
FK-4366,Customer_3366,Shoes,Puma Sneakers,Rs. 6747,1,22-06-25,delivered,Delhi,N/A
FK-4366,Customer_3366,Shoes,Puma Sneakers,Rs. 6747,1,22-06-25,delivered,Delhi,N/A
4367,Customer_3367,Home & Kitchen,Prestige Cooker,₹11032,3,24-04-25,returned,Gurgaon,N/A
FK-4368,Customer_3368,Clothing,Saree,38653,2,13-05-26,Pending,Mumbai,17
FK-4369,Customer_3369,Beauty,Maybelline Lipstick,72642,2,Mar 29 2025,Canceled,Mumbai,9
FK-4370,Customer_3370,Electronics,Boat Airdopes,,two,16-02-25,returned,Bengaluru,3
FK-4371,Customer_3371,Beauty,Maybelline Lipstick,20272,1,12-02-26,Canceled,Hyd,16
FK-4372,Customer_3372,Home & Kitchen,Prestige Cooker,-22839,2,11-04-25,Returned,BLR,1
FK-4373,Customer_3373,Beauty,Lakme Eyeliner,65551,1,20-07-25,returned,Bengaluru,N/A
FK-4374,Customer_3374,Beauty,Nivea Lotion,38760,3,13-10-25,Canceled,Delhi,17
FK-4375,Customer_3375,Home & Kitchen,Prestige Cooker,₹68197,3,07-02-26,Canceled,Bengaluru,7%
FK-4376,Customer_3376,Beauty,Maybelline Lipstick,49975,1,05-05-26,Delivered,Kolkata,0
FK-4377,Customer_3377,Books,Python Crash Course,59592,1,15-06-25,Returned,Chennai,26
FK-4378,Customer_3378,Shoes,Nike Running Shoes,29398,one,17-02-26,Pending,Pune,
FK-4379,Customer_3379,Books,Python Crash Course,25665,1,Dec 03 2025,Returned,Delhi,2
FK-4380,Customer_3380,Electronics,HP Pavilion Laptop,73310,1,18-04-26,delivered,Hyd,5
FK-4381,Customer_3381,Electronics,Boat Airdopes,42470,1,11-05-26,returned,,7%
FK-4382,Customer_3382,Home & Kitchen,Prestige Cooker,33153,3,02-08-25,returned,Hyd,27
FK-4383,Customer_3383,Electronics,Boat Airdopes,38532,2,16-06-25,Pending,Kolkata,19
FK-4384,Customer_3384,electronics,Dell Mouse,24789,1,16-03-26,Shipped,BLR,21
FK-4385,Customer_3385,home & kitchen,Pigeon Gas Stove,72644,1,07-06-25,returned,Hyd,10
FK-4386,Customer_3386,shoes,Adidas Sliders,Rs. 67449,999,05-08-25,returned,Delhi,30
FK-4387,Customer_3387,Books,Dune,18626,2,02-02-25,Returned,Pune,16
FK-4388,Customer_3388,Shoes,Nike Running Shoes,₹67389,2,15-07-25,Pending,Kolkata,15
FK-4389,Customer_3389,Clothing,Jacket,6566,3,22-03-26,Shipped,Chennai,17
FK-4390,Customer_3390,Clothing,Women's Kurta,1333,1,27-02-26,Shipped,Pune,23
fk-4391,Customer_3391,Shoes,Puma Sneakers,57209,3,10-01-25,returned,Hyd,21
FK-4392,Customer_3392,Beauty,Maybelline Lipstick,-62549,5,14-06-25,Delivered,Bengaluru,26
FK-4393,Customer_3393,Shoes,Adidas Sliders,Rs. 57114,2,16-04-25,delivered,Bengaluru,5
FK-4394,Customer_3394,,HP Pavilion Laptop,3305,1,08-09-25,Delivered,Gurgaon,6
FK-4395,Customer_3395,Home & Kitchen,Pigeon Gas Stove,9504,2,29-04-25,Canceled,Kolkata,15
FK-4396,Customer_3396,Shoes,Nike Running Shoes,44119,1,28-04-26,returned,,17
FK-4397,Customer_3397,Electronics,Dell Mouse,48807,1,26-03-26,Pending,,18
FK-4398,Customer_3398,Books,Python Crash Course,-47288,2,12-12-25,Canceled,Hyd,6
4399,,Clothing,Women's Kurta,8269,1,16-03-26,delivered,Bengaluru,19
FK-4400,Customer_3400,Shoes,Adidas Sliders,29286,2,02-05-25,Delivered,Pune,3
FK-4401,Customer_3401,Beauty,Nivea Lotion,,1,11-06-25,Returned,BLR,21
FK-4402,Customer_3402,Electronics,Boat Airdopes,49735,1,Apr 05 2025,Delivered,BLR,23
FK-4403,Customer_3403,Clothing,Women's Kurta,58268,1,26-03-26,delivered,,7
FK-4404,Customer_3404,Books,Rich Dad Poor Dad,63536,1,24-06-25,delivered,,9
FK-4405,Customer_3405,Electronics,Apple iPhone 15,54112,1,Mar 23 2025,Canceled,Gurgaon,NULL
FK-4406,Customer_3406,Electronics,Samsung Galaxy M14,70265,2,28-10-25,returned,Hyd,16%
FK-4407,Customer_3407,clothing,Men's T-Shirt,69175,1,22-01-26,Canceled,Delhi,25
FK-4408,Customer_3408,Home & Kitchen,Bajaj Iron,70579,1,,Returned,Hyd,21
FK-4409,Customer_3409,Beauty,Lakme Eyeliner,57590,3,Feb 17 2026,returned,Bengaluru,1
FK-4410,Customer_3410,Home & Kitchen,Bajaj Iron,37029,1,25-02-26,Canceled,Gurgaon,22
fk-4411,Customer_3411,Books,Python Crash Course,,2,09-06-25,Returned,Hyderabad,27
FK-4412,Customer_3412,Clothing,Men's T-Shirt,57526,4,01-11-25,delivered,,10
FK-4413,Customer_3413,clothing,Saree,₹1928,two,01-02-26,Delivered,Kolkata,2
FK-4414,Customer_3414,Shoes,Nike Running Shoes,40639,3,09-10-25,delivered,Gurgaon,30
FK-4415,Customer_3415,Beauty,Nivea Lotion,₹63547,2,11-11-25,Pending,,NULL
FK-4416,Customer_3416,Shoes,Puma Sneakers,Rs. 19745,2,20-07-25,Canceled,Hyd,NULL
FK-4417,Customer_3417,Books,Dune,30405,1,02-04-25,Pending,Chennai,6
FK-4418,Customer_3418,Home & Kitchen,Prestige Cooker,,2,07-01-25,Canceled,Gurgaon,18
FK-4419,Customer_3419,clothing,Men's T-Shirt,-52149,2,07-02-26,Shipped,Bengaluru,27
FK-4420,Customer_3420,Home & Kitchen,Bajaj Iron,13012,2,23-12-25,delivered,Gurgaon,14
FK-4421,Customer_3421,BEAUTY,Maybelline Lipstick,26091,1,11-01-26,Delivered,BLR,10%
FK-4422,Customer_3422,Beauty,Lakme Eyeliner,55143,3,29-07-25,returned,Hyderabad,25
FK-4423,Customer_3423,electronics,Samsung Galaxy M14,51363,1,21-07-25,Canceled,Gurgaon,20
FK-4424,Customer_3424,,Apple iPhone 15,29087,1,16-02-25,Delivered,Hyd,NULL
FK-4425,Customer_3425,Beauty,Maybelline Lipstick,39295,1,26-01-26,delivered,Mumbai,25
FK-4426,,Clothing,Jacket,67483,3,29-03-26,Shipped,,13
FK-4427,Customer_3427,BOOKS,Dune,67591,3,19-08-25,Canceled,Delhi,8
FK-4428,Customer_3428,books,Dune,₹6212,1,01-06-25,Pending,Pune,20
FK-4429,Customer_3429,Beauty,Lakme Eyeliner,28916,1,17-08-25,Pending,Kolkata,5
FK-4430,Customer_3430,Shoes,Adidas Sliders,8957,1,12-12-25,delivered,Mumbai,28%
FK-4431,Customer_3431,Books,Atomic Habits,₹41580,1,14-03-26,Shipped,Kolkata,NULL
FK-4432,Customer_3432,Electronics,Sony Headphones,4776,1,17-05-25,delivered,BLR,28
FK-4433,Customer_3433,Clothing,Jacket,31277,1,15-08-25,Pending,Gurgaon,23
4434,Customer_3434,Electronics,HP Pavilion Laptop,38954,1,22-03-26,Delivered,Delhi,24
FK-4435,Customer_3435,Shoes,Nike Running Shoes,17004,1,Mar 20 2026,Delivered,,7
FK-4436,Customer_3436,shoes,Adidas Sliders,40240,1,30-12-25,Delivered,Gurgaon,6%
FK-4437,Customer_3437,Home & Kitchen,Prestige Cooker,24584,1,31-10-25,Returned,Kolkata,17
FK-4438,Customer_3438,Home & Kitchen,Pigeon Gas Stove,61643,1,25-08-25,Shipped,Kolkata,6
FK-4439,Customer_3439,Home & Kitchen,Prestige Cooker,₹7683,1,13-02-25,Delivered,Hyd,12
FK-4440,Customer_3440,,Samsung Galaxy M14,,1,30-12-25,Pending,Pune,18
FK-4441,Customer_3441,Electronics,HP Pavilion Laptop,60247,two,28-04-26,Delivered,BLR,6
FK-4442,Customer_3442,Electronics,Sony Headphones,10407,5,23-03-26,Returned,Pune,10
fk-4443,Customer_3443,Shoes,Adidas Sliders,24405,1,14-03-25,Delivered,Chennai,22
FK-4444,Customer_3444,Home & Kitchen,Pigeon Gas Stove,40864,1,14-09-25,returned,Bengaluru,19
FK-4445,Customer_3445,Books,Dune,52303,2,Apr 18 2026,delivered,Chennai,13
FK-4446,Customer_3446,clothing,Women's Kurta,Rs. 37871,1,22-11-25,Pending,Delhi,14
FK-4447,Customer_3447,,Apple iPhone 15,38618,1,13-02-26,Canceled,Mumbai,1
FK-4448,Customer_3448,Electronics,Dell Mouse,-27405,2,24-10-25,Returned,,26
FK-4449,Customer_3449,Books,Dune,3741,1,31-07-25,Returned,Chennai,4
FK-4450,Customer_3450,Home & Kitchen,Milton Thermos,₹65599,3,19-09-25,Returned,Delhi,7
FK-4451,Customer_3451,Books,Rich Dad Poor Dad,54394,4,,returned,Delhi,6
FK-4452,Customer_3452,,Apple iPhone 15,Rs. 28814,2,Apr 25 2025,Delivered,Kolkata,12
FK-4453,Customer_3453,Electronics,Boat Airdopes,20970,3,14-12-25,delivered,Hyderabad,1%
fk-4454,Customer_3454,Electronics,Sony Headphones,73603,2,18-01-26,Delivered,BLR,25
FK-4455,Customer_3455,Home & Kitchen,Prestige Cooker,42493,1,12-02-25,returned,Mumbai,29
FK-4455,Customer_3455,Home & Kitchen,Prestige Cooker,42493,1,12-02-25,returned,Mumbai,29
FK-4456,Customer_3456,Clothing,Men's T-Shirt,37373,4,10-05-25,Shipped,,16
FK-4457,,Books,Atomic Habits,49878,2,07-03-25,Canceled,Hyd,4
FK-4458,Customer_3458,Shoes,Puma Sneakers,₹54699,1,06-01-25,Shipped,Hyderabad,30
FK-4459,Customer_3459,Books,Atomic Habits,38178,1,15-06-25,Returned,Hyderabad,26
FK-4460,Customer_3460,Home & Kitchen,Pigeon Gas Stove,15162,1,20-02-26,Canceled,Pune,14
FK-4461,Customer_3461,Books,Python Crash Course,71424,4,24-02-26,Delivered,Kolkata,12
FK-4462,Customer_3462,Shoes,Nike Running Shoes,27441,1,06-03-25,Canceled,,
FK-4463,Customer_3463,electronics,HP Pavilion Laptop,29261,1,12-09-25,Returned,Chennai,30
FK-4464,Customer_3464,,Samsung Galaxy M14,₹54109,1,27-12-25,Delivered,Delhi,8
4465,Customer_3465,Home & Kitchen,Prestige Cooker,57582,two,14-12-25,Canceled,Hyderabad,14
FK-4466,Customer_3466,beauty,Nivea Lotion,65612,1,03-11-25,Pending,Bengaluru,29
FK-4467,Customer_3467,Clothing,Men's T-Shirt,14288,2,05-02-26,Canceled,Hyderabad,6%
FK-4468,Customer_3468,Shoes,Nike Running Shoes,₹30975,1,18-03-26,Delivered,Kolkata,1%
FK-4469,Customer_3469,Home & Kitchen,Milton Thermos,2307,2,14-10-25,returned,Mumbai,24
FK-4469,Customer_3469,Home & Kitchen,Milton Thermos,2307,2,14-10-25,returned,Mumbai,24
FK-4470,,Home & Kitchen,Milton Thermos,16755,5,04-03-25,Returned,Mumbai,26
FK-4471,Customer_3471,Home & Kitchen,Prestige Cooker,11140,999,Nov 11 2025,Shipped,Mumbai,5%
4472,Customer_3472,Home & Kitchen,Milton Thermos,44176,2,28-04-26,Pending,Delhi,21
FK-4473,Customer_3473,Clothing,Jeans,34576,2,Jan 29 2026,returned,Kolkata,9
FK-4474,Customer_3474,BEAUTY,Nivea Lotion,7178,3,16-07-25,delivered,Hyd,3
4475,Customer_3475,Home & Kitchen,Pigeon Gas Stove,-57172,1,28-11-25,Returned,Bengaluru,15
FK-4476,Customer_3476,beauty,Maybelline Lipstick,24159,1,18-02-25,delivered,Delhi,30
FK-4477,Customer_3477,Books,Python Crash Course,₹34057,2,20-08-25,returned,Bengaluru,NULL
FK-4478,Customer_3478,Home & Kitchen,Milton Thermos,3566,1,Jan 18 2025,Shipped,Delhi,NULL
fk-4479,Customer_3479,Beauty,Maybelline Lipstick,18436,1,Nov 13 2025,returned,BLR,8
FK-4480,Customer_3480,,Dell Mouse,1272,1,,Canceled,Bengaluru,28
FK-4481,Customer_3481,Shoes,Adidas Sliders,49451,3,,delivered,Gurgaon,23
FK-4482,Customer_3482,books,Atomic Habits,7026,1,24-10-25,delivered,Delhi,20
4483,Customer_3483,home & kitchen,Pigeon Gas Stove,Rs. 57539,1,31-08-25,Pending,BLR,16
FK-4484,Customer_3484,Electronics,Apple iPhone 15,38677,3,Mar 03 2025,delivered,Chennai,9%
FK-4485,Customer_3485,Electronics,Dell Mouse,13501,1,02-04-26,delivered,Kolkata,27
FK-4486,Customer_3486,Shoes,Puma Sneakers,₹11677,2,22-07-25,Canceled,Chennai,15
fk-4487,,Books,Dune,17965,1,08-05-26,Canceled,Kolkata,N/A
FK-4488,Customer_3488,Beauty,Maybelline Lipstick,37693,5,20-05-25,Returned,BLR,12
FK-4489,Customer_3489,Beauty,Nivea Lotion,48145,1,08-03-25,Returned,Kolkata,4
FK-4490,Customer_3490,Books,Dune,59861,2,Dec 25 2025,Returned,Chennai,26
FK-4490,Customer_3490,Books,Dune,59861,2,Dec 25 2025,Returned,Chennai,26
FK-4491,Customer_3491,Home & Kitchen,Pigeon Gas Stove,57593,1,Jan 27 2025,Pending,Gurgaon,27
FK-4492,Customer_3492,Clothing,Jacket,2419,1,15-08-25,Pending,Pune,23%
FK-4493,Customer_3493,Shoes,Adidas Sliders,70177,2,07-03-25,Returned,Mumbai,29
FK-4493,Customer_3493,Shoes,Adidas Sliders,70177,2,07-03-25,Returned,Mumbai,29
FK-4494,Customer_3494,Electronics,HP Pavilion Laptop,1567,1,02-03-25,Pending,BLR,29
FK-4495,Customer_3495,beauty,Maybelline Lipstick,19576,1,30-11-25,Returned,Hyd,8
FK-4496,Customer_3496,Beauty,Maybelline Lipstick,Rs. 71085,1,17-11-25,Delivered,Mumbai,29%
FK-4497,Customer_3497,shoes,Puma Sneakers,₹17304,3,01-03-25,Shipped,Delhi,16
FK-4498,Customer_3498,Electronics,Sony Headphones,Rs. 38802,3,19-04-26,Delivered,Bengaluru,25
FK-4499,Customer_3499,Clothing,Saree,495,1,04-02-25,Shipped,Hyderabad,N/A
FK-4500,Customer_3500,Shoes,Adidas Sliders,60844,2,28-08-25,Canceled,BLR,1
FK-4501,Customer_3501,BEAUTY,Lakme Eyeliner,30185,2,25-01-25,Shipped,,
FK-4502,Customer_3502,Books,Python Crash Course,59304,1,Mar 25 2025,Shipped,Mumbai,25
FK-4503,Customer_3503,Electronics,Dell Mouse,70960,1,16-08-25,Delivered,Chennai,28
FK-4504,Customer_3504,Clothing,Women's Kurta,3244,1,04-02-25,Returned,Kolkata,1
FK-4505,Customer_3505,Clothing,Saree,,1,,Returned,Delhi,N/A
FK-4506,Customer_3506,Home & Kitchen,Bajaj Iron,₹11811,1,30-03-25,Canceled,Mumbai,9
FK-4507,Customer_3507,Beauty,Maybelline Lipstick,,1,14-12-25,Shipped,Chennai,2
4508,Customer_3508,Beauty,Nivea Lotion,₹59533,2,16-09-25,Delivered,Hyd,11
FK-4509,Customer_3509,Clothing,Jeans,,3,26-09-25,Delivered,,8
FK-4510,Customer_3510,Books,Dune,Rs. 71619,3,06-05-25,delivered,Gurgaon,11
FK-4511,Customer_3511,Electronics,Boat Airdopes,49251,1,27-07-25,Pending,Chennai,19
FK-4512,Customer_3512,shoes,Adidas Sliders,28149,1,24-02-26,Delivered,Pune,3
FK-4513,Customer_3513,Home & Kitchen,Prestige Cooker,20989,1,07-12-25,Canceled,Delhi,
FK-4514,Customer_3514,Beauty,Lakme Eyeliner,,1,18-02-25,Shipped,Chennai,18
FK-4515,Customer_3515,Books,Atomic Habits,28130,1,Apr 09 2026,Canceled,Bengaluru,
FK-4516,Customer_3516,Home & Kitchen,Milton Thermos,73553,2,03-03-25,Delivered,Gurgaon,25
FK-4517,Customer_3517,Electronics,Boat Airdopes,₹48013,2,14-03-26,Canceled,Hyd,28
FK-4518,Customer_3518,Beauty,Nivea Lotion,-51340,1,16-05-25,Canceled,,27
fk-4519,Customer_3519,Beauty,Nivea Lotion,48281,1,Sep 18 2025,delivered,Chennai,30
FK-4520,Customer_3520,Home & Kitchen,Prestige Cooker,₹16067,1,22-11-25,Shipped,BLR,N/A
FK-4521,Customer_3521,Shoes,Nike Running Shoes,₹19682,1,19-05-25,delivered,Hyd,20
FK-4522,Customer_3522,Electronics,Dell Mouse,Rs. 10891,-1,23-05-25,delivered,Mumbai,27
FK-4523,Customer_3523,Electronics,Samsung Galaxy M14,54342,2,Apr 04 2025,Shipped,BLR,NULL
FK-4524,Customer_3524,,Sony Headphones,11744,3,06-09-25,returned,BLR,10
fk-4525,Customer_3525,Clothing,Saree,69657,1,02-10-25,returned,Pune,17
FK-4526,Customer_3526,Home & Kitchen,Milton Thermos,23255,2,,returned,Delhi,22
4527,Customer_3527,Shoes,Nike Running Shoes,-73656,4,10-12-25,Pending,Hyderabad,25
FK-4528,Customer_3528,books,Rich Dad Poor Dad,71920,1,May 15 2025,returned,Gurgaon,7
FK-4529,Customer_3529,Home & Kitchen,Bajaj Iron,Rs. 72701,4,16-12-25,Canceled,Pune,22
FK-4530,Customer_3530,,Samsung Galaxy M14,₹55298,1,24-12-25,Pending,Bengaluru,17
FK-4531,Customer_3531,Home & Kitchen,Milton Thermos,Rs. 33459,1,06-08-25,Canceled,,5
FK-4532,Customer_3532,Shoes,Adidas Sliders,36453,1,06-05-25,Pending,Pune,12
FK-4533,Customer_3533,Home & Kitchen,Bajaj Iron,74124,1,23-07-25,returned,Chennai,21
FK-4534,Customer_3534,,Apple iPhone 15,6359,2,04-03-25,Shipped,Kolkata,NULL
4535,Customer_3535,Clothing,Men's T-Shirt,43936,2,17-06-25,Shipped,Hyderabad,26
FK-4536,Customer_3536,Electronics,Apple iPhone 15,43009,one,20-10-25,Shipped,Pune,N/A
FK-4537,Customer_3537,,Sony Headphones,14236,2,20-04-26,returned,Mumbai,
FK-4538,Customer_3538,Home & Kitchen,Bajaj Iron,₹66627,1,09-05-26,returned,Chennai,25
FK-4539,Customer_3539,Clothing,Women's Kurta,-59040,1,24-12-25,Canceled,Bengaluru,15
FK-4540,Customer_3540,beauty,Lakme Eyeliner,47108,1,,Delivered,Chennai,N/A
FK-4541,Customer_3541,Shoes,Nike Running Shoes,38418,2,26-04-26,Shipped,Chennai,15
FK-4542,Customer_3542,Clothing,Women's Kurta,74148,2,Mar 15 2025,returned,Bengaluru,6
FK-4543,Customer_3543,Home & Kitchen,Prestige Cooker,₹30212,2,03-01-26,Returned,,12
fk-4544,Customer_3544,Shoes,Adidas Sliders,3730,3,Mar 02 2025,Pending,BLR,27
4545,Customer_3545,Books,Atomic Habits,Rs. 68111,1,13-11-25,Delivered,Pune,23
FK-4546,Customer_3546,Home & Kitchen,Milton Thermos,47745,two,28-04-26,delivered,Hyderabad,4
4547,Customer_3547,beauty,Maybelline Lipstick,22601,2,18-01-25,returned,BLR,9
FK-4548,Customer_3548,Books,Python Crash Course,Rs. 38057,3,13-03-25,Delivered,Gurgaon,N/A
FK-4549,Customer_3549,Home & Kitchen,Prestige Cooker,59218,4,26-11-25,Canceled,Chennai,22
FK-4550,Customer_3550,Beauty,Nivea Lotion,6406,1,10-03-25,Canceled,,15
FK-4551,Customer_3551,Home & Kitchen,Bajaj Iron,22538,2,19-03-25,delivered,BLR,8
FK-4552,Customer_3552,electronics,Samsung Galaxy M14,Rs. 52150,,14-07-25,returned,Bengaluru,22
FK-4553,Customer_3553,shoes,Nike Running Shoes,44811,two,,Returned,BLR,29
fk-4554,Customer_3554,Home & Kitchen,Pigeon Gas Stove,,2,,Shipped,Chennai,NULL
FK-4555,Customer_3555,Beauty,Lakme Eyeliner,₹7046,1,,Pending,Hyd,8
fk-4556,Customer_3556,Clothing,Men's T-Shirt,52247,1,23-06-25,Canceled,Pune,14
FK-4557,Customer_3557,Beauty,Nivea Lotion,Rs. 3695,2,03-11-25,Delivered,Bengaluru,22
FK-4558,Customer_3558,Beauty,Maybelline Lipstick,74099,2,Apr 22 2025,Canceled,Delhi,27
FK-4559,Customer_3559,Electronics,Samsung Galaxy M14,Rs. 12111,1,04-09-25,Pending,,12
4560,Customer_3560,Home & Kitchen,Pigeon Gas Stove,12196,2,11-12-25,Returned,Kolkata,2
FK-4561,Customer_3561,books,Atomic Habits,42103,1,21-11-25,Shipped,Hyderabad,23
4562,Customer_3562,Home & Kitchen,Prestige Cooker,4114,1,29-05-25,Shipped,,11
FK-4563,Customer_3563,Home & Kitchen,Prestige Cooker,72447,2,02-02-26,Returned,,26
FK-4564,Customer_3564,home & kitchen,Pigeon Gas Stove,43254,1,28-03-25,delivered,Pune,24
FK-4565,,Books,Atomic Habits,45825,1,18-01-25,returned,,8
FK-4566,Customer_3566,Electronics,HP Pavilion Laptop,6139,1,02-12-25,delivered,Gurgaon,24%
FK-4567,Customer_3567,Shoes,Puma Sneakers,19845,3,May 04 2025,returned,Mumbai,14
FK-4568,Customer_3568,shoes,Adidas Sliders,54920,2,07-04-25,Shipped,Bengaluru,12
FK-4569,Customer_3569,,Sony Headphones,426,1,01-01-26,Returned,,25
FK-4570,Customer_3570,Clothing,Jacket,Rs. 61390,2,24-04-26,Canceled,Bengaluru,9
FK-4571,Customer_3571,ELECTRONICS,HP Pavilion Laptop,306,1,27-09-25,Delivered,Gurgaon,N/A
FK-4572,Customer_3572,Books,Atomic Habits,6442,1,02-06-25,Canceled,Hyd,1
FK-4573,Customer_3573,Books,Atomic Habits,Rs. 62027,1,04-04-25,delivered,Hyd,5
FK-4574,Customer_3574,Home & Kitchen,Pigeon Gas Stove,49620,1,,Returned,Hyd,26
FK-4575,Customer_3575,Electronics,Sony Headphones,73948,1,22-01-26,Delivered,Pune,
4576,Customer_3576,Beauty,Maybelline Lipstick,71985,2,22-08-25,Delivered,Chennai,9
FK-4577,Customer_3577,Books,Python Crash Course,Rs. 66704,1,30-03-26,Shipped,Bengaluru,9
FK-4578,,Home & Kitchen,Pigeon Gas Stove,-41032,1,27-12-25,delivered,Hyd,11
FK-4579,Customer_3579,Beauty,Maybelline Lipstick,41804,two,10-02-26,Returned,Gurgaon,4
4580,Customer_3580,Home & Kitchen,Prestige Cooker,9422,1,23-02-26,Shipped,Chennai,17
FK-4581,Customer_3581,Clothing,Saree,,1,19-04-26,Canceled,Kolkata,10
4582,Customer_3582,Beauty,Nivea Lotion,Rs. 64463,2,20-12-25,delivered,Bengaluru,11
FK-4583,Customer_3583,Books,Dune,17497,2,06-04-25,Delivered,Hyd,21
FK-4584,Customer_3584,Home & Kitchen,Pigeon Gas Stove,21918,4,14-03-25,returned,,2%
FK-4585,Customer_3585,Electronics,Sony Headphones,45014,1,05-07-25,Shipped,Gurgaon,1
FK-4586,Customer_3586,Books,Dune,45724,1,05-06-25,Delivered,Bengaluru,17
FK-4587,Customer_3587,Books,Atomic Habits,1517,1,03-02-25,Canceled,Mumbai,24
FK-4588,Customer_3588,Shoes,Puma Sneakers,14668,3,Mar 24 2025,Shipped,Hyderabad,6
FK-4589,Customer_3589,Electronics,Sony Headphones,72541,1,28-01-26,returned,Mumbai,N/A
FK-4590,Customer_3590,BOOKS,Python Crash Course,47153,1,02-08-25,returned,Mumbai,18
FK-4591,Customer_3591,,Boat Airdopes,Rs. 55251,1,Feb 18 2025,Returned,Hyderabad,22
FK-4592,Customer_3592,Home & Kitchen,Milton Thermos,20868,2,10-10-25,returned,Hyderabad,22
FK-4593,Customer_3593,Books,Python Crash Course,17536,1,22-08-25,Pending,,29
FK-4594,Customer_3594,Home & Kitchen,Pigeon Gas Stove,47133,1,20-11-25,Shipped,Hyd,1
FK-4595,Customer_3595,Shoes,Puma Sneakers,8914,1,08-02-25,Shipped,Hyd,2
FK-4595,Customer_3595,Shoes,Puma Sneakers,8914,1,08-02-25,Shipped,Hyd,2
FK-4596,Customer_3596,Home & Kitchen,Pigeon Gas Stove,,1,25-03-25,Canceled,BLR,17
FK-4597,Customer_3597,BOOKS,Rich Dad Poor Dad,₹72943,one,09-03-25,delivered,Mumbai,26
FK-4598,Customer_3598,Clothing,Jeans,49461,,16-03-26,Shipped,Hyd,11
FK-4599,Customer_3599,Clothing,Saree,10780,5,25-11-25,returned,Hyd,4%
FK-4600,Customer_3600,Clothing,Men's T-Shirt,₹63084,1,Jun 08 2025,Delivered,Gurgaon,23
FK-4601,Customer_3601,Electronics,HP Pavilion Laptop,₹28444,1,11-01-25,Delivered,Mumbai,1
FK-4602,Customer_3602,Books,Rich Dad Poor Dad,40316,2,29-10-25,Shipped,Mumbai,22
FK-4603,Customer_3603,Electronics,Boat Airdopes,₹42251,1,07-11-25,Pending,Hyderabad,13
FK-4604,,,Boat Airdopes,52108,1,31-03-25,Canceled,Gurgaon,11%
FK-4605,Customer_3605,Books,Dune,411,2,08-04-25,delivered,Bengaluru,N/A
FK-4606,Customer_3606,Electronics,Sony Headphones,₹22304,2,06-04-26,Pending,Delhi,N/A
FK-4607,Customer_3607,Books,Atomic Habits,Rs. 27883,2,07-05-25,Pending,BLR,23
FK-4608,Customer_3608,Clothing,Men's T-Shirt,54495,5,22-10-25,delivered,BLR,11
FK-4609,Customer_3609,Clothing,Saree,Rs. 17856,1,20-04-26,delivered,,22
FK-4610,Customer_3610,Books,Python Crash Course,10111,1,29-01-26,Delivered,Delhi,14
FK-4611,Customer_3611,Beauty,Lakme Eyeliner,61842,1,14-09-25,Pending,,20
fk-4612,Customer_3612,Books,Python Crash Course,50183,1,11-02-25,Returned,Chennai,21
FK-4613,Customer_3613,,Sony Headphones,23517,3,06-01-26,Delivered,Bengaluru,2
FK-4614,Customer_3614,Beauty,Maybelline Lipstick,Rs. 57885,1,16-07-25,Canceled,BLR,NULL
FK-4615,Customer_3615,Books,Atomic Habits,₹1781,1,09-11-25,returned,Delhi,8
4616,Customer_3616,Electronics,Sony Headphones,33796,999,11-03-26,Delivered,Pune,7
FK-4617,Customer_3617,Shoes,Adidas Sliders,9153,1,16-04-26,delivered,Hyd,
FK-4618,Customer_3618,CLOTHING,Saree,5660,5,04-05-25,Returned,,21
FK-4619,Customer_3619,Beauty,Maybelline Lipstick,11336,1,03-12-25,delivered,Pune,28
FK-4620,Customer_3620,Books,Atomic Habits,,2,25-01-26,Returned,Bengaluru,1
FK-4621,Customer_3621,,Dell Mouse,32356,5,28-01-26,Returned,Gurgaon,8
FK-4622,Customer_3622,Beauty,Maybelline Lipstick,14743,4,30-01-25,Shipped,Hyd,13
FK-4623,Customer_3623,Books,Dune,72887,1,03-04-26,Canceled,Hyderabad,24
FK-4624,Customer_3624,Shoes,Adidas Sliders,1301,1,07-08-25,Shipped,,8%
FK-4625,Customer_3625,Clothing,Jacket,-67456,1,25-06-25,Canceled,Hyderabad,28%
FK-4626,Customer_3626,Books,Rich Dad Poor Dad,45558,4,20-01-25,returned,Hyd,11%
FK-4627,Customer_3627,beauty,Nivea Lotion,11236,3,27-06-25,Canceled,Mumbai,22
FK-4628,Customer_3628,,HP Pavilion Laptop,52626,1,,Canceled,Bengaluru,4
FK-4629,Customer_3629,Beauty,Nivea Lotion,36070,1,01-05-25,Pending,Pune,5%
FK-4630,Customer_3630,Home & Kitchen,Pigeon Gas Stove,37568,1,31-10-25,Delivered,Gurgaon,24
FK-4631,Customer_3631,Books,Python Crash Course,28058,2,19-02-25,returned,Pune,26
FK-4632,,,HP Pavilion Laptop,55582,2,14-02-26,Shipped,Delhi,17
fk-4633,Customer_3633,Shoes,Nike Running Shoes,55386,1,29-04-25,Canceled,BLR,29
FK-4634,Customer_3634,shoes,Puma Sneakers,Rs. 16831,4,,Canceled,Chennai,0
FK-4635,Customer_3635,Home & Kitchen,Pigeon Gas Stove,,4,,returned,Mumbai,5
FK-4636,Customer_3636,Electronics,Apple iPhone 15,47024,1,22-09-25,Pending,Mumbai,7
FK-4637,Customer_3637,Shoes,Nike Running Shoes,,1,06-12-25,returned,Hyd,26
fk-4638,Customer_3638,Beauty,Nivea Lotion,72348,1,13-03-26,delivered,Hyderabad,24
FK-4639,Customer_3639,Books,Python Crash Course,₹21587,1,16-04-26,Pending,Bengaluru,9
FK-4640,Customer_3640,Books,Python Crash Course,73250,-1,Nov 15 2025,Canceled,Mumbai,13
FK-4641,Customer_3641,Home & Kitchen,Pigeon Gas Stove,₹34443,1,07-06-25,Canceled,Pune,21
FK-4642,Customer_3642,Home & Kitchen,Prestige Cooker,4293,1,15-02-25,returned,BLR,4
fk-4643,Customer_3643,Home & Kitchen,Bajaj Iron,-10093,1,Aug 29 2025,Delivered,Hyd,13%
FK-4644,Customer_3644,Books,Dune,19920,1,07-08-25,Delivered,Mumbai,10
FK-4645,Customer_3645,Home & Kitchen,Milton Thermos,-30814,1,26-07-25,Returned,Pune,28
FK-4646,Customer_3646,Beauty,Nivea Lotion,12368,one,29-01-25,returned,BLR,21
FK-4647,,Books,Atomic Habits,23965,1,07-08-25,Delivered,Chennai,N/A
FK-4648,Customer_3648,Clothing,Women's Kurta,53691,1,,Pending,BLR,NULL
FK-4649,Customer_3649,Home & Kitchen,Prestige Cooker,32266,4,25-04-25,delivered,Mumbai,2
fk-4650,Customer_3650,Home & Kitchen,Prestige Cooker,,2,02-06-25,returned,Gurgaon,N/A
FK-4651,Customer_3651,Home & Kitchen,Pigeon Gas Stove,1727,1,26-04-25,Shipped,,N/A
FK-4652,Customer_3652,Electronics,HP Pavilion Laptop,31584,3,02-05-25,delivered,Kolkata,27
FK-4653,Customer_3653,Electronics,Apple iPhone 15,6068,1,,Shipped,BLR,27
4654,Customer_3654,Books,Python Crash Course,54301,1,05-02-25,Shipped,Mumbai,N/A
FK-4655,Customer_3655,beauty,Maybelline Lipstick,57355,5,19-03-26,delivered,Mumbai,23%
FK-4656,Customer_3656,shoes,Nike Running Shoes,51575,2,,Returned,Hyd,1
FK-4657,Customer_3657,Clothing,Jacket,-12313,2,04-03-25,returned,Bengaluru,12
FK-4658,Customer_3658,Beauty,Maybelline Lipstick,12195,2,11-06-25,Pending,Kolkata,28
FK-4659,Customer_3659,Clothing,Jacket,42631,1,08-12-25,returned,Bengaluru,10
FK-4660,Customer_3660,Electronics,Apple iPhone 15,53675,one,Sep 29 2025,Canceled,Hyderabad,6
FK-4661,Customer_3661,Home & Kitchen,Bajaj Iron,33945,1,14-05-26,Pending,Hyd,25
FK-4662,Customer_3662,Shoes,Puma Sneakers,₹16408,1,03-06-25,Canceled,,27
FK-4663,Customer_3663,Books,Atomic Habits,Rs. 51237,1,24-08-25,delivered,,18
FK-4664,Customer_3664,Beauty,Lakme Eyeliner,67497,1,27-10-25,Pending,Bengaluru,8
FK-4665,Customer_3665,Electronics,Boat Airdopes,25661,1,08-04-25,Delivered,Mumbai,6
FK-4666,Customer_3666,Home & Kitchen,Pigeon Gas Stove,₹31613,1,03-04-26,Delivered,Delhi,5%
FK-4667,Customer_3667,Clothing,Women's Kurta,65728,2,28-10-25,Returned,BLR,3
FK-4668,Customer_3668,Shoes,Adidas Sliders,₹63003,1,07-06-25,Shipped,Gurgaon,30
FK-4669,Customer_3669,Home & Kitchen,Milton Thermos,525,3,26-04-26,delivered,Pune,10
FK-4670,Customer_3670,Books,Python Crash Course,Rs. 51704,4,29-07-25,returned,Delhi,7
FK-4671,Customer_3671,Home & Kitchen,Bajaj Iron,72677,2,28-06-25,Shipped,BLR,N/A
fk-4672,Customer_3672,Clothing,Men's T-Shirt,72736,1,04-07-25,Returned,Hyd,14
FK-4673,Customer_3673,beauty,Maybelline Lipstick,45216,2,27-09-25,returned,Hyd,9
FK-4674,Customer_3674,electronics,Sony Headphones,58803,3,14-04-26,Returned,Mumbai,15
FK-4675,Customer_3675,Electronics,Apple iPhone 15,Rs. 26142,1,22-12-25,Pending,Bengaluru,16%
FK-4676,Customer_3676,Electronics,Sony Headphones,,2,,returned,BLR,3
FK-4677,Customer_3677,books,Atomic Habits,60344,4,26-05-25,Returned,Pune,26
FK-4678,Customer_3678,Beauty,Maybelline Lipstick,37544,1,24-04-26,delivered,Hyderabad,17%
FK-4679,Customer_3679,Shoes,Puma Sneakers,₹35103,3,28-11-25,Returned,Hyderabad,N/A
FK-4680,Customer_3680,,Sony Headphones,34214,3,May 13 2026,Shipped,Hyderabad,N/A
FK-4681,Customer_3681,electronics,Apple iPhone 15,₹38708,1,04-02-25,Shipped,,1
fk-4682,Customer_3682,,Boat Airdopes,47228,3,31-01-26,Canceled,Kolkata,30
FK-4683,Customer_3683,HOME & KITCHEN,Prestige Cooker,₹26060,2,11-01-26,Pending,Chennai,30
FK-4684,Customer_3684,Books,Atomic Habits,55560,1,11-12-25,Pending,BLR,NULL
FK-4685,Customer_3685,Clothing,Men's T-Shirt,4238,1,06-07-25,returned,Pune,6
FK-4686,Customer_3686,BEAUTY,Nivea Lotion,22890,1,Oct 05 2025,Shipped,Bengaluru,21
FK-4687,Customer_3687,Home & Kitchen,Pigeon Gas Stove,59748,2,25-01-26,Returned,,N/A
FK-4688,Customer_3688,Clothing,Jeans,65417,3,16-04-26,Shipped,Hyd,0
FK-4689,Customer_3689,Clothing,Jacket,-36962,2,10-02-26,returned,Delhi,22
4690,Customer_3690,CLOTHING,Jeans,3728,1,05-02-25,Shipped,Gurgaon,14
FK-4691,Customer_3691,Home & Kitchen,Bajaj Iron,30123,2,21-12-25,Delivered,Mumbai,26
FK-4692,Customer_3692,Books,Rich Dad Poor Dad,11806,two,26-03-26,Returned,Mumbai,8
FK-4693,Customer_3693,,Samsung Galaxy M14,25235,2,16-01-26,delivered,Kolkata,21%
FK-4694,,home & kitchen,Pigeon Gas Stove,₹64594,1,01-08-25,Shipped,Hyd,3%
FK-4695,Customer_3695,Electronics,Boat Airdopes,12540,1,15-02-26,Returned,BLR,26
FK-4696,Customer_3696,Home & Kitchen,Prestige Cooker,31442,1,02-02-26,Shipped,Delhi,
FK-4697,Customer_3697,Shoes,Nike Running Shoes,2799,2,20-04-26,Canceled,Chennai,16
FK-4698,Customer_3698,Shoes,Adidas Sliders,37990,1,23-02-26,Pending,Gurgaon,21
FK-4699,Customer_3699,,Boat Airdopes,56554,1,24-01-26,Delivered,Pune,4
FK-4700,Customer_3700,Shoes,Puma Sneakers,₹14163,2,15-09-25,Shipped,BLR,0
FK-4701,Customer_3701,Books,Python Crash Course,71614,2,10-10-25,Shipped,BLR,N/A
FK-4702,Customer_3702,SHOES,Adidas Sliders,7278,2,15-02-25,Canceled,Delhi,25
FK-4703,Customer_3703,Beauty,Maybelline Lipstick,2708,1,Dec 19 2025,Shipped,Kolkata,14
FK-4704,Customer_3704,Beauty,Lakme Eyeliner,73042,1,09-04-25,Canceled,Chennai,12
FK-4705,Customer_3705,Beauty,Lakme Eyeliner,-2960,1,,Shipped,,5
FK-4706,Customer_3706,Home & Kitchen,Prestige Cooker,50083,4,24-10-25,Canceled,,9
FK-4707,Customer_3707,Beauty,Lakme Eyeliner,31288,,21-11-25,Delivered,Chennai,8
FK-4708,Customer_3708,Beauty,Nivea Lotion,43353,1,16-11-25,Canceled,Kolkata,27%
4709,Customer_3709,Home & Kitchen,Milton Thermos,Rs. 74308,1,03-04-26,Canceled,BLR,6
FK-4710,Customer_3710,Books,Dune,36025,2,17-08-25,Returned,Hyderabad,5
FK-4711,Customer_3711,Books,Rich Dad Poor Dad,74170,1,19-06-25,returned,Bengaluru,4%
FK-4712,Customer_3712,Home & Kitchen,Milton Thermos,70992,1,20-08-25,delivered,,8
FK-4713,,Home & Kitchen,Milton Thermos,53843,3,27-02-25,Pending,Delhi,21%
FK-4714,,Books,Dune,-42774,1,22-04-26,Canceled,,20
FK-4715,Customer_3715,Shoes,Adidas Sliders,61491,2,21-07-25,delivered,BLR,21
FK-4716,Customer_3716,Electronics,Apple iPhone 15,59318,2,17-12-25,Delivered,Hyd,18
FK-4717,Customer_3717,Home & Kitchen,Milton Thermos,Rs. 2328,1,,Delivered,Hyd,1
FK-4718,Customer_3718,Home & Kitchen,Pigeon Gas Stove,58415,1,17-02-26,Canceled,Hyderabad,26
FK-4719,Customer_3719,Shoes,Nike Running Shoes,52425,2,17-12-25,Returned,Delhi,0%
FK-4720,Customer_3720,Electronics,HP Pavilion Laptop,25151,1,03-06-25,Returned,Gurgaon,N/A
FK-4721,Customer_3721,Clothing,Jeans,3173,2,Dec 22 2025,Shipped,Hyderabad,22
FK-4722,Customer_3722,Shoes,Nike Running Shoes,472,2,23-02-25,delivered,Kolkata,24
FK-4723,Customer_3723,Home & Kitchen,Milton Thermos,42809,1,28-10-25,Delivered,,24
4724,Customer_3724,Electronics,Sony Headphones,68880,3,Aug 28 2025,Returned,Bengaluru,21
FK-4725,Customer_3725,Shoes,Puma Sneakers,24735,1,06-08-25,Delivered,Gurgaon,30%
FK-4726,Customer_3726,Home & Kitchen,Pigeon Gas Stove,59798,2,Mar 06 2026,Delivered,Pune,28
FK-4727,Customer_3727,Home & Kitchen,Milton Thermos,62659,2,08-03-25,Pending,Bengaluru,16
FK-4728,Customer_3728,Beauty,Nivea Lotion,-24880,1,30-06-25,Shipped,Gurgaon,13%
FK-4729,Customer_3729,Shoes,Adidas Sliders,28873,2,Nov 27 2025,delivered,Chennai,3
FK-4730,Customer_3730,Clothing,Women's Kurta,38563,2,17-03-25,returned,Pune,1%
FK-4731,Customer_3731,books,Dune,62050,1,16-12-25,delivered,Hyd,
FK-4732,Customer_3732,,HP Pavilion Laptop,32014,1,,returned,Pune,26
FK-4733,Customer_3733,Home & Kitchen,Bajaj Iron,12078,2,,returned,Bengaluru,
FK-4734,Customer_3734,Beauty,Lakme Eyeliner,13058,1,10-02-25,Pending,Kolkata,21
FK-4735,Customer_3735,clothing,Men's T-Shirt,59742,3,16-01-25,Canceled,Hyderabad,11
FK-4736,Customer_3736,Electronics,Boat Airdopes,326,1,25-02-25,Canceled,Hyd,
FK-4737,,Home & Kitchen,Prestige Cooker,,2,12-01-25,Shipped,Bengaluru,15%
4738,Customer_3738,Clothing,Jeans,,4,15-10-25,returned,Bengaluru,10
FK-4739,Customer_3739,,Dell Mouse,28856,1,14-03-26,returned,,9
FK-4740,,Books,Dune,22785,2,13-05-25,Shipped,Hyd,6
FK-4741,Customer_3741,Electronics,Boat Airdopes,55565,2,25-04-25,Delivered,Gurgaon,25
fk-4742,Customer_3742,Home & Kitchen,Prestige Cooker,Rs. 35259,1,12-10-25,Pending,Mumbai,28
FK-4743,Customer_3743,Shoes,Adidas Sliders,5041,1,18-06-25,delivered,Hyd,0
FK-4744,Customer_3744,Electronics,Boat Airdopes,54074,1,02-07-25,Returned,Delhi,8
fk-4745,Customer_3745,Home & Kitchen,Prestige Cooker,-37955,1,Feb 04 2025,Shipped,Hyderabad,23
FK-4746,Customer_3746,Clothing,Men's T-Shirt,24715,1,12-02-25,Pending,Hyd,NULL
FK-4747,Customer_3747,Shoes,Adidas Sliders,68437,1,04-11-25,Canceled,Mumbai,10
FK-4748,,Electronics,HP Pavilion Laptop,55295,3,16-04-26,delivered,Bengaluru,22
FK-4749,Customer_3749,Home & Kitchen,Bajaj Iron,73305,1,08-03-26,Returned,Delhi,16
FK-4750,Customer_3750,home & kitchen,Milton Thermos,72253,1,20-11-25,Pending,Mumbai,29
FK-4751,Customer_3751,Shoes,Adidas Sliders,₹24234,2,07-11-25,Pending,Mumbai,20%
FK-4752,,Electronics,Dell Mouse,37529,1,Jul 05 2025,Shipped,Pune,2
FK-4753,Customer_3753,Home & Kitchen,Pigeon Gas Stove,750,3,06-03-26,Returned,,12
FK-4754,Customer_3754,Books,Rich Dad Poor Dad,Rs. 42096,1,08-12-25,Pending,Kolkata,11
FK-4755,Customer_3755,CLOTHING,Jeans,,1,26-06-25,delivered,,29%
FK-4756,Customer_3756,Books,Python Crash Course,13778,3,15-02-25,Pending,Chennai,15
fk-4757,Customer_3757,home & kitchen,Bajaj Iron,52640,,26-01-26,Pending,Hyderabad,20
FK-4758,Customer_3758,Beauty,Maybelline Lipstick,33938,2,29-07-25,Pending,Bengaluru,N/A
FK-4759,Customer_3759,Clothing,Jeans,₹49291,1,20-04-25,Shipped,Kolkata,28
FK-4760,Customer_3760,home & kitchen,Prestige Cooker,41043,1,27-08-25,Pending,BLR,N/A
FK-4761,Customer_3761,HOME & KITCHEN,Pigeon Gas Stove,Rs. 19982,1,04-06-25,Canceled,Pune,5
4762,Customer_3762,Electronics,Dell Mouse,42589,1,23-12-25,Returned,Bengaluru,14
FK-4763,Customer_3763,Books,Python Crash Course,6704,2,Jan 21 2025,Pending,,11%
FK-4764,Customer_3764,Shoes,Nike Running Shoes,8282,3,19-10-25,Delivered,BLR,12%
fk-4765,Customer_3765,Home & Kitchen,Milton Thermos,5593,2,May 02 2026,returned,Pune,24%
FK-4766,Customer_3766,Books,Atomic Habits,68906,1,05-05-25,Returned,Chennai,26%
FK-4767,Customer_3767,Clothing,Women's Kurta,54035,1,19-04-26,Returned,Hyd,NULL
FK-4768,Customer_3768,Books,Atomic Habits,13009,4,21-07-25,Canceled,Pune,3
FK-4769,Customer_3769,shoes,Adidas Sliders,₹15620,1,25-09-25,Shipped,Gurgaon,7
FK-4770,Customer_3770,Electronics,Dell Mouse,Rs. 62030,1,Dec 22 2025,Delivered,Bengaluru,6
FK-4771,Customer_3771,Shoes,Adidas Sliders,₹30531,4,09-04-26,Returned,Delhi,22%
FK-4772,Customer_3772,Beauty,Nivea Lotion,49761,1,10-11-25,delivered,Hyderabad,30
FK-4773,Customer_3773,Shoes,Puma Sneakers,50523,1,25-09-25,Delivered,Bengaluru,27
FK-4774,Customer_3774,beauty,Maybelline Lipstick,69212,2,30-10-25,Canceled,,11
FK-4775,,Electronics,Samsung Galaxy M14,14307,1,27-02-25,Delivered,Pune,18
FK-4776,Customer_3776,Shoes,Puma Sneakers,30384,1,Jan 14 2025,returned,BLR,9
FK-4777,Customer_3777,Electronics,Sony Headphones,,1,,Pending,Bengaluru,
FK-4778,Customer_3778,Books,Atomic Habits,41513,2,02-11-25,Returned,Mumbai,2
FK-4779,Customer_3779,Electronics,HP Pavilion Laptop,35763,1,30-01-25,Canceled,Kolkata,6
FK-4780,Customer_3780,Electronics,HP Pavilion Laptop,41661,2,Jan 09 2026,Canceled,Hyderabad,27%
FK-4781,Customer_3781,Shoes,Nike Running Shoes,68088,1,Jun 12 2025,returned,BLR,11
FK-4782,Customer_3782,Shoes,Adidas Sliders,64333,1,15-03-26,Shipped,Kolkata,9
FK-4783,Customer_3783,Electronics,Samsung Galaxy M14,₹56812,5,04-05-26,Canceled,Hyderabad,14
4784,Customer_3784,Shoes,Adidas Sliders,45814,5,25-07-25,returned,Kolkata,16
FK-4785,Customer_3785,Home & Kitchen,Prestige Cooker,56892,1,03-09-25,Canceled,Pune,NULL
FK-4786,Customer_3786,,Samsung Galaxy M14,-43825,2,20-01-25,Returned,Pune,14
FK-4787,Customer_3787,Electronics,Samsung Galaxy M14,₹11293,1,02-03-25,Returned,Hyderabad,10%
FK-4788,Customer_3788,Shoes,Puma Sneakers,51321,2,17-12-25,Shipped,Hyd,28
FK-4789,Customer_3789,Shoes,Adidas Sliders,₹62840,1,Jun 09 2025,Returned,Hyderabad,12
FK-4790,Customer_3790,Beauty,Nivea Lotion,51183,1,27-10-25,returned,Delhi,27
FK-4791,Customer_3791,Books,Atomic Habits,Rs. 36174,1,08-09-25,Returned,Chennai,2
FK-4792,Customer_3792,Electronics,Samsung Galaxy M14,50229,2,24-03-25,delivered,,29
FK-4793,Customer_3793,Books,Dune,8247,1,08-01-26,returned,Pune,10
FK-4794,Customer_3794,Clothing,Men's T-Shirt,Rs. 22124,1,30-08-25,Pending,Mumbai,NULL
FK-4795,Customer_3795,Electronics,Boat Airdopes,,2,22-02-25,Returned,BLR,1
FK-4796,Customer_3796,Beauty,Maybelline Lipstick,30261,,Apr 29 2026,returned,,0
fk-4797,Customer_3797,,Samsung Galaxy M14,26195,1,18-03-26,Pending,Gurgaon,0
FK-4798,Customer_3798,Clothing,Women's Kurta,38276,2,02-06-25,Canceled,Hyd,28
FK-4799,Customer_3799,Shoes,Nike Running Shoes,60475,1,,returned,Hyderabad,22
FK-4800,Customer_3800,Home & Kitchen,Pigeon Gas Stove,₹32752,1,Jul 17 2025,Pending,Hyd,0%
FK-4801,Customer_3801,books,Rich Dad Poor Dad,9836,3,,Canceled,BLR,9
FK-4802,Customer_3802,Books,Atomic Habits,10303,1,08-04-25,Canceled,Chennai,N/A
FK-4803,Customer_3803,Clothing,Jacket,₹65742,3,16-02-25,Returned,Mumbai,7
FK-4804,Customer_3804,Home & Kitchen,Prestige Cooker,Rs. 68637,1,,Shipped,Delhi,4
FK-4805,,Shoes,Adidas Sliders,27742,1,02-09-25,Delivered,Chennai,20
FK-4805,,Shoes,Adidas Sliders,27742,1,02-09-25,Delivered,Chennai,20
4806,Customer_3806,shoes,Puma Sneakers,-42210,1,09-03-25,Shipped,,9
FK-4807,Customer_3807,Home & Kitchen,Pigeon Gas Stove,-15676,1,Sep 03 2025,Pending,Kolkata,9
FK-4808,Customer_3808,Clothing,Saree,₹60533,1,01-06-25,Returned,Hyd,13
FK-4809,Customer_3809,Shoes,Puma Sneakers,67340,1,07-09-25,Returned,Mumbai,14
FK-4810,Customer_3810,Books,Python Crash Course,63299,2,Sep 17 2025,Returned,Chennai,11
FK-4811,Customer_3811,Beauty,Nivea Lotion,39076,2,26-02-25,Returned,Pune,2
FK-4812,Customer_3812,Home & Kitchen,Bajaj Iron,32722,two,23-03-25,Shipped,Delhi,2%
FK-4813,Customer_3813,Shoes,Nike Running Shoes,Rs. 7911,1,13-04-25,returned,Delhi,NULL
FK-4814,Customer_3814,Beauty,Maybelline Lipstick,26386,two,21-03-26,Delivered,Hyd,8
FK-4815,Customer_3815,Shoes,Puma Sneakers,40883,1,09-02-25,Pending,Kolkata,29
FK-4816,Customer_3816,,Dell Mouse,51654,1,25-12-25,delivered,Kolkata,10
FK-4817,Customer_3817,Home & Kitchen,Bajaj Iron,49078,4,08-06-25,Canceled,Gurgaon,18
FK-4818,Customer_3818,HOME & KITCHEN,Milton Thermos,Rs. 59707,1,07-12-25,Canceled,Pune,13
FK-4819,Customer_3819,Books,Python Crash Course,62526,5,12-02-25,Shipped,Hyderabad,8
FK-4820,Customer_3820,clothing,Women's Kurta,31647,3,Jun 12 2025,Canceled,Pune,18
FK-4821,Customer_3821,Clothing,Jacket,3908,1,10-09-25,Delivered,Pune,NULL
FK-4822,Customer_3822,Beauty,Lakme Eyeliner,Rs. 51858,one,09-05-25,Shipped,,10
FK-4823,Customer_3823,Beauty,Nivea Lotion,23363,3,13-12-25,Delivered,Hyd,1%
FK-4824,Customer_3824,Electronics,Sony Headphones,₹6690,3,03-03-25,Returned,Pune,11
FK-4825,Customer_3825,Beauty,Lakme Eyeliner,Rs. 69493,2,28-04-26,Delivered,,8%
FK-4826,Customer_3826,Shoes,Nike Running Shoes,Rs. 13693,3,May 08 2025,returned,,10
FK-4827,Customer_3827,Electronics,Samsung Galaxy M14,Rs. 60951,1,31-10-25,Canceled,Bengaluru,N/A
FK-4828,Customer_3828,Books,Dune,35926,1,Jan 06 2025,delivered,Hyderabad,17%
FK-4829,Customer_3829,Shoes,Puma Sneakers,,1,16-04-25,Pending,Mumbai,27
FK-4830,Customer_3830,Beauty,Lakme Eyeliner,Rs. 68628,2,29-09-25,Returned,Kolkata,28
FK-4831,Customer_3831,Beauty,Nivea Lotion,-56179,2,14-04-26,returned,Kolkata,8%
FK-4832,Customer_3832,Beauty,Maybelline Lipstick,Rs. 56769,1,Dec 21 2025,Returned,,21
FK-4833,Customer_3833,BEAUTY,Maybelline Lipstick,₹27327,1,Jan 29 2025,delivered,Kolkata,8
FK-4834,Customer_3834,BEAUTY,Nivea Lotion,50214,1,12-02-25,Canceled,Gurgaon,17%
FK-4835,Customer_3835,Shoes,Puma Sneakers,28545,1,07-04-25,Returned,Pune,7
FK-4836,Customer_3836,Books,Rich Dad Poor Dad,74658,1,10-02-25,Returned,Hyd,29
FK-4837,Customer_3837,electronics,Sony Headphones,13490,1,03-09-25,delivered,Pune,10
FK-4838,Customer_3838,Books,Python Crash Course,₹5279,1,27-12-25,delivered,Chennai,15
FK-4839,Customer_3839,Books,Dune,-7544,1,,Returned,BLR,27
FK-4840,Customer_3840,Clothing,Jacket,37129,1,23-02-26,Delivered,Hyd,
FK-4841,Customer_3841,Shoes,Nike Running Shoes,68758,1,31-10-25,returned,,9
FK-4842,Customer_3842,Clothing,Jeans,₹64686,,21-08-25,Pending,Delhi,8
fk-4843,Customer_3843,Shoes,Nike Running Shoes,59655,3,,Returned,BLR,23
FK-4844,Customer_3844,Clothing,Men's T-Shirt,51109,1,08-09-25,delivered,,
FK-4845,Customer_3845,Home & Kitchen,Milton Thermos,30818,1,02-05-25,returned,Delhi,12
FK-4846,Customer_3846,Home & Kitchen,Prestige Cooker,34138,1,04-06-25,Delivered,BLR,1
fk-4847,Customer_3847,Electronics,HP Pavilion Laptop,-66207,4,21-04-26,returned,Chennai,15%
FK-4848,,Electronics,Sony Headphones,₹58163,1,13-02-26,delivered,Kolkata,16
FK-4849,Customer_3849,Clothing,Women's Kurta,45751,3,11-05-26,Pending,Hyd,14
FK-4850,Customer_3850,Beauty,Maybelline Lipstick,53061,1,17-12-25,Returned,Hyderabad,19
FK-4851,Customer_3851,Home & Kitchen,Pigeon Gas Stove,₹16526,3,05-04-26,delivered,,1
FK-4852,Customer_3852,Electronics,Apple iPhone 15,30552,1,23-12-25,Delivered,Mumbai,N/A
FK-4853,Customer_3853,Beauty,Nivea Lotion,73653,1,08-03-26,Shipped,Chennai,18
4854,Customer_3854,BEAUTY,Maybelline Lipstick,34858,1,31-01-26,Pending,Delhi,30
FK-4855,Customer_3855,Home & Kitchen,Prestige Cooker,32872,4,17-11-25,Canceled,Gurgaon,14
FK-4856,Customer_3856,Beauty,Nivea Lotion,Rs. 13844,3,04-06-25,returned,Mumbai,21
FK-4857,Customer_3857,Electronics,HP Pavilion Laptop,,2,18-07-25,returned,Bengaluru,9
FK-4858,Customer_3858,beauty,Lakme Eyeliner,20221,1,09-03-26,delivered,Hyderabad,NULL
FK-4859,Customer_3859,Clothing,Women's Kurta,14983,3,08-03-26,Returned,,17
FK-4860,Customer_3860,Clothing,Saree,29864,1,15-12-25,returned,Kolkata,16
FK-4861,Customer_3861,books,Dune,Rs. 18185,2,May 20 2025,Returned,Pune,1
FK-4862,Customer_3862,clothing,Saree,45400,1,18-04-26,Delivered,Bengaluru,27%
FK-4863,Customer_3863,Home & Kitchen,Bajaj Iron,35357,5,22-01-26,delivered,Bengaluru,3
fk-4864,Customer_3864,Electronics,Dell Mouse,26894,1,04-03-26,Delivered,Hyd,0
FK-4865,Customer_3865,Home & Kitchen,Bajaj Iron,73445,two,03-03-25,Returned,BLR,2
FK-4866,Customer_3866,Shoes,Puma Sneakers,,1,28-05-25,Canceled,BLR,18%
FK-4867,Customer_3867,Shoes,Puma Sneakers,59102,1,03-05-26,Returned,Mumbai,18
FK-4868,Customer_3868,Shoes,Nike Running Shoes,24730,4,21-08-25,delivered,Delhi,
FK-4869,Customer_3869,Clothing,Jeans,11497,1,15-11-25,returned,Bengaluru,25
4870,Customer_3870,Shoes,Nike Running Shoes,Rs. 48747,1,Sep 14 2025,returned,Mumbai,8
4871,Customer_3871,Home & Kitchen,Prestige Cooker,42376,2,31-12-25,Shipped,Mumbai,2
FK-4872,Customer_3872,Clothing,Women's Kurta,39633,1,,Canceled,Delhi,26
FK-4873,,Electronics,Sony Headphones,74761,,,Delivered,Pune,23%
4874,Customer_3874,Beauty,Maybelline Lipstick,22189,1,Sep 21 2025,Canceled,Delhi,10
FK-4875,Customer_3875,home & kitchen,Milton Thermos,64821,1,11-11-25,Delivered,Chennai,17
FK-4876,Customer_3876,Electronics,Sony Headphones,20905,1,23-03-25,returned,Mumbai,21
FK-4877,Customer_3877,Books,Python Crash Course,67106,3,17-01-25,delivered,Mumbai,30%
FK-4878,Customer_3878,Beauty,Lakme Eyeliner,27231,999,05-03-26,Shipped,Bengaluru,9
FK-4879,Customer_3879,Beauty,Lakme Eyeliner,74662,3,,delivered,Hyderabad,1
FK-4880,Customer_3880,Shoes,Adidas Sliders,,2,17-08-25,Shipped,Chennai,29
FK-4881,Customer_3881,Clothing,Saree,Rs. 40432,1,25-11-25,Shipped,Hyderabad,8
FK-4882,Customer_3882,Beauty,Nivea Lotion,33393,2,Aug 25 2025,delivered,Bengaluru,21
FK-4883,Customer_3883,Shoes,Adidas Sliders,15292,1,May 23 2025,delivered,Gurgaon,20
FK-4884,Customer_3884,Shoes,Puma Sneakers,19536,1,30-01-25,Shipped,Hyd,26%
FK-4885,Customer_3885,Electronics,Samsung Galaxy M14,32180,1,26-02-26,delivered,Kolkata,15
FK-4886,Customer_3886,Books,Atomic Habits,70361,3,12-03-25,delivered,Pune,N/A
FK-4887,Customer_3887,Home & Kitchen,Milton Thermos,33051,1,,Shipped,,9%
FK-4888,Customer_3888,Home & Kitchen,Milton Thermos,12517,2,Apr 17 2026,Returned,Bengaluru,26
fk-4889,Customer_3889,Beauty,Maybelline Lipstick,567,1,Jul 29 2025,Delivered,,12
fk-4890,Customer_3890,Home & Kitchen,Bajaj Iron,59581,3,13-06-25,Returned,Hyd,8
FK-4891,Customer_3891,Clothing,Saree,14391,1,Oct 21 2025,Delivered,Mumbai,7
FK-4892,Customer_3892,Beauty,Maybelline Lipstick,₹47903,1,09-05-25,Returned,BLR,29
FK-4893,Customer_3893,Home & Kitchen,Milton Thermos,56463,1,13-11-25,delivered,Chennai,9
FK-4894,Customer_3894,Clothing,Women's Kurta,6006,one,Jan 17 2026,Canceled,BLR,7
FK-4895,Customer_3895,Shoes,Adidas Sliders,44664,1,27-06-25,Delivered,Mumbai,29
FK-4896,,Electronics,Samsung Galaxy M14,15257,1,01-09-25,delivered,Mumbai,22
FK-4897,Customer_3897,Home & Kitchen,Pigeon Gas Stove,32986,2,26-03-26,Canceled,Chennai,15
FK-4898,Customer_3898,Books,Dune,48337,1,05-04-25,Shipped,Pune,0
fk-4899,Customer_3899,Clothing,Jacket,₹244,1,11-12-25,Pending,Kolkata,12
FK-4900,Customer_3900,home & kitchen,Milton Thermos,₹14129,3,25-04-26,Shipped,,10
FK-4901,Customer_3901,home & kitchen,Pigeon Gas Stove,Rs. 4234,4,25-12-25,Delivered,BLR,9
FK-4902,Customer_3902,beauty,Nivea Lotion,62582,1,02-10-25,returned,Hyderabad,3
FK-4903,,Shoes,Puma Sneakers,32869,1,28-04-25,Shipped,Gurgaon,6
FK-4904,Customer_3904,home & kitchen,Bajaj Iron,61083,3,17-03-26,Pending,Hyd,21
FK-4905,Customer_3905,Books,Rich Dad Poor Dad,Rs. 28955,1,,Shipped,Mumbai,10
FK-4906,Customer_3906,Shoes,Adidas Sliders,58667,2,Jan 29 2026,returned,Hyderabad,7
FK-4907,Customer_3907,clothing,Men's T-Shirt,,999,30-03-26,Pending,Gurgaon,13
FK-4908,Customer_3908,Electronics,Boat Airdopes,67137,2,04-08-25,Shipped,BLR,27
FK-4909,Customer_3909,Electronics,HP Pavilion Laptop,52225,1,04-05-26,delivered,Hyd,5%
FK-4910,Customer_3910,Books,Rich Dad Poor Dad,Rs. 65577,3,Apr 11 2025,Canceled,Hyd,13
fk-4911,Customer_3911,Electronics,Dell Mouse,38831,1,28-03-25,delivered,Delhi,30
FK-4912,Customer_3912,Clothing,Women's Kurta,14700,1,26-02-25,Canceled,Hyderabad,15
FK-4913,Customer_3913,,Sony Headphones,12240,1,Mar 03 2026,Returned,BLR,5
FK-4914,Customer_3914,home & kitchen,Pigeon Gas Stove,,4,,delivered,Hyderabad,
FK-4915,Customer_3915,Beauty,Lakme Eyeliner,₹1776,1,24-04-26,Delivered,Gurgaon,18
FK-4916,Customer_3916,Shoes,Nike Running Shoes,38169,1,Feb 17 2026,Shipped,,6
FK-4917,Customer_3917,Electronics,Boat Airdopes,32369,2,05-02-26,Delivered,Pune,1
FK-4918,Customer_3918,Electronics,Samsung Galaxy M14,28449,1,26-02-26,Pending,Hyd,11
FK-4919,Customer_3919,Home & Kitchen,Bajaj Iron,45122,1,18-11-25,Returned,Kolkata,
FK-4920,Customer_3920,Beauty,Nivea Lotion,44373,1,,Shipped,Bengaluru,0
FK-4921,Customer_3921,Shoes,Puma Sneakers,5263,2,30-11-25,delivered,BLR,19
FK-4922,Customer_3922,Electronics,Dell Mouse,42097,1,19-02-25,returned,Mumbai,7%
FK-4923,Customer_3923,Books,Python Crash Course,22225,1,10-03-26,delivered,Delhi,4
fk-4924,Customer_3924,Home & Kitchen,Bajaj Iron,68478,1,24-06-25,delivered,BLR,N/A
FK-4925,Customer_3925,Beauty,Lakme Eyeliner,,3,07-10-25,Delivered,Delhi,30
FK-4926,Customer_3926,Clothing,Men's T-Shirt,₹7503,4,14-04-25,Pending,Bengaluru,30
fk-4927,Customer_3927,Electronics,HP Pavilion Laptop,1791,1,Nov 20 2025,Pending,Hyd,0
FK-4928,Customer_3928,Clothing,Jeans,-55503,2,Jul 17 2025,Returned,Gurgaon,22
FK-4929,Customer_3929,Books,Rich Dad Poor Dad,55143,1,27-05-25,delivered,Delhi,22
FK-4930,Customer_3930,Home & Kitchen,Pigeon Gas Stove,₹27073,1,25-08-25,Pending,BLR,19
FK-4931,Customer_3931,ELECTRONICS,Apple iPhone 15,73145,3,Jun 03 2025,Canceled,Kolkata,28
FK-4932,Customer_3932,Electronics,Samsung Galaxy M14,8523,1,Oct 21 2025,returned,Kolkata,7%
FK-4933,Customer_3933,Clothing,Jeans,5131,1,18-02-25,returned,Bengaluru,26%
FK-4934,,Books,Dune,₹26036,1,May 14 2026,returned,Hyd,27
FK-4935,Customer_3935,Electronics,Samsung Galaxy M14,36975,1,11-08-25,Pending,BLR,5
FK-4936,Customer_3936,Beauty,Nivea Lotion,-17865,1,26-10-25,returned,Bengaluru,NULL
FK-4937,Customer_3937,Electronics,Dell Mouse,64971,2,31-07-25,Canceled,Hyd,14%
FK-4938,Customer_3938,Electronics,Samsung Galaxy M14,-7217,1,28-02-26,Shipped,Chennai,29
FK-4939,Customer_3939,Shoes,Puma Sneakers,Rs. 74290,1,08-04-26,Shipped,Kolkata,NULL
FK-4940,Customer_3940,Home & Kitchen,Milton Thermos,19824,2,22-12-25,Returned,,21
FK-4941,Customer_3941,BEAUTY,Maybelline Lipstick,46185,2,06-09-25,Delivered,Hyd,29
FK-4942,Customer_3942,Home & Kitchen,Milton Thermos,6554,,05-10-25,Shipped,Chennai,11
FK-4943,Customer_3943,Clothing,Women's Kurta,37274,5,12-03-25,Canceled,Gurgaon,23
FK-4944,Customer_3944,Home & Kitchen,Bajaj Iron,21556,1,,Delivered,Pune,
FK-4945,Customer_3945,Clothing,Jacket,64794,one,02-01-26,returned,,3
FK-4946,Customer_3946,clothing,Men's T-Shirt,22263,3,18-10-25,Shipped,Kolkata,17%
FK-4947,Customer_3947,Shoes,Puma Sneakers,65209,-1,01-07-25,Canceled,Hyderabad,27
FK-4948,Customer_3948,SHOES,Nike Running Shoes,18116,1,26-03-26,returned,Pune,6
4949,Customer_3949,Electronics,Dell Mouse,8325,2,02-10-25,Returned,Mumbai,26%
FK-4950,Customer_3950,Clothing,Jeans,72463,1,10-08-25,Returned,Pune,N/A
FK-4951,Customer_3951,Electronics,Boat Airdopes,43827,1,17-06-25,returned,Mumbai,6%
FK-4952,Customer_3952,Books,Atomic Habits,18576,2,24-12-25,Returned,Delhi,
FK-4953,Customer_3953,Beauty,Maybelline Lipstick,15757,1,Aug 10 2025,delivered,Kolkata,16
FK-4954,Customer_3954,Shoes,Adidas Sliders,15831,2,22-07-25,Delivered,,6%
FK-4955,Customer_3955,Shoes,Puma Sneakers,44685,4,Mar 09 2025,returned,Chennai,3
FK-4956,,Books,Dune,65541,4,25-10-25,Returned,Gurgaon,24
FK-4957,Customer_3957,Shoes,Nike Running Shoes,35793,2,05-02-26,Returned,Bengaluru,7
FK-4958,Customer_3958,Electronics,Dell Mouse,₹56708,1,01-10-25,delivered,Hyderabad,10
fk-4959,Customer_3959,books,Dune,63320,1,26-12-25,returned,Kolkata,3
FK-4960,Customer_3960,books,Atomic Habits,52147,999,08-04-26,delivered,Pune,5%
FK-4961,Customer_3961,Books,Atomic Habits,69465,1,27-10-25,Shipped,,14
FK-4962,Customer_3962,Clothing,Men's T-Shirt,₹51364,1,19-05-25,Delivered,Gurgaon,NULL
FK-4963,,Books,Atomic Habits,55035,5,,delivered,Chennai,6
FK-4964,Customer_3964,Shoes,Nike Running Shoes,Rs. 43253,two,12-10-25,delivered,Mumbai,
FK-4965,Customer_3965,Home & Kitchen,Milton Thermos,Rs. 56078,1,27-05-25,returned,,15
FK-4966,Customer_3966,Clothing,Jeans,63925,4,21-01-26,Delivered,Hyd,0%
FK-4967,Customer_3967,Beauty,Nivea Lotion,Rs. 61481,2,17-07-25,returned,Chennai,
FK-4968,Customer_3968,Electronics,Apple iPhone 15,15333,1,24-05-25,Pending,BLR,22
4969,Customer_3969,books,Dune,20979,1,,returned,Bengaluru,0
FK-4970,Customer_3970,Home & Kitchen,Milton Thermos,71316,2,21-09-25,Canceled,Bengaluru,2
fk-4971,Customer_3971,Shoes,Adidas Sliders,52728,,16-12-25,Canceled,Hyd,16
FK-4972,Customer_3972,Home & Kitchen,Milton Thermos,33364,1,24-09-25,Canceled,Chennai,N/A
4973,Customer_3973,Shoes,Puma Sneakers,₹67934,1,24-08-25,delivered,BLR,
FK-4974,,Home & Kitchen,Milton Thermos,37852,2,07-12-25,Returned,Gurgaon,11
FK-4975,Customer_3975,BOOKS,Rich Dad Poor Dad,₹39327,3,11-05-26,Shipped,BLR,NULL
FK-4976,Customer_3976,Clothing,Women's Kurta,73020,1,04-02-25,Pending,Kolkata,10
FK-4977,Customer_3977,books,Python Crash Course,,1,20-02-26,returned,Kolkata,NULL
fk-4978,Customer_3978,Beauty,Nivea Lotion,Rs. 62843,1,09-09-25,Pending,BLR,29
FK-4979,Customer_3979,Electronics,Sony Headphones,₹40665,1,25-07-25,Returned,Gurgaon,30
FK-4980,Customer_3980,Electronics,Boat Airdopes,₹36612,1,19-02-26,Shipped,Gurgaon,17
FK-4980,Customer_3980,Electronics,Boat Airdopes,₹36612,1,19-02-26,Shipped,Gurgaon,17
FK-4981,Customer_3981,BOOKS,Python Crash Course,20942,,02-04-26,Shipped,Delhi,N/A
FK-4982,Customer_3982,clothing,Jacket,23779,1,27-02-25,Pending,Kolkata,4%
FK-4983,Customer_3983,Home & Kitchen,Bajaj Iron,37188,1,16-07-25,returned,Bengaluru,NULL
FK-4984,Customer_3984,Home & Kitchen,Prestige Cooker,₹21997,1,17-03-25,returned,Mumbai,NULL
FK-4985,,Books,Atomic Habits,63134,1,10-01-26,Shipped,Chennai,17
FK-4986,Customer_3986,Clothing,Saree,Rs. 14616,one,18-02-26,delivered,Chennai,5
FK-4987,Customer_3987,Clothing,Men's T-Shirt,6352,1,27-03-26,Shipped,BLR,26
FK-4988,Customer_3988,ELECTRONICS,Apple iPhone 15,34839,1,07-05-25,Pending,Bengaluru,15
FK-4989,Customer_3989,Home & Kitchen,Prestige Cooker,26810,1,25-03-26,Shipped,Mumbai,26
fk-4990,Customer_3990,electronics,Apple iPhone 15,Rs. 58352,2,04-04-25,Shipped,Kolkata,4
FK-4991,Customer_3991,Beauty,Nivea Lotion,55156,2,19-07-25,Returned,Pune,9
FK-4992,Customer_3992,Beauty,Maybelline Lipstick,12011,1,23-04-25,Delivered,Chennai,8
FK-4993,Customer_3993,Books,Python Crash Course,Rs. 40333,2,03-01-25,delivered,Chennai,N/A
FK-4994,Customer_3994,Electronics,Boat Airdopes,9612,3,26-03-26,delivered,,19
FK-4995,Customer_3995,Home & Kitchen,Milton Thermos,12053,2,,delivered,Kolkata,0
FK-4996,Customer_3996,Clothing,Jeans,3631,3,26-03-25,Pending,Hyderabad,2
FK-4997,Customer_3997,books,Dune,5180,1,24-06-25,Canceled,Hyd,1%
FK-4998,Customer_3998,Home & Kitchen,Milton Thermos,₹25195,1,29-05-25,returned,Chennai,26
fk-4999,Customer_3999,,Sony Headphones,49842,2,19-02-25,Canceled,BLR,17
FK-5000,Customer_4000,Books,Python Crash Course,₹19792,1,20-11-25,returned,Mumbai,2%
FK-5001,Customer_4001,Books,Atomic Habits,10593,1,13-01-25,Delivered,Hyd,10
FK-5002,Customer_4002,Beauty,Nivea Lotion,Rs. 31185,1,05-03-25,Pending,Delhi,23
FK-5003,Customer_4003,Beauty,Lakme Eyeliner,,4,03-03-25,delivered,Kolkata,9
FK-5004,Customer_4004,Shoes,Puma Sneakers,21624,1,,Shipped,Kolkata,7
FK-5005,Customer_4005,books,Dune,58474,1,26-10-25,returned,Gurgaon,23
FK-5006,Customer_4006,Clothing,Saree,30944,1,,delivered,,28
FK-5007,Customer_4007,Electronics,Dell Mouse,₹16914,1,29-04-26,Pending,Pune,19
FK-5008,Customer_4008,BOOKS,Python Crash Course,,1,22-03-26,Canceled,Chennai,5%
FK-5009,Customer_4009,Electronics,Apple iPhone 15,44480,1,01-01-26,Canceled,BLR,14
fk-5010,Customer_4010,Electronics,Apple iPhone 15,₹60495,1,28-04-25,Shipped,Gurgaon,21
fk-5011,Customer_4011,Clothing,Saree,Rs. 13250,2,May 02 2026,Canceled,,20
FK-5012,Customer_4012,Clothing,Saree,-72493,3,,delivered,Mumbai,15
FK-5013,Customer_4013,Books,Rich Dad Poor Dad,Rs. 812,2,29-07-25,Shipped,Mumbai,30
FK-5014,Customer_4014,Clothing,Jeans,16491,1,Sep 06 2025,Pending,Gurgaon,8
FK-5015,Customer_4015,Beauty,Lakme Eyeliner,2726,3,07-03-26,Pending,Chennai,2%
FK-5016,Customer_4016,Beauty,Nivea Lotion,74718,1,19-04-26,returned,Chennai,28
FK-5017,Customer_4017,Beauty,Maybelline Lipstick,54944,1,22-04-26,Pending,Mumbai,28
FK-5018,Customer_4018,Electronics,Apple iPhone 15,24800,1,30-01-26,returned,Chennai,11
FK-5019,,Beauty,Nivea Lotion,-67006,1,Jan 21 2025,Canceled,Mumbai,NULL
FK-5020,Customer_4020,Books,Python Crash Course,51956,3,03-03-26,Returned,,17
FK-5021,Customer_4021,Beauty,Lakme Eyeliner,40154,1,18-08-25,delivered,Delhi,
FK-5022,Customer_4022,Books,Atomic Habits,,1,25-07-25,delivered,Pune,27
FK-5023,Customer_4023,Home & Kitchen,Milton Thermos,,1,01-05-26,Pending,,24
fk-5024,Customer_4024,Electronics,Sony Headphones,32637,1,22-07-25,delivered,Kolkata,8
fk-5025,Customer_4025,Beauty,Maybelline Lipstick,54354,2,17-10-25,Pending,Pune,
FK-5026,Customer_4026,Shoes,Nike Running Shoes,70964,1,Sep 24 2025,Shipped,Pune,25
FK-5027,Customer_4027,Beauty,Maybelline Lipstick,42649,3,13-11-25,Delivered,,17
FK-5028,Customer_4028,Clothing,Jeans,73110,1,09-04-26,Shipped,Chennai,22
FK-5029,,Beauty,Lakme Eyeliner,45081,2,20-01-26,Delivered,Delhi,23
FK-5030,,Beauty,Lakme Eyeliner,22648,1,Sep 12 2025,Shipped,Chennai,5%
FK-5031,Customer_4031,Beauty,Maybelline Lipstick,Rs. 62237,1,29-01-25,Pending,Bengaluru,12
FK-5032,Customer_4032,Electronics,Sony Headphones,21563,1,13-05-26,Delivered,Bengaluru,11
FK-5033,Customer_4033,Electronics,Sony Headphones,60520,1,05-01-25,Delivered,Pune,NULL
fk-5034,Customer_4034,Clothing,Jacket,-58610,1,19-02-26,Pending,Chennai,2
5035,Customer_4035,Clothing,Jeans,42767,2,24-02-25,returned,,NULL
FK-5036,,Beauty,Nivea Lotion,47614,1,02-11-25,returned,,23
fk-5037,,Clothing,Jacket,38309,3,09-04-25,Canceled,Pune,0
FK-5038,Customer_4038,Books,Dune,67633,one,Jul 25 2025,Returned,Gurgaon,23
FK-5039,Customer_4039,Home & Kitchen,Prestige Cooker,5490,1,Jun 10 2025,Shipped,Gurgaon,13
FK-5040,Customer_4040,Home & Kitchen,Pigeon Gas Stove,5737,3,12-06-25,Delivered,,12%
5041,Customer_4041,Home & Kitchen,Pigeon Gas Stove,-13211,-1,12-05-26,Delivered,Pune,6
fk-5042,Customer_4042,Home & Kitchen,Prestige Cooker,₹62447,2,13-02-25,returned,Delhi,NULL
FK-5043,Customer_4043,Shoes,Puma Sneakers,35211,1,06-09-25,Canceled,Chennai,24
FK-5044,Customer_4044,Clothing,Women's Kurta,Rs. 15098,1,01-02-26,Pending,BLR,15
FK-5045,Customer_4045,ELECTRONICS,Sony Headphones,₹64173,two,06-07-25,Pending,BLR,27
fk-5046,Customer_4046,Books,Dune,16741,2,05-09-25,returned,Hyderabad,30
FK-5047,Customer_4047,electronics,Apple iPhone 15,10175,5,11-06-25,Pending,Mumbai,10
FK-5048,Customer_4048,Shoes,Puma Sneakers,Rs. 45390,1,22-04-25,returned,Pune,N/A
FK-5049,Customer_4049,Clothing,Women's Kurta,₹53990,1,01-04-26,Canceled,Kolkata,28
FK-5050,Customer_4050,Beauty,Lakme Eyeliner,73926,1,12-08-25,Pending,Gurgaon,9%
FK-5051,Customer_4051,Books,Rich Dad Poor Dad,21288,1,23-03-26,Returned,Mumbai,29
5052,Customer_4052,shoes,Adidas Sliders,₹67992,2,23-08-25,returned,,2
FK-5053,Customer_4053,Shoes,Adidas Sliders,Rs. 58734,1,13-12-25,Delivered,BLR,24
FK-5054,Customer_4054,BEAUTY,Nivea Lotion,15539,1,10-05-26,Returned,Gurgaon,8
FK-5055,Customer_4055,shoes,Nike Running Shoes,-23633,1,03-05-25,returned,Hyd,11
FK-5056,Customer_4056,clothing,Men's T-Shirt,,1,11-06-25,Pending,Mumbai,17
FK-5057,Customer_4057,Clothing,Men's T-Shirt,34629,1,12-01-25,Returned,Delhi,5
FK-5058,Customer_4058,Home & Kitchen,Milton Thermos,55723,1,29-01-25,Returned,Hyderabad,29
FK-5059,Customer_4059,Books,Rich Dad Poor Dad,36915,1,27-07-25,returned,Kolkata,14
FK-5060,Customer_4060,Clothing,Men's T-Shirt,27949,1,18-04-26,Shipped,Hyderabad,5
FK-5061,Customer_4061,Home & Kitchen,Pigeon Gas Stove,,1,,delivered,,
FK-5062,Customer_4062,Electronics,Sony Headphones,48854,1,27-04-25,Canceled,Gurgaon,9%
FK-5063,Customer_4063,Shoes,Nike Running Shoes,-38207,1,26-04-26,Shipped,Kolkata,N/A
FK-5064,,Beauty,Nivea Lotion,64217,2,16-10-25,Pending,Chennai,6
FK-5065,Customer_4065,Clothing,Jeans,Rs. 58322,2,27-01-26,delivered,,17
FK-5066,Customer_4066,Home & Kitchen,Bajaj Iron,8362,1,24-01-25,Pending,Bengaluru,6
FK-5067,Customer_4067,Shoes,Puma Sneakers,Rs. 61069,5,10-03-26,Delivered,Gurgaon,14
FK-5068,Customer_4068,Shoes,Nike Running Shoes,37106,1,16-01-25,Returned,Chennai,30
FK-5069,Customer_4069,books,Dune,₹52353,1,19-04-26,returned,Bengaluru,12%
FK-5070,,SHOES,Adidas Sliders,13287,1,25-04-26,Canceled,Bengaluru,N/A
FK-5071,Customer_4071,Books,Dune,18134,1,05-11-25,Pending,Gurgaon,15
FK-5072,Customer_4072,Electronics,Dell Mouse,46800,1,16-04-25,Delivered,BLR,11
FK-5073,Customer_4073,Clothing,Saree,₹10984,1,15-02-26,Delivered,BLR,12
FK-5074,Customer_4074,Shoes,Nike Running Shoes,-38300,3,02-04-25,returned,Mumbai,5
fk-5075,Customer_4075,Beauty,Lakme Eyeliner,42143,1,Jun 18 2025,Returned,Mumbai,1
FK-5076,Customer_4076,shoes,Nike Running Shoes,₹67914,5,10-08-25,Pending,Gurgaon,23
FK-5077,Customer_4077,electronics,Samsung Galaxy M14,38419,1,29-01-25,returned,Kolkata,10
FK-5078,Customer_4078,Home & Kitchen,Prestige Cooker,43712,,15-02-25,Returned,Mumbai,13
fk-5079,Customer_4079,Books,Python Crash Course,-59525,3,02-02-25,Shipped,,
FK-5080,Customer_4080,Clothing,Jeans,13742,5,17-10-25,Canceled,Kolkata,26
FK-5081,Customer_4081,Clothing,Women's Kurta,9364,4,22-09-25,Shipped,Hyderabad,10
fk-5082,Customer_4082,Electronics,HP Pavilion Laptop,37684,2,Mar 07 2026,delivered,Kolkata,12
FK-5083,Customer_4083,Clothing,Jeans,6384,2,01-02-26,delivered,Bengaluru,11
FK-5083,Customer_4083,Clothing,Jeans,6384,2,01-02-26,delivered,Bengaluru,11
FK-5084,Customer_4084,shoes,Nike Running Shoes,₹9545,1,26-01-26,Returned,Delhi,7
FK-5085,Customer_4085,Beauty,Lakme Eyeliner,Rs. 29833,1,30-04-25,returned,Kolkata,3
5086,Customer_4086,Shoes,Nike Running Shoes,14387,1,01-05-26,Shipped,Hyderabad,25
FK-5087,Customer_4087,Home & Kitchen,Pigeon Gas Stove,54816,1,15-01-25,Canceled,Bengaluru,6%
FK-5088,Customer_4088,Books,Rich Dad Poor Dad,48009,1,Apr 20 2026,Shipped,,
FK-5089,Customer_4089,Electronics,Sony Headphones,,1,Mar 13 2025,delivered,Mumbai,25
FK-5090,Customer_4090,Beauty,Lakme Eyeliner,12623,3,02-07-25,Canceled,Bengaluru,25
FK-5091,Customer_4091,Shoes,Puma Sneakers,734,3,07-10-25,Delivered,Gurgaon,30
FK-5092,Customer_4092,Home & Kitchen,Pigeon Gas Stove,72299,1,25-02-25,returned,Pune,15
FK-5093,Customer_4093,Electronics,Boat Airdopes,62789,2,27-01-25,Pending,Kolkata,27
FK-5094,Customer_4094,Shoes,Adidas Sliders,40145,1,06-10-25,returned,Delhi,12
FK-5095,Customer_4095,Clothing,Women's Kurta,26501,1,05-09-25,Returned,Gurgaon,15
FK-5096,Customer_4096,Clothing,Jeans,63540,2,30-08-25,Delivered,Pune,
FK-5097,Customer_4097,Books,Atomic Habits,15409,2,11-07-25,delivered,Hyderabad,28
FK-5098,Customer_4098,Electronics,Samsung Galaxy M14,50572,2,28-02-26,returned,Hyd,7
FK-5099,Customer_4099,Shoes,Puma Sneakers,64066,2,Jan 30 2025,Pending,Hyderabad,28
fk-5100,Customer_4100,Beauty,Nivea Lotion,11634,1,,Returned,Mumbai,NULL
FK-5101,Customer_4101,Beauty,Maybelline Lipstick,65288,2,Jan 08 2026,Pending,BLR,9
FK-5102,Customer_4102,,Boat Airdopes,27324,2,21-04-25,Shipped,Delhi,4
FK-5103,,Beauty,Maybelline Lipstick,29018,1,03-09-25,delivered,Bengaluru,NULL
FK-5104,Customer_4104,Clothing,Men's T-Shirt,71813,1,25-08-25,Returned,Hyderabad,18
FK-5105,Customer_4105,Books,Rich Dad Poor Dad,30454,1,17-06-25,Shipped,Kolkata,N/A
FK-5106,Customer_4106,Clothing,Jeans,66143,1,04-02-25,Returned,Delhi,30
FK-5107,Customer_4107,Shoes,Puma Sneakers,Rs. 70180,1,Feb 09 2025,Shipped,Bengaluru,22
FK-5108,Customer_4108,Beauty,Lakme Eyeliner,29367,1,17-09-25,Delivered,,23
FK-5109,Customer_4109,Shoes,Puma Sneakers,Rs. 14580,1,11-04-26,returned,,26
FK-5110,Customer_4110,Beauty,Maybelline Lipstick,6531,2,10-11-25,Shipped,Hyderabad,10%
FK-5111,Customer_4111,Electronics,HP Pavilion Laptop,43745,1,15-12-25,Returned,Mumbai,29
FK-5112,Customer_4112,Books,Dune,9684,1,22-11-25,Returned,Gurgaon,23
FK-5113,Customer_4113,Books,Rich Dad Poor Dad,30081,2,16-01-25,Returned,Delhi,22%
FK-5114,Customer_4114,Home & Kitchen,Pigeon Gas Stove,7290,1,15-01-26,returned,Pune,20
FK-5115,Customer_4115,Clothing,Jeans,-20790,1,27-11-25,Canceled,Gurgaon,20
FK-5116,Customer_4116,Shoes,Puma Sneakers,-5918,999,08-04-25,delivered,Kolkata,23
FK-5116,Customer_4116,Shoes,Puma Sneakers,-5918,999,08-04-25,delivered,Kolkata,23
fk-5117,Customer_4117,Clothing,Jeans,54115,1,30-03-26,delivered,Kolkata,6
FK-5118,Customer_4118,Shoes,Nike Running Shoes,Rs. 30086,1,27-04-26,returned,Bengaluru,22
FK-5119,Customer_4119,Home & Kitchen,Bajaj Iron,60580,1,18-11-25,delivered,Hyderabad,25
FK-5119,Customer_4119,Home & Kitchen,Bajaj Iron,60580,1,18-11-25,delivered,Hyderabad,25
FK-5120,Customer_4120,books,Atomic Habits,28283,1,07-02-25,Pending,,9
FK-5121,Customer_4121,Books,Dune,53002,2,08-04-25,Delivered,Hyderabad,9
FK-5122,Customer_4122,Beauty,Maybelline Lipstick,-52977,1,12-01-25,Delivered,Bengaluru,NULL
FK-5123,Customer_4123,clothing,Saree,14928,2,28-08-25,Canceled,Gurgaon,23
FK-5124,,Clothing,Men's T-Shirt,52094,1,16-05-26,Returned,Hyderabad,NULL
FK-5125,Customer_4125,ELECTRONICS,Boat Airdopes,45116,2,07-08-25,Canceled,BLR,N/A
FK-5126,Customer_4126,Beauty,Nivea Lotion,1664,1,29-03-26,Pending,Pune,8
FK-5127,Customer_4127,Clothing,Men's T-Shirt,69404,5,10-10-25,delivered,BLR,15
FK-5128,Customer_4128,Books,Python Crash Course,50754,2,26-11-25,delivered,Delhi,7
FK-5129,Customer_4129,Clothing,Men's T-Shirt,68400,2,10-12-25,delivered,Pune,25
FK-5130,Customer_4130,Electronics,Apple iPhone 15,₹74484,1,Sep 02 2025,delivered,Gurgaon,12
FK-5131,Customer_4131,Clothing,Saree,Rs. 52512,2,25-06-25,returned,Chennai,8
FK-5132,,Clothing,Jacket,-38492,3,20-03-25,Canceled,Pune,4
FK-5133,Customer_4133,Books,Atomic Habits,49219,,10-01-25,delivered,BLR,9
FK-5134,Customer_4134,Home & Kitchen,Milton Thermos,8559,2,26-04-25,returned,,14
FK-5135,Customer_4135,Home & Kitchen,Milton Thermos,21404,1,10-05-26,Delivered,Bengaluru,30
FK-5135,Customer_4135,Home & Kitchen,Milton Thermos,21404,1,10-05-26,Delivered,Bengaluru,30
FK-5136,Customer_4136,Electronics,Dell Mouse,46273,1,31-01-25,returned,Gurgaon,NULL
FK-5137,,Books,Atomic Habits,9526,2,,Delivered,,24
FK-5138,Customer_4138,Beauty,Nivea Lotion,Rs. 20225,1,08-04-25,returned,Mumbai,27
FK-5139,Customer_4139,Beauty,Maybelline Lipstick,35691,3,02-04-26,Delivered,Kolkata,14
FK-5140,Customer_4140,,Samsung Galaxy M14,Rs. 7076,1,May 13 2026,Canceled,Delhi,11
fk-5141,Customer_4141,Shoes,Nike Running Shoes,57365,1,12-01-26,Delivered,Mumbai,28%
5142,Customer_4142,Books,Atomic Habits,Rs. 43211,2,22-07-25,Delivered,Mumbai,6
5143,Customer_4143,Beauty,Nivea Lotion,39433,1,26-01-25,Canceled,Kolkata,7
FK-5144,Customer_4144,Books,Rich Dad Poor Dad,29659,one,30-09-25,delivered,,9
fk-5145,Customer_4145,Clothing,Saree,-3096,3,25-01-25,Pending,Pune,9
FK-5146,Customer_4146,books,Python Crash Course,₹18481,1,19-01-26,Shipped,Bengaluru,9
FK-5147,Customer_4147,Books,Rich Dad Poor Dad,44694,1,08-05-25,Pending,,21
FK-5148,Customer_4148,,HP Pavilion Laptop,62953,3,18-01-26,delivered,Pune,11
FK-5149,Customer_4149,,Apple iPhone 15,64115,4,27-06-25,delivered,Hyd,N/A
FK-5150,Customer_4150,Clothing,Jeans,73551,1,07-04-25,Pending,Hyd,14
FK-5151,Customer_4151,HOME & KITCHEN,Milton Thermos,40113,2,12-04-25,Canceled,,3%
fk-5152,Customer_4152,Beauty,Nivea Lotion,24128,1,15-04-26,Pending,,11
fk-5152,Customer_4152,Beauty,Nivea Lotion,24128,1,15-04-26,Pending,,11
FK-5153,Customer_4153,Electronics,Sony Headphones,,two,Dec 01 2025,Delivered,Kolkata,8
FK-5154,Customer_4154,Shoes,Adidas Sliders,10759,3,24-05-25,Returned,Kolkata,NULL
FK-5155,Customer_4155,Books,Python Crash Course,31130,1,04-03-25,Delivered,Hyd,
FK-5156,Customer_4156,Clothing,Women's Kurta,40268,2,19-02-25,Delivered,Delhi,20
FK-5157,Customer_4157,Shoes,Nike Running Shoes,Rs. 26494,1,15-04-25,returned,Pune,19
5158,Customer_4158,Shoes,Adidas Sliders,74324,1,11-03-26,Canceled,BLR,
FK-5159,Customer_4159,Clothing,Saree,70602,3,21-09-25,delivered,Hyderabad,8
FK-5160,Customer_4160,clothing,Jeans,₹61012,1,16-06-25,Delivered,Delhi,23
5161,Customer_4161,Beauty,Maybelline Lipstick,747,3,21-01-26,Canceled,Kolkata,14
FK-5162,Customer_4162,Home & Kitchen,Bajaj Iron,35144,2,09-07-25,Delivered,Mumbai,21
FK-5163,Customer_4163,Books,Python Crash Course,63473,1,,delivered,Delhi,23
FK-5164,Customer_4164,Home & Kitchen,Pigeon Gas Stove,Rs. 62494,999,06-01-25,Shipped,Gurgaon,27
FK-5165,Customer_4165,Home & Kitchen,Bajaj Iron,60814,1,19-04-25,delivered,Chennai,5
FK-5166,,Home & Kitchen,Pigeon Gas Stove,65780,1,25-09-25,delivered,Hyderabad,21
5167,Customer_4167,Home & Kitchen,Pigeon Gas Stove,23253,1,30-06-25,Pending,Pune,20
FK-5168,Customer_4168,Books,Python Crash Course,-47225,2,08-11-25,Canceled,Mumbai,3
FK-5169,Customer_4169,clothing,Jeans,45020,4,03-11-25,delivered,Pune,6
FK-5170,Customer_4170,Home & Kitchen,Prestige Cooker,13106,3,25-01-25,Shipped,Kolkata,
FK-5171,Customer_4171,Books,Atomic Habits,55836,2,12-04-26,Delivered,Hyderabad,N/A
FK-5172,Customer_4172,Beauty,Maybelline Lipstick,-10843,1,05-11-25,Canceled,Kolkata,8%
FK-5173,Customer_4173,Electronics,Dell Mouse,73578,1,20-05-25,delivered,Hyderabad,27
FK-5174,Customer_4174,Shoes,Puma Sneakers,Rs. 7720,2,19-12-25,Returned,Delhi,3
FK-5175,Customer_4175,Home & Kitchen,Bajaj Iron,61118,1,15-05-25,returned,Delhi,23
FK-5176,Customer_4176,Beauty,Lakme Eyeliner,40002,2,26-04-26,delivered,Hyderabad,14
FK-5177,Customer_4177,Electronics,Sony Headphones,12446,1,11-05-25,Pending,,24
5178,Customer_4178,shoes,Puma Sneakers,Rs. 34218,1,08-02-25,Pending,Bengaluru,NULL
5179,Customer_4179,Books,Dune,,1,13-05-25,Shipped,Gurgaon,16
5180,Customer_4180,clothing,Men's T-Shirt,26250,1,Jan 28 2025,Shipped,Gurgaon,23
FK-5181,Customer_4181,Books,Dune,23788,1,13-01-25,Returned,Bengaluru,NULL
FK-5182,Customer_4182,Electronics,Samsung Galaxy M14,-10111,1,22-02-25,returned,Mumbai,24
FK-5183,,Shoes,Adidas Sliders,,1,Mar 22 2026,Canceled,Gurgaon,22
FK-5184,Customer_4184,,Samsung Galaxy M14,9337,1,22-03-26,Delivered,Pune,22
FK-5185,Customer_4185,Shoes,Adidas Sliders,26265,1,12-01-26,Pending,Hyd,14
FK-5186,Customer_4186,Books,Rich Dad Poor Dad,42175,1,27-03-26,delivered,Gurgaon,6
FK-5187,,Electronics,Apple iPhone 15,31326,2,16-02-25,Returned,Mumbai,13%
FK-5188,Customer_4188,,Dell Mouse,71204,2,16-07-25,delivered,BLR,23
FK-5189,Customer_4189,Electronics,Dell Mouse,Rs. 74386,1,23-12-25,Delivered,Pune,NULL
FK-5190,Customer_4190,Clothing,Men's T-Shirt,63718,two,31-07-25,Delivered,Gurgaon,NULL
FK-5191,Customer_4191,Clothing,Saree,73324,1,23-12-25,Shipped,Hyd,22
FK-5192,Customer_4192,shoes,Adidas Sliders,35554,3,,Pending,Gurgaon,5%
FK-5193,,Shoes,Adidas Sliders,26718,1,04-04-26,delivered,BLR,22
FK-5194,Customer_4194,CLOTHING,Women's Kurta,67060,1,03-09-25,Returned,BLR,20
FK-5195,Customer_4195,Electronics,Sony Headphones,23585,4,10-02-25,delivered,BLR,5
FK-5196,Customer_4196,Clothing,Saree,47585,1,20-01-26,delivered,BLR,24%
FK-5197,Customer_4197,Clothing,Saree,45978,1,Feb 21 2026,delivered,Gurgaon,11%
FK-5198,Customer_4198,Electronics,Dell Mouse,Rs. 2634,1,07-07-25,Delivered,Hyd,27
FK-5199,Customer_4199,,Sony Headphones,42309,1,04-09-25,Pending,Gurgaon,20
FK-5200,Customer_4200,Clothing,Saree,73398,two,17-05-25,Shipped,Kolkata,
FK-5201,Customer_4201,Shoes,Puma Sneakers,59902,5,05-03-26,Pending,BLR,14
FK-5202,Customer_4202,Books,Python Crash Course,20304,1,13-07-25,returned,Delhi,6%
FK-5203,Customer_4203,Clothing,Saree,31580,2,29-01-25,Delivered,BLR,NULL
FK-5204,Customer_4204,Books,Atomic Habits,23848,1,18-07-25,Delivered,Delhi,16
FK-5205,Customer_4205,,Sony Headphones,,2,Aug 19 2025,delivered,Delhi,19
FK-5206,Customer_4206,clothing,Women's Kurta,45693,1,23-04-26,Canceled,Gurgaon,21
FK-5207,Customer_4207,Home & Kitchen,Pigeon Gas Stove,Rs. 13873,4,30-10-25,delivered,Gurgaon,19
FK-5208,Customer_4208,Clothing,Women's Kurta,43913,1,08-03-26,returned,Bengaluru,12
5209,Customer_4209,Books,Atomic Habits,,1,Apr 21 2025,Returned,Gurgaon,9
FK-5210,Customer_4210,,Boat Airdopes,53995,1,29-04-26,delivered,Hyderabad,24%
FK-5211,Customer_4211,Clothing,Men's T-Shirt,47875,1,Dec 11 2025,Canceled,Gurgaon,21
FK-5212,Customer_4212,Shoes,Adidas Sliders,37798,2,23-01-25,returned,Bengaluru,15
FK-5213,Customer_4213,Shoes,Adidas Sliders,5919,1,24-07-25,Shipped,Kolkata,14
FK-5214,Customer_4214,Beauty,Lakme Eyeliner,17618,1,24-03-25,Pending,Hyd,1
FK-5215,Customer_4215,Books,Dune,47364,1,21-01-26,delivered,,14
FK-5216,Customer_4216,Clothing,Saree,7811,3,Dec 25 2025,delivered,,
FK-5217,Customer_4217,Electronics,Sony Headphones,Rs. 1732,1,21-10-25,returned,Bengaluru,7
FK-5218,Customer_4218,Shoes,Puma Sneakers,29046,1,21-05-25,Pending,Pune,10
FK-5219,Customer_4219,books,Dune,22666,1,11-01-25,returned,Hyd,N/A
FK-5220,Customer_4220,Home & Kitchen,Bajaj Iron,₹15114,3,21-04-25,Pending,Mumbai,9
FK-5221,Customer_4221,Clothing,Women's Kurta,7763,3,06-04-26,Canceled,Chennai,12%
fk-5222,Customer_4222,BOOKS,Dune,28319,1,08-01-25,delivered,Kolkata,1
FK-5223,Customer_4223,Beauty,Lakme Eyeliner,35325,1,18-11-25,delivered,Hyderabad,28
fk-5224,,Shoes,Puma Sneakers,25683,1,24-08-25,returned,Delhi,5
FK-5225,Customer_4225,HOME & KITCHEN,Prestige Cooker,38383,1,22-04-26,Returned,Mumbai,
FK-5226,,shoes,Nike Running Shoes,49582,3,13-10-25,Returned,BLR,22
FK-5227,Customer_4227,,Boat Airdopes,68117,1,24-07-25,Returned,Hyd,23
FK-5228,Customer_4228,Shoes,Nike Running Shoes,₹72987,1,25-01-26,Returned,Pune,29
FK-5229,Customer_4229,Clothing,Jacket,46382,1,09-10-25,Pending,Delhi,
FK-5230,Customer_4230,Shoes,Adidas Sliders,20254,2,30-07-25,delivered,Hyderabad,23
FK-5231,Customer_4231,shoes,Adidas Sliders,Rs. 21282,999,02-10-25,returned,Gurgaon,27
FK-5232,Customer_4232,Books,Python Crash Course,29845,1,05-05-26,Pending,Chennai,21%
FK-5233,Customer_4233,Shoes,Nike Running Shoes,13513,2,26-02-26,delivered,BLR,4
FK-5234,Customer_4234,Home & Kitchen,Prestige Cooker,18987,1,27-04-25,returned,Gurgaon,10
FK-5235,Customer_4235,Shoes,Adidas Sliders,1131,one,11-05-26,returned,Bengaluru,15
FK-5236,Customer_4236,Home & Kitchen,Pigeon Gas Stove,Rs. 22513,1,May 01 2025,Canceled,Mumbai,7
FK-5237,Customer_4237,Shoes,Nike Running Shoes,-44150,2,22-03-26,Returned,Kolkata,2
FK-5238,,Shoes,Nike Running Shoes,19072,1,,Shipped,,19
FK-5239,Customer_4239,Home & Kitchen,Milton Thermos,,1,05-04-25,Pending,Delhi,16
FK-5240,Customer_4240,Shoes,Adidas Sliders,₹43759,1,,Delivered,Kolkata,21%
FK-5241,Customer_4241,Beauty,Lakme Eyeliner,₹48434,2,07-06-25,Returned,Bengaluru,6
FK-5242,,Beauty,Nivea Lotion,33413,two,13-04-26,Delivered,Gurgaon,30%
FK-5243,Customer_4243,Home & Kitchen,Pigeon Gas Stove,38388,3,01-01-26,returned,Chennai,21
FK-5244,Customer_4244,clothing,Saree,64435,2,10-02-25,delivered,Mumbai,NULL
FK-5244,Customer_4244,clothing,Saree,64435,2,10-02-25,delivered,Mumbai,NULL
FK-5245,Customer_4245,Shoes,Adidas Sliders,28705,3,30-03-26,Delivered,Chennai,6
FK-5246,Customer_4246,Electronics,Samsung Galaxy M14,899,two,10-01-25,delivered,Bengaluru,23
FK-5247,Customer_4247,Clothing,Women's Kurta,60705,1,24-03-26,returned,Chennai,14%
FK-5248,Customer_4248,Electronics,Apple iPhone 15,45258,1,11-11-25,Pending,Bengaluru,
FK-5249,Customer_4249,Home & Kitchen,Prestige Cooker,₹39179,3,23-06-25,Returned,BLR,23
FK-5249,Customer_4249,Home & Kitchen,Prestige Cooker,₹39179,3,23-06-25,Returned,BLR,23
FK-5250,Customer_4250,Clothing,Saree,54808,2,19-05-25,Delivered,Bengaluru,28
FK-5251,Customer_4251,Electronics,Apple iPhone 15,48162,1,29-01-26,delivered,BLR,16
FK-5252,Customer_4252,Clothing,Jacket,33529,1,09-03-26,returned,Pune,
FK-5253,Customer_4253,books,Dune,7668,1,12-02-25,Shipped,Pune,11
FK-5254,Customer_4254,Home & Kitchen,Pigeon Gas Stove,31065,2,07-06-25,Canceled,Bengaluru,18
FK-5255,Customer_4255,Shoes,Nike Running Shoes,₹72930,3,04-02-26,Shipped,Kolkata,9
FK-5256,Customer_4256,home & kitchen,Pigeon Gas Stove,28225,-1,08-01-25,Shipped,Mumbai,26
FK-5257,Customer_4257,Clothing,Women's Kurta,12748,1,08-03-26,returned,Bengaluru,17
FK-5258,Customer_4258,Beauty,Maybelline Lipstick,-3495,2,09-07-25,Canceled,Chennai,30
FK-5259,Customer_4259,Books,Rich Dad Poor Dad,14301,1,29-03-26,Shipped,Pune,N/A
FK-5260,Customer_4260,Electronics,Apple iPhone 15,Rs. 64048,1,24-03-25,Delivered,Hyd,17
FK-5261,Customer_4261,Electronics,Sony Headphones,64672,2,May 29 2025,Pending,BLR,24
FK-5262,,clothing,Jacket,₹59081,1,31-03-25,returned,Gurgaon,25
FK-5263,Customer_4263,Clothing,Jeans,5889,1,12-01-25,returned,Mumbai,10
fk-5264,Customer_4264,HOME & KITCHEN,Prestige Cooker,,1,15-12-25,delivered,BLR,8
FK-5265,Customer_4265,Beauty,Lakme Eyeliner,69034,4,04-05-25,Shipped,Pune,27
FK-5266,Customer_4266,Books,Python Crash Course,Rs. 37637,1,04-09-25,Returned,Gurgaon,18
FK-5267,Customer_4267,Home & Kitchen,Prestige Cooker,16329,1,,Shipped,Delhi,15
FK-5268,Customer_4268,Shoes,Puma Sneakers,,,28-06-25,delivered,Pune,13
FK-5269,Customer_4269,Clothing,Saree,₹71185,2,05-12-25,Returned,Mumbai,12
FK-5270,Customer_4270,Beauty,Maybelline Lipstick,72214,1,09-05-26,returned,Gurgaon,4
5271,Customer_4271,Shoes,Adidas Sliders,13435,1,31-07-25,Returned,Kolkata,N/A
FK-5272,Customer_4272,Home & Kitchen,Bajaj Iron,73409,two,05-05-25,Pending,Gurgaon,25
FK-5273,Customer_4273,Clothing,Jacket,49278,1,10-05-26,delivered,Chennai,
FK-5274,Customer_4274,Home & Kitchen,Prestige Cooker,Rs. 15202,1,15-02-26,Canceled,BLR,2
FK-5275,Customer_4275,Books,Rich Dad Poor Dad,48986,3,May 26 2025,Delivered,,13
FK-5276,Customer_4276,Beauty,Nivea Lotion,-37034,3,28-04-25,returned,Pune,23
FK-5277,Customer_4277,Clothing,Saree,52774,1,05-09-25,Shipped,Hyderabad,21
FK-5278,Customer_4278,Home & Kitchen,Milton Thermos,Rs. 33328,1,,Delivered,Kolkata,25
FK-5279,Customer_4279,Home & Kitchen,Bajaj Iron,8726,1,06-08-25,Canceled,Bengaluru,13
5280,Customer_4280,SHOES,Adidas Sliders,27453,2,31-12-25,Canceled,Delhi,6%
FK-5281,Customer_4281,Home & Kitchen,Bajaj Iron,-45712,1,13-05-26,Returned,Kolkata,19
FK-5282,Customer_4282,BOOKS,Dune,42865,1,27-02-25,Returned,BLR,30
FK-5283,Customer_4283,Home & Kitchen,Milton Thermos,58014,2,25-05-25,Shipped,Gurgaon,30
FK-5284,Customer_4284,Electronics,HP Pavilion Laptop,Rs. 23619,4,09-08-25,Pending,Chennai,5
fk-5285,Customer_4285,Home & Kitchen,Bajaj Iron,7979,3,03-03-26,delivered,,24
FK-5286,Customer_4286,Shoes,Adidas Sliders,32505,2,02-05-26,Canceled,Hyd,1
FK-5287,Customer_4287,Home & Kitchen,Milton Thermos,13864,1,04-02-25,returned,Kolkata,27
fk-5288,Customer_4288,Home & Kitchen,Milton Thermos,21535,1,04-03-25,Returned,Delhi,4
FK-5289,Customer_4289,Books,Rich Dad Poor Dad,,2,03-01-26,Returned,Mumbai,
FK-5290,Customer_4290,Home & Kitchen,Pigeon Gas Stove,₹25713,1,23-12-25,Canceled,BLR,N/A
FK-5291,Customer_4291,electronics,Dell Mouse,70751,2,08-06-25,Pending,Mumbai,22
FK-5292,Customer_4292,Electronics,Samsung Galaxy M14,68929,1,11-01-26,Canceled,Bengaluru,15
FK-5293,Customer_4293,Electronics,Samsung Galaxy M14,51905,1,10-02-25,Pending,BLR,NULL
FK-5294,Customer_4294,Electronics,Boat Airdopes,₹59131,1,04-01-25,Shipped,Delhi,5
FK-5295,Customer_4295,Electronics,Dell Mouse,-45143,1,09-04-25,returned,Chennai,16
FK-5296,Customer_4296,Books,Rich Dad Poor Dad,₹22622,1,14-07-25,returned,BLR,30
FK-5297,Customer_4297,Books,Dune,2151,5,23-04-25,Shipped,Hyderabad,0
FK-5298,Customer_4298,Electronics,Sony Headphones,Rs. 62899,4,22-02-26,returned,Hyd,24%
FK-5299,Customer_4299,Electronics,HP Pavilion Laptop,62776,1,09-03-25,Shipped,Kolkata,20
FK-5300,Customer_4300,Clothing,Women's Kurta,28322,1,,Shipped,Bengaluru,NULL
FK-5301,Customer_4301,Electronics,Sony Headphones,7037,1,14-02-26,Canceled,Hyderabad,27
5302,Customer_4302,Home & Kitchen,Pigeon Gas Stove,Rs. 61180,1,01-03-26,Returned,Mumbai,30
FK-5303,Customer_4303,Home & Kitchen,Bajaj Iron,,2,Apr 09 2026,delivered,Hyd,20
FK-5304,Customer_4304,home & kitchen,Milton Thermos,61691,1,08-03-25,Canceled,Chennai,12
FK-5305,Customer_4305,Electronics,Boat Airdopes,7487,1,08-04-25,Canceled,BLR,
FK-5306,Customer_4306,Books,Rich Dad Poor Dad,-11330,1,Jul 31 2025,Canceled,Hyderabad,28
FK-5307,Customer_4307,Beauty,Lakme Eyeliner,2487,4,16-05-26,Pending,BLR,15
FK-5308,Customer_4308,BEAUTY,Nivea Lotion,57486,1,20-01-25,returned,Hyderabad,3
FK-5309,Customer_4309,Clothing,Men's T-Shirt,60783,2,May 10 2025,delivered,Hyderabad,17
FK-5310,Customer_4310,,Apple iPhone 15,62766,1,07-01-26,Shipped,,NULL
FK-5311,Customer_4311,Books,Rich Dad Poor Dad,50236,2,24-03-26,delivered,Kolkata,8
FK-5311,Customer_4311,Books,Rich Dad Poor Dad,50236,2,24-03-26,delivered,Kolkata,8
FK-5312,Customer_4312,Clothing,Men's T-Shirt,Rs. 54890,2,08-01-25,returned,Gurgaon,21
FK-5313,Customer_4313,Books,Python Crash Course,47661,1,22-02-25,Delivered,Kolkata,24
FK-5314,Customer_4314,Beauty,Lakme Eyeliner,56412,3,12-05-25,Returned,,16
5315,Customer_4315,clothing,Jeans,2882,1,13-05-26,Returned,Hyderabad,N/A
5316,Customer_4316,Electronics,Apple iPhone 15,71320,2,08-05-26,Pending,,
5317,Customer_4317,Beauty,Lakme Eyeliner,70000,1,May 24 2025,Pending,Hyderabad,
FK-5318,Customer_4318,Shoes,Nike Running Shoes,46855,1,23-04-26,returned,Chennai,16
FK-5319,Customer_4319,Beauty,Lakme Eyeliner,₹35050,1,25-04-26,Returned,Chennai,27
FK-5320,Customer_4320,Electronics,Boat Airdopes,55299,-1,03-02-25,returned,Mumbai,5
FK-5321,Customer_4321,Shoes,Puma Sneakers,23931,3,04-09-25,returned,Mumbai,NULL
FK-5322,Customer_4322,Home & Kitchen,Pigeon Gas Stove,₹23826,2,06-08-25,returned,BLR,N/A
FK-5323,Customer_4323,Books,Rich Dad Poor Dad,26071,1,21-07-25,Returned,Hyd,
FK-5324,Customer_4324,Home & Kitchen,Prestige Cooker,₹6275,1,11-05-25,Delivered,Kolkata,19
FK-5325,Customer_4325,home & kitchen,Pigeon Gas Stove,68552,1,08-03-26,returned,Chennai,23
FK-5326,Customer_4326,Beauty,Lakme Eyeliner,Rs. 44781,1,07-05-25,Pending,Delhi,6
fk-5327,Customer_4327,Shoes,Nike Running Shoes,74287,3,04-02-25,Shipped,Delhi,19
FK-5328,Customer_4328,Shoes,Nike Running Shoes,73469,1,,delivered,Gurgaon,
FK-5329,Customer_4329,Electronics,Sony Headphones,73682,2,16-04-26,returned,Bengaluru,6
FK-5330,Customer_4330,Clothing,Saree,35294,1,11-01-25,Delivered,Gurgaon,15
FK-5331,Customer_4331,Clothing,Men's T-Shirt,74465,1,22-03-25,Pending,Chennai,30%
FK-5332,Customer_4332,Home & Kitchen,Prestige Cooker,₹71622,,02-02-25,delivered,Pune,3%
FK-5333,Customer_4333,Beauty,Maybelline Lipstick,₹5626,2,12-05-25,delivered,BLR,10
FK-5334,Customer_4334,Shoes,Adidas Sliders,₹10256,1,09-01-25,Pending,BLR,13
FK-5335,Customer_4335,Clothing,Saree,,1,31-01-26,Returned,BLR,11%
FK-5336,Customer_4336,Electronics,HP Pavilion Laptop,60303,2,05-03-26,Shipped,BLR,5
FK-5337,Customer_4337,Books,Python Crash Course,40129,1,Jan 17 2026,returned,Chennai,16
FK-5338,Customer_4338,Beauty,Nivea Lotion,60846,2,31-01-25,Delivered,Bengaluru,NULL
FK-5339,Customer_4339,Electronics,Samsung Galaxy M14,27392,1,14-04-26,Pending,Pune,19%
FK-5340,Customer_4340,electronics,Apple iPhone 15,₹62687,1,27-07-25,delivered,Kolkata,11
FK-5341,Customer_4341,Books,Rich Dad Poor Dad,,1,Apr 08 2026,returned,Bengaluru,20
5342,Customer_4342,Shoes,Adidas Sliders,₹66091,1,17-08-25,Canceled,Bengaluru,N/A
FK-5343,Customer_4343,Beauty,Nivea Lotion,₹65190,1,Nov 01 2025,Pending,Hyd,3
FK-5344,Customer_4344,Electronics,Boat Airdopes,31488,1,Oct 01 2025,Shipped,Pune,10%
FK-5345,,Books,Rich Dad Poor Dad,₹9793,1,20-12-25,Returned,Chennai,1
FK-5346,Customer_4346,Electronics,Apple iPhone 15,35668,,27-10-25,Pending,,21
FK-5347,Customer_4347,Electronics,Samsung Galaxy M14,16071,1,06-10-25,Returned,Hyd,19
FK-5348,Customer_4348,Beauty,Nivea Lotion,43352,1,22-02-26,Canceled,Pune,4
FK-5348,Customer_4348,Beauty,Nivea Lotion,43352,1,22-02-26,Canceled,Pune,4
FK-5349,Customer_4349,Books,Dune,937,1,27-02-25,Returned,Kolkata,1
FK-5350,Customer_4350,Electronics,Boat Airdopes,38967,1,27-08-25,Shipped,Delhi,3
FK-5351,Customer_4351,Books,Dune,5716,4,Dec 13 2025,Shipped,Gurgaon,28
FK-5352,Customer_4352,Clothing,Jeans,3720,3,05-04-26,Delivered,Chennai,21%
FK-5353,,beauty,Maybelline Lipstick,8754,4,Feb 15 2025,returned,Bengaluru,2
FK-5354,Customer_4354,Beauty,Lakme Eyeliner,₹15922,2,17-02-26,Shipped,Hyd,25%
FK-5355,Customer_4355,Beauty,Nivea Lotion,22819,5,09-04-26,delivered,Chennai,30
FK-5356,Customer_4356,Home & Kitchen,Milton Thermos,10042,1,15-08-25,Shipped,Mumbai,2%
FK-5357,Customer_4357,Beauty,Nivea Lotion,Rs. 73932,1,26-04-25,Delivered,Gurgaon,14
FK-5358,Customer_4358,Electronics,Boat Airdopes,61165,1,,Shipped,Hyd,10
FK-5359,Customer_4359,Shoes,Nike Running Shoes,2400,2,28-06-25,Shipped,Hyderabad,13
FK-5360,Customer_4360,Shoes,Puma Sneakers,59460,2,14-02-25,returned,Hyd,4
FK-5361,Customer_4361,Books,Python Crash Course,-10599,4,08-04-26,delivered,Kolkata,N/A
FK-5362,Customer_4362,Shoes,Nike Running Shoes,33147,3,07-03-25,returned,Chennai,25
FK-5363,Customer_4363,Electronics,HP Pavilion Laptop,50105,1,01-02-26,delivered,Mumbai,16
FK-5364,Customer_4364,,Apple iPhone 15,51225,3,30-11-25,returned,Chennai,19
FK-5365,Customer_4365,,Dell Mouse,Rs. 29125,1,08-03-26,Shipped,Mumbai,13%
FK-5366,Customer_4366,Books,Rich Dad Poor Dad,₹25202,1,03-01-25,Pending,Pune,
FK-5367,Customer_4367,Beauty,Lakme Eyeliner,,1,09-06-25,returned,,16
FK-5368,Customer_4368,Clothing,Women's Kurta,Rs. 59393,1,02-07-25,Shipped,Pune,5
FK-5369,Customer_4369,Clothing,Saree,69379,1,27-08-25,returned,Gurgaon,NULL
fk-5370,Customer_4370,Home & Kitchen,Pigeon Gas Stove,36125,2,15-04-26,Returned,BLR,27
FK-5371,Customer_4371,Beauty,Maybelline Lipstick,Rs. 69389,1,09-08-25,Canceled,BLR,23
FK-5372,Customer_4372,,Boat Airdopes,-70176,5,01-07-25,Delivered,Chennai,N/A
FK-5373,Customer_4373,clothing,Saree,67238,2,05-02-26,Delivered,Mumbai,
FK-5374,Customer_4374,books,Python Crash Course,53237,1,08-07-25,Returned,Mumbai,7
FK-5375,Customer_4375,Beauty,Lakme Eyeliner,64392,1,10-06-25,Delivered,Hyderabad,6
FK-5376,Customer_4376,Books,Atomic Habits,₹17718,2,27-12-25,Returned,Gurgaon,18
5377,Customer_4377,Shoes,Nike Running Shoes,220,1,18-08-25,Shipped,Pune,8
FK-5378,Customer_4378,Beauty,Maybelline Lipstick,58786,4,05-07-25,Returned,,15
FK-5379,Customer_4379,Home & Kitchen,Prestige Cooker,42012,3,23-01-26,Pending,Bengaluru,1
FK-5379,Customer_4379,Home & Kitchen,Prestige Cooker,42012,3,23-01-26,Pending,Bengaluru,1
FK-5380,Customer_4380,Shoes,Nike Running Shoes,32547,1,Aug 01 2025,delivered,Pune,NULL
FK-5381,Customer_4381,Beauty,Maybelline Lipstick,32150,1,27-06-25,returned,Gurgaon,3
FK-5382,Customer_4382,Shoes,Nike Running Shoes,54236,2,08-04-25,delivered,Bengaluru,24
FK-5383,Customer_4383,Books,Dune,23230,1,05-07-25,Shipped,,3%
FK-5384,Customer_4384,Beauty,Lakme Eyeliner,74128,1,15-03-26,returned,,5
FK-5384,Customer_4384,Beauty,Lakme Eyeliner,74128,1,15-03-26,returned,,5
FK-5385,Customer_4385,Shoes,Puma Sneakers,8294,1,07-05-26,Canceled,Delhi,N/A
FK-5386,Customer_4386,Clothing,Men's T-Shirt,14371,2,26-05-25,Delivered,,N/A
fk-5387,Customer_4387,books,Python Crash Course,₹54251,1,11-11-25,Returned,Kolkata,6
FK-5388,Customer_4388,Shoes,Adidas Sliders,₹4605,2,20-07-25,returned,Chennai,8
fk-5389,Customer_4389,HOME & KITCHEN,Prestige Cooker,34209,,16-05-25,Delivered,Bengaluru,N/A
FK-5390,Customer_4390,Books,Rich Dad Poor Dad,28338,1,08-01-25,delivered,Bengaluru,5
FK-5391,Customer_4391,Books,Rich Dad Poor Dad,71538,3,Jun 04 2025,Returned,Bengaluru,5
FK-5392,Customer_4392,Clothing,Jeans,38267,1,17-05-25,delivered,,30%
FK-5393,Customer_4393,Clothing,Jeans,831,1,11-05-26,Shipped,Hyd,24
FK-5394,Customer_4394,Clothing,Saree,64820,1,14-05-25,Canceled,Pune,10
FK-5395,Customer_4395,Home & Kitchen,Bajaj Iron,74053,1,17-10-25,Pending,Delhi,9
fk-5396,Customer_4396,Books,Python Crash Course,Rs. 13443,4,01-01-26,Delivered,Chennai,11%
FK-5397,Customer_4397,Electronics,Samsung Galaxy M14,5550,1,03-05-25,returned,Hyderabad,7
FK-5398,Customer_4398,Books,Python Crash Course,45606,1,Aug 12 2025,Shipped,Kolkata,1
FK-5399,Customer_4399,Electronics,Samsung Galaxy M14,58106,1,28-01-26,Shipped,Delhi,3%
FK-5400,Customer_4400,Clothing,Saree,-49837,1,28-03-26,Returned,Bengaluru,5
FK-5401,Customer_4401,,HP Pavilion Laptop,Rs. 5330,3,11-07-25,Pending,Delhi,24
FK-5402,Customer_4402,Home & Kitchen,Pigeon Gas Stove,₹26453,1,27-02-25,Shipped,Gurgaon,7
FK-5403,Customer_4403,,Boat Airdopes,17296,999,02-09-25,Pending,Delhi,23%
FK-5403,Customer_4403,,Boat Airdopes,17296,999,02-09-25,Pending,Delhi,23%
FK-5404,Customer_4404,Shoes,Adidas Sliders,49663,1,Jun 20 2025,returned,Delhi,5
FK-5405,Customer_4405,Books,Rich Dad Poor Dad,61871,1,20-05-25,Canceled,Bengaluru,2%
FK-5406,Customer_4406,Beauty,Lakme Eyeliner,68213,1,23-10-25,Pending,Hyderabad,0
5407,Customer_4407,Home & Kitchen,Pigeon Gas Stove,-24147,1,,Canceled,Pune,26
FK-5408,Customer_4408,Electronics,Samsung Galaxy M14,-52726,1,16-05-25,Returned,Hyderabad,6
fk-5409,Customer_4409,Clothing,Women's Kurta,9333,2,17-08-25,returned,,5
FK-5410,Customer_4410,Clothing,Jacket,58548,1,24-02-25,returned,Gurgaon,29%
FK-5411,Customer_4411,shoes,Puma Sneakers,36778,1,Jan 25 2026,Shipped,Mumbai,27
FK-5412,Customer_4412,Clothing,Women's Kurta,70845,2,17-02-26,Shipped,Pune,
FK-5413,Customer_4413,ELECTRONICS,Apple iPhone 15,,1,06-03-25,Canceled,Delhi,22
FK-5414,Customer_4414,beauty,Maybelline Lipstick,₹19533,1,02-12-25,Canceled,Hyd,
FK-5415,Customer_4415,clothing,Jacket,Rs. 11741,2,Apr 21 2026,delivered,Hyderabad,2
FK-5416,Customer_4416,shoes,Puma Sneakers,28913,3,Apr 17 2026,delivered,Hyderabad,N/A
5417,,,Samsung Galaxy M14,26050,2,,returned,Bengaluru,N/A
FK-5418,Customer_4418,Shoes,Nike Running Shoes,Rs. 44997,,29-01-26,returned,Gurgaon,8
FK-5419,Customer_4419,Shoes,Nike Running Shoes,50768,1,08-04-26,Delivered,Delhi,8
FK-5420,Customer_4420,Electronics,Samsung Galaxy M14,45412,2,19-06-25,returned,Kolkata,30
FK-5421,Customer_4421,Shoes,Puma Sneakers,36269,1,10-06-25,returned,Bengaluru,12
5422,Customer_4422,Home & Kitchen,Pigeon Gas Stove,74510,1,19-02-26,Pending,Bengaluru,11
FK-5423,Customer_4423,Clothing,Women's Kurta,₹38989,1,03-04-26,returned,Delhi,29
FK-5424,Customer_4424,Home & Kitchen,Bajaj Iron,46970,4,07-04-26,delivered,Pune,25
FK-5425,Customer_4425,Books,Rich Dad Poor Dad,32341,2,29-08-25,Pending,Bengaluru,27
FK-5426,Customer_4426,Clothing,Saree,7494,5,24-09-25,returned,,10
FK-5427,Customer_4427,Books,Atomic Habits,16215,1,28-10-25,Delivered,Kolkata,9
FK-5428,Customer_4428,Home & Kitchen,Prestige Cooker,23159,1,,Pending,Mumbai,22
FK-5429,Customer_4429,Home & Kitchen,Prestige Cooker,1088,1,26-01-25,Shipped,Delhi,22%
FK-5430,Customer_4430,Home & Kitchen,Milton Thermos,16723,2,29-08-25,delivered,,11
FK-5431,Customer_4431,Electronics,HP Pavilion Laptop,58858,1,30-06-25,returned,Gurgaon,17
FK-5432,,Clothing,Jeans,6818,1,Jun 10 2025,delivered,,7
FK-5433,,Home & Kitchen,Milton Thermos,1933,1,11-01-26,delivered,,22
FK-5433,,Home & Kitchen,Milton Thermos,1933,1,11-01-26,delivered,,22
FK-5434,Customer_4434,Beauty,Nivea Lotion,Rs. 40447,3,21-02-26,Shipped,Gurgaon,N/A
FK-5435,Customer_4435,Electronics,Apple iPhone 15,Rs. 13008,2,29-09-25,Delivered,Kolkata,1
FK-5436,Customer_4436,Clothing,Saree,10960,4,11-06-25,Pending,Bengaluru,14
FK-5437,Customer_4437,Beauty,Nivea Lotion,39841,3,10-05-26,returned,Chennai,N/A
fk-5438,Customer_4438,Home & Kitchen,Bajaj Iron,₹48312,5,07-03-25,Canceled,Delhi,6
FK-5439,Customer_4439,electronics,Boat Airdopes,Rs. 14498,1,01-03-26,Returned,Mumbai,15
FK-5440,Customer_4440,beauty,Nivea Lotion,,1,17-04-25,Shipped,Bengaluru,17
FK-5441,,Clothing,Men's T-Shirt,6542,1,Mar 28 2025,Shipped,Mumbai,3%
FK-5442,Customer_4442,Books,Python Crash Course,,2,07-01-26,Shipped,Delhi,1
FK-5443,Customer_4443,Books,Python Crash Course,48300,1,02-08-25,Canceled,Hyd,4
FK-5444,Customer_4444,Home & Kitchen,Prestige Cooker,₹50293,5,09-08-25,Pending,Bengaluru,29
FK-5445,Customer_4445,Electronics,Samsung Galaxy M14,,-1,26-03-25,Canceled,Chennai,14
FK-5446,Customer_4446,Shoes,Puma Sneakers,40384,999,17-03-26,Shipped,Gurgaon,22
FK-5447,Customer_4447,Beauty,Lakme Eyeliner,72480,4,,Shipped,Mumbai,18%
5448,Customer_4448,books,Atomic Habits,46353,3,20-11-25,Canceled,Kolkata,25
FK-5449,Customer_4449,Home & Kitchen,Milton Thermos,-66579,1,13-12-25,returned,Gurgaon,1%
FK-5450,Customer_4450,Home & Kitchen,Bajaj Iron,50191,1,,Delivered,Chennai,1
FK-5451,Customer_4451,Beauty,Nivea Lotion,43929,1,09-03-26,returned,Bengaluru,3
FK-5452,Customer_4452,Books,Dune,Rs. 39225,2,30-10-25,delivered,Gurgaon,17%
FK-5453,Customer_4453,Electronics,Samsung Galaxy M14,49536,1,11-11-25,delivered,Hyderabad,18
FK-5454,Customer_4454,Books,Atomic Habits,20125,1,25-03-25,returned,Bengaluru,28
fk-5455,Customer_4455,Electronics,Sony Headphones,-8460,1,27-11-25,returned,Gurgaon,8
FK-5456,Customer_4456,Clothing,Jeans,-29980,1,Oct 30 2025,Canceled,Kolkata,20
FK-5457,Customer_4457,Home & Kitchen,Milton Thermos,48704,1,02-02-26,Shipped,Delhi,24
FK-5458,Customer_4458,Books,Rich Dad Poor Dad,18590,2,20-12-25,Delivered,Delhi,21
FK-5459,Customer_4459,shoes,Puma Sneakers,11149,1,17-02-26,Delivered,Delhi,19
FK-5460,Customer_4460,Clothing,Jeans,7812,1,15-02-26,Shipped,Hyderabad,27
FK-5461,Customer_4461,CLOTHING,Jacket,18027,4,08-01-26,Shipped,,13%
FK-5462,Customer_4462,BOOKS,Rich Dad Poor Dad,42155,1,11-04-26,delivered,Kolkata,2
FK-5463,Customer_4463,Beauty,Lakme Eyeliner,₹43659,1,03-09-25,Delivered,Delhi,
FK-5464,Customer_4464,Home & Kitchen,Prestige Cooker,47145,1,20-05-25,returned,Chennai,
FK-5465,,Shoes,Adidas Sliders,4650,2,02-11-25,Pending,,
FK-5466,Customer_4466,,Samsung Galaxy M14,-55059,1,17-01-25,Delivered,Chennai,17
FK-5467,Customer_4467,Clothing,Saree,72685,1,22-01-26,Delivered,,8
fk-5468,Customer_4468,Electronics,Samsung Galaxy M14,68570,2,08-02-26,returned,Delhi,29
FK-5469,Customer_4469,Beauty,Lakme Eyeliner,54700,1,03-04-26,Shipped,BLR,22
FK-5470,,electronics,Dell Mouse,47900,1,18-12-25,Pending,BLR,29
FK-5471,Customer_4471,Beauty,Maybelline Lipstick,₹40620,999,27-04-26,Returned,Mumbai,17
FK-5472,Customer_4472,Electronics,Sony Headphones,18436,2,07-09-25,Delivered,BLR,16
FK-5473,Customer_4473,Home & Kitchen,Pigeon Gas Stove,25465,3,08-12-25,delivered,Bengaluru,8%
FK-5474,Customer_4474,Beauty,Maybelline Lipstick,61274,4,Nov 27 2025,delivered,Pune,5
FK-5475,Customer_4475,Beauty,Maybelline Lipstick,50205,1,12-12-25,Canceled,BLR,15
FK-5476,Customer_4476,Beauty,Lakme Eyeliner,73992,3,Sep 06 2025,Returned,Pune,27
FK-5477,Customer_4477,Home & Kitchen,Prestige Cooker,Rs. 18904,1,14-10-25,Returned,Bengaluru,14
FK-5478,Customer_4478,home & kitchen,Pigeon Gas Stove,-27360,,06-10-25,Shipped,Gurgaon,16
FK-5479,Customer_4479,Beauty,Lakme Eyeliner,8073,3,May 09 2025,Returned,Chennai,9
FK-5480,Customer_4480,Books,Dune,Rs. 44350,4,May 25 2025,returned,Gurgaon,28
FK-5481,Customer_4481,Shoes,Puma Sneakers,18999,1,15-01-25,Delivered,Mumbai,8
FK-5482,Customer_4482,Beauty,Lakme Eyeliner,Rs. 16860,1,18-04-25,returned,BLR,24
FK-5483,Customer_4483,Books,Atomic Habits,40648,2,16-03-25,Canceled,BLR,0
FK-5484,Customer_4484,Shoes,Puma Sneakers,47173,3,24-07-25,delivered,Chennai,13%
FK-5485,,Books,Atomic Habits,10432,2,31-03-25,Pending,Kolkata,17
FK-5486,Customer_4486,BEAUTY,Nivea Lotion,Rs. 20432,4,08-10-25,Pending,Gurgaon,30
FK-5487,Customer_4487,Shoes,Adidas Sliders,,1,,Canceled,,29
FK-5488,Customer_4488,Shoes,Nike Running Shoes,54319,3,05-05-25,Pending,,N/A
FK-5489,Customer_4489,Home & Kitchen,Bajaj Iron,45241,3,22-02-26,returned,BLR,27
FK-5490,Customer_4490,Home & Kitchen,Bajaj Iron,13242,1,24-08-25,delivered,Bengaluru,22%
FK-5491,Customer_4491,Electronics,Dell Mouse,,2,08-11-25,returned,BLR,13
FK-5492,Customer_4492,Beauty,Maybelline Lipstick,63122,1,Mar 16 2026,Delivered,Chennai,14
FK-5493,Customer_4493,Electronics,Sony Headphones,73095,1,06-12-25,returned,Bengaluru,6
FK-5494,Customer_4494,Electronics,Boat Airdopes,18292,4,04-11-25,Returned,Hyd,NULL
FK-5495,Customer_4495,Home & Kitchen,Prestige Cooker,9663,2,13-02-25,returned,,NULL
FK-5496,Customer_4496,Shoes,Adidas Sliders,31091,1,15-12-25,returned,Pune,30
FK-5497,Customer_4497,Beauty,Nivea Lotion,64237,3,Sep 28 2025,Pending,Pune,16
FK-5498,Customer_4498,Home & Kitchen,Milton Thermos,34908,1,24-04-25,Delivered,Kolkata,16
FK-5499,Customer_4499,Beauty,Nivea Lotion,70658,1,26-04-26,returned,Pune,19
FK-5500,Customer_4500,Books,Python Crash Course,Rs. 24441,1,14-04-25,Canceled,Hyd,6%
FK-5501,Customer_4501,shoes,Adidas Sliders,38511,2,29-05-25,Delivered,Gurgaon,4
FK-5502,Customer_4502,Books,Atomic Habits,4834,2,,Delivered,BLR,14
FK-5503,Customer_4503,Home & Kitchen,Bajaj Iron,,1,08-03-25,delivered,Mumbai,29
FK-5504,Customer_4504,Shoes,Adidas Sliders,1049,1,19-11-25,Delivered,,5
FK-5505,Customer_4505,Books,Atomic Habits,₹34951,2,22-12-25,delivered,Pune,21
FK-5506,Customer_4506,Home & Kitchen,Pigeon Gas Stove,52062,-1,23-01-26,Delivered,Kolkata,17
FK-5507,Customer_4507,Clothing,Saree,,2,08-03-25,delivered,Delhi,29
FK-5508,,electronics,Boat Airdopes,52607,1,10-02-26,returned,Delhi,13
FK-5509,Customer_4509,Clothing,Saree,Rs. 21454,1,04-04-25,Shipped,Chennai,19
FK-5510,Customer_4510,Electronics,Boat Airdopes,9806,3,Jun 23 2025,Pending,,29
FK-5511,Customer_4511,Beauty,Lakme Eyeliner,31300,1,21-10-25,returned,,12
FK-5512,Customer_4512,Shoes,Adidas Sliders,26528,3,Apr 21 2025,Shipped,Bengaluru,11
FK-5513,Customer_4513,,Sony Headphones,5018,1,17-12-25,Pending,Hyderabad,18%
FK-5514,Customer_4514,books,Rich Dad Poor Dad,55658,2,01-05-25,returned,Gurgaon,6
FK-5515,Customer_4515,Clothing,Women's Kurta,31644,3,09-11-25,Pending,,28
FK-5516,Customer_4516,Clothing,Women's Kurta,-51426,1,,Shipped,Delhi,12
FK-5517,Customer_4517,Shoes,Nike Running Shoes,30457,two,06-09-25,Delivered,BLR,7
FK-5518,,Home & Kitchen,Pigeon Gas Stove,60723,1,08-10-25,Returned,Hyd,18
FK-5519,Customer_4519,CLOTHING,Jacket,4060,1,18-05-25,Delivered,Kolkata,7
FK-5520,,Clothing,Jacket,,1,31-01-26,Delivered,Hyderabad,9
FK-5521,Customer_4521,Shoes,Nike Running Shoes,26385,1,02-01-25,Canceled,Delhi,21
FK-5522,Customer_4522,Books,Atomic Habits,38929,2,05-03-25,delivered,Chennai,11
FK-5523,Customer_4523,Clothing,Jacket,18974,3,Apr 28 2025,Returned,,2
FK-5524,Customer_4524,Clothing,Saree,42086,2,16-06-25,returned,Kolkata,27
FK-5525,Customer_4525,Clothing,Women's Kurta,Rs. 33095,1,03-07-25,Canceled,Pune,28
FK-5526,Customer_4526,Electronics,Boat Airdopes,-23568,1,22-06-25,Pending,BLR,29
FK-5527,Customer_4527,Home & Kitchen,Milton Thermos,Rs. 53338,,15-10-25,returned,Gurgaon,25
fk-5528,Customer_4528,Home & Kitchen,Milton Thermos,32576,1,26-10-25,delivered,,22
FK-5529,Customer_4529,Beauty,Nivea Lotion,Rs. 3755,3,01-12-25,Returned,Kolkata,N/A
FK-5530,Customer_4530,home & kitchen,Pigeon Gas Stove,₹39561,1,Nov 10 2025,Canceled,Gurgaon,19
FK-5531,Customer_4531,BOOKS,Python Crash Course,44861,3,16-04-26,Canceled,Gurgaon,2
FK-5532,Customer_4532,Home & Kitchen,Milton Thermos,50032,2,31-12-25,Returned,,23
FK-5533,Customer_4533,Books,Dune,72006,1,03-05-26,Canceled,Hyd,
FK-5534,Customer_4534,Clothing,Jacket,,2,30-03-26,Delivered,Chennai,NULL
FK-5535,Customer_4535,Electronics,Apple iPhone 15,₹25958,2,04-11-25,returned,Kolkata,12
FK-5536,Customer_4536,Shoes,Nike Running Shoes,43651,1,07-03-26,Returned,Bengaluru,20
FK-5537,Customer_4537,Home & Kitchen,Bajaj Iron,18711,1,26-08-25,Canceled,Chennai,30
FK-5538,Customer_4538,Electronics,Samsung Galaxy M14,-60368,4,29-09-25,Pending,Kolkata,5%
FK-5539,Customer_4539,Clothing,Jacket,23417,3,28-01-25,delivered,Gurgaon,26
FK-5540,Customer_4540,Home & Kitchen,Prestige Cooker,35003,1,08-12-25,returned,Mumbai,2
FK-5541,Customer_4541,Home & Kitchen,Prestige Cooker,10193,1,15-05-26,Shipped,Pune,3%
FK-5542,Customer_4542,Electronics,HP Pavilion Laptop,Rs. 10905,one,18-02-25,Shipped,Mumbai,30
FK-5543,Customer_4543,Beauty,Nivea Lotion,63358,1,15-06-25,Pending,Gurgaon,22
FK-5544,Customer_4544,Home & Kitchen,Pigeon Gas Stove,56403,2,01-11-25,Delivered,Hyd,2%
FK-5545,Customer_4545,,Samsung Galaxy M14,32966,2,20-06-25,returned,Gurgaon,29
FK-5546,Customer_4546,Home & Kitchen,Milton Thermos,₹21678,1,17-05-25,Returned,Bengaluru,NULL
FK-5547,Customer_4547,Home & Kitchen,Pigeon Gas Stove,50746,1,23-07-25,Pending,Kolkata,28
FK-5548,Customer_4548,Clothing,Jacket,25022,2,Jan 31 2025,delivered,Hyderabad,30
FK-5549,Customer_4549,Books,Rich Dad Poor Dad,₹21769,1,19-02-25,returned,Hyderabad,13
5550,Customer_4550,Beauty,Lakme Eyeliner,,1,,returned,Hyd,6
FK-5551,Customer_4551,Shoes,Puma Sneakers,36241,1,25-03-26,Canceled,Hyd,1
FK-5552,Customer_4552,ELECTRONICS,Dell Mouse,6618,1,18-07-25,Pending,Delhi,27
FK-5553,Customer_4553,Clothing,Saree,12857,1,02-04-25,Pending,,18
FK-5554,Customer_4554,Electronics,Sony Headphones,58019,1,10-04-25,Delivered,Gurgaon,18
FK-5555,Customer_4555,Electronics,Samsung Galaxy M14,25480,2,24-02-26,Pending,Hyd,30
FK-5556,Customer_4556,Shoes,Puma Sneakers,14112,1,06-09-25,Delivered,Chennai,18
FK-5557,Customer_4557,Shoes,Nike Running Shoes,60571,2,11-02-25,Shipped,Mumbai,
FK-5558,Customer_4558,Shoes,Nike Running Shoes,20067,1,01-09-25,delivered,Bengaluru,NULL
FK-5559,Customer_4559,Shoes,Adidas Sliders,19509,3,06-07-25,delivered,Gurgaon,12
FK-5560,Customer_4560,Home & Kitchen,Bajaj Iron,₹13147,-1,04-08-25,returned,Pune,16
FK-5561,Customer_4561,Books,Atomic Habits,38706,1,21-04-26,Returned,,27
FK-5562,Customer_4562,Electronics,Sony Headphones,65001,2,06-05-26,Returned,BLR,29
FK-5563,Customer_4563,Home & Kitchen,Prestige Cooker,,4,03-05-26,returned,Pune,14
fk-5564,Customer_4564,Clothing,Jacket,56163,2,28-04-25,Delivered,,19
FK-5565,Customer_4565,Electronics,Sony Headphones,60646,2,09-05-25,Returned,Mumbai,28
FK-5566,Customer_4566,Electronics,Apple iPhone 15,₹40057,1,23-06-25,Returned,Chennai,4
FK-5567,Customer_4567,Shoes,Adidas Sliders,27225,3,15-01-25,Delivered,Pune,3
FK-5568,Customer_4568,Books,Python Crash Course,6657,2,26-07-25,Canceled,Pune,1
FK-5569,Customer_4569,Electronics,Apple iPhone 15,70522,1,25-09-25,returned,Hyderabad,19%
FK-5570,Customer_4570,Shoes,Adidas Sliders,20225,2,25-07-25,Canceled,Pune,15
FK-5571,Customer_4571,CLOTHING,Saree,49388,1,14-06-25,Delivered,Kolkata,26
FK-5572,Customer_4572,Beauty,Lakme Eyeliner,47337,two,21-03-26,Canceled,Hyderabad,29
FK-5573,Customer_4573,Home & Kitchen,Bajaj Iron,-44789,1,20-09-25,delivered,Delhi,10
FK-5574,Customer_4574,Home & Kitchen,Milton Thermos,₹65150,2,30-12-25,Canceled,Pune,0
FK-5575,Customer_4575,beauty,Nivea Lotion,8159,1,11-03-25,Delivered,Gurgaon,N/A
FK-5576,Customer_4576,Beauty,Lakme Eyeliner,28650,3,30-03-25,returned,Bengaluru,2
FK-5577,Customer_4577,Home & Kitchen,Pigeon Gas Stove,25214,3,01-10-25,Returned,Gurgaon,13
FK-5578,Customer_4578,Clothing,Jeans,48804,1,May 12 2026,Shipped,Kolkata,3
FK-5579,Customer_4579,ELECTRONICS,HP Pavilion Laptop,-21711,3,14-07-25,Shipped,Chennai,29
FK-5580,Customer_4580,Home & Kitchen,Pigeon Gas Stove,Rs. 35671,5,24-08-25,Returned,Hyd,7
FK-5581,Customer_4581,,Boat Airdopes,₹44767,2,01-02-25,Delivered,Hyd,22
FK-5582,Customer_4582,Books,Python Crash Course,₹63104,4,08-10-25,Pending,Chennai,NULL
FK-5583,Customer_4583,Electronics,Apple iPhone 15,50843,1,07-03-25,delivered,Hyd,NULL
FK-5584,Customer_4584,Electronics,HP Pavilion Laptop,9938,1,,Canceled,Mumbai,9
FK-5585,Customer_4585,Shoes,Adidas Sliders,,,22-11-25,Canceled,Mumbai,13
fk-5586,Customer_4586,Books,Rich Dad Poor Dad,₹11810,2,03-11-25,delivered,Chennai,26
5587,Customer_4587,Home & Kitchen,Bajaj Iron,Rs. 46777,2,09-05-25,Returned,Hyd,30
FK-5588,Customer_4588,Shoes,Nike Running Shoes,11024,2,02-10-25,Pending,Gurgaon,14
FK-5589,Customer_4589,Home & Kitchen,Prestige Cooker,38465,2,11-01-26,Canceled,BLR,0%
FK-5590,Customer_4590,Home & Kitchen,Prestige Cooker,54396,1,26-05-25,delivered,Gurgaon,18
FK-5591,Customer_4591,,HP Pavilion Laptop,7083,1,19-05-25,Pending,Hyderabad,27
FK-5592,Customer_4592,electronics,Samsung Galaxy M14,45666,2,27-01-26,Pending,Chennai,26
FK-5593,Customer_4593,Home & Kitchen,Milton Thermos,67705,2,22-02-25,Returned,BLR,5
FK-5594,,Beauty,Maybelline Lipstick,71894,1,25-07-25,Delivered,Hyderabad,28
FK-5595,Customer_4595,Beauty,Nivea Lotion,34668,999,31-03-26,Delivered,Bengaluru,24
FK-5596,Customer_4596,Books,Python Crash Course,31247,2,06-05-25,Returned,Kolkata,
FK-5597,Customer_4597,Books,Atomic Habits,7978,1,22-10-25,Canceled,,27
FK-5598,Customer_4598,Electronics,Dell Mouse,40133,2,30-04-25,Delivered,Delhi,26
fk-5599,Customer_4599,Clothing,Jacket,34751,1,13-05-25,returned,Chennai,0
FK-5600,Customer_4600,Clothing,Jeans,28286,1,25-02-25,Delivered,Bengaluru,25
FK-5601,Customer_4601,BOOKS,Rich Dad Poor Dad,₹2266,999,07-02-26,returned,Gurgaon,NULL
FK-5602,Customer_4602,Clothing,Saree,Rs. 29642,1,11-02-25,returned,BLR,26
FK-5603,Customer_4603,Clothing,Jeans,₹5786,1,13-06-25,returned,BLR,22
FK-5604,Customer_4604,Clothing,Saree,20200,2,29-12-25,delivered,Mumbai,18
FK-5605,,shoes,Adidas Sliders,34534,4,23-01-25,Canceled,Hyd,21
FK-5606,Customer_4606,Electronics,Apple iPhone 15,19351,3,22-01-25,returned,Chennai,11
FK-5606,Customer_4606,Electronics,Apple iPhone 15,19351,3,22-01-25,returned,Chennai,11
FK-5607,Customer_4607,Beauty,Nivea Lotion,66129,3,13-02-25,Pending,BLR,1
5608,Customer_4608,Beauty,Lakme Eyeliner,31206,1,05-03-25,delivered,Hyderabad,24
FK-5609,Customer_4609,Shoes,Nike Running Shoes,Rs. 8790,1,17-04-26,Pending,Bengaluru,11%
FK-5610,Customer_4610,Clothing,Jeans,62899,2,11-04-25,delivered,Chennai,NULL
FK-5611,Customer_4611,Clothing,Men's T-Shirt,25367,1,25-02-26,Shipped,Hyderabad,8
FK-5612,Customer_4612,clothing,Women's Kurta,69821,1,15-01-26,Shipped,Mumbai,26
FK-5613,Customer_4613,Shoes,Adidas Sliders,67805,1,,returned,Chennai,14
FK-5614,Customer_4614,CLOTHING,Saree,53544,1,27-05-25,returned,Kolkata,20
FK-5615,Customer_4615,Beauty,Maybelline Lipstick,65944,2,02-05-25,Canceled,Mumbai,19
FK-5616,Customer_4616,Electronics,Boat Airdopes,44300,1,26-04-26,Shipped,Kolkata,12
FK-5617,Customer_4617,Electronics,HP Pavilion Laptop,4088,2,18-03-25,Delivered,,10
FK-5618,Customer_4618,books,Atomic Habits,Rs. 31900,1,20-03-25,Returned,,30
FK-5619,Customer_4619,Books,Dune,23060,1,17-08-25,Returned,Chennai,26
FK-5620,Customer_4620,Beauty,Lakme Eyeliner,40520,2,14-11-25,Pending,Gurgaon,8
FK-5621,Customer_4621,Electronics,Boat Airdopes,52941,2,04-05-26,delivered,Delhi,N/A
FK-5622,Customer_4622,Books,Python Crash Course,₹46086,3,Jan 30 2025,Delivered,Delhi,6
FK-5623,Customer_4623,Shoes,Nike Running Shoes,43488,1,07-09-25,returned,BLR,15
FK-5624,Customer_4624,Clothing,Saree,30609,1,31-08-25,Shipped,Mumbai,4
FK-5625,Customer_4625,Home & Kitchen,Milton Thermos,6167,3,11-03-25,returned,BLR,7
FK-5626,Customer_4626,Home & Kitchen,Milton Thermos,13849,1,19-06-25,Delivered,Mumbai,3
FK-5627,Customer_4627,Clothing,Men's T-Shirt,₹41409,1,Mar 27 2026,Returned,Delhi,22
FK-5628,Customer_4628,clothing,Women's Kurta,-13109,1,17-08-25,Delivered,Hyderabad,2
FK-5629,Customer_4629,Shoes,Nike Running Shoes,60549,1,24-06-25,delivered,Hyd,11
FK-5630,Customer_4630,Beauty,Lakme Eyeliner,₹64967,2,,returned,Hyd,1%
5631,Customer_4631,Home & Kitchen,Prestige Cooker,67304,1,08-05-25,Pending,,N/A
FK-5632,Customer_4632,Home & Kitchen,Milton Thermos,64933,4,07-09-25,delivered,Hyderabad,9
FK-5633,Customer_4633,Books,Python Crash Course,68165,1,05-04-26,Delivered,Hyd,29
FK-5634,Customer_4634,Books,Rich Dad Poor Dad,65694,1,26-08-25,Canceled,Chennai,30
FK-5635,Customer_4635,electronics,Apple iPhone 15,₹64318,2,10-02-26,Delivered,Hyd,27
FK-5636,Customer_4636,Home & Kitchen,Milton Thermos,,4,02-03-25,delivered,Hyd,20
FK-5637,Customer_4637,Clothing,Jacket,₹6487,2,25-04-26,delivered,Chennai,11
FK-5638,Customer_4638,,Sony Headphones,66117,2,17-04-26,delivered,Hyd,28
FK-5639,Customer_4639,Electronics,Sony Headphones,11253,1,,returned,Kolkata,2
FK-5640,Customer_4640,Clothing,Women's Kurta,Rs. 59599,3,Dec 14 2025,delivered,Bengaluru,0
FK-5641,Customer_4641,Clothing,Women's Kurta,11616,3,30-03-25,delivered,Pune,23%
FK-5642,Customer_4642,Electronics,Boat Airdopes,-23841,999,06-11-25,Canceled,Kolkata,2
FK-5643,Customer_4643,Home & Kitchen,Bajaj Iron,40194,1,19-10-25,Pending,Delhi,24
FK-5644,Customer_4644,Home & Kitchen,Prestige Cooker,44323,2,23-04-26,Delivered,Chennai,12
FK-5645,Customer_4645,BOOKS,Rich Dad Poor Dad,₹41560,1,,delivered,Mumbai,25
FK-5646,Customer_4646,Clothing,Men's T-Shirt,Rs. 49050,3,12-02-25,returned,Chennai,15
FK-5647,Customer_4647,Shoes,Nike Running Shoes,42818,1,31-01-25,Canceled,Delhi,17
FK-5648,Customer_4648,Home & Kitchen,Milton Thermos,25580,1,14-04-26,Pending,Chennai,
FK-5649,Customer_4649,Home & Kitchen,Bajaj Iron,Rs. 25304,1,03-05-26,Pending,Gurgaon,23
FK-5650,Customer_4650,Electronics,HP Pavilion Laptop,28811,4,07-12-25,returned,Pune,14
FK-5651,Customer_4651,Books,Rich Dad Poor Dad,,2,06-05-25,Returned,Mumbai,10
FK-5652,Customer_4652,Books,Atomic Habits,9307,5,23-07-25,returned,Bengaluru,11
FK-5653,Customer_4653,Books,Python Crash Course,15684,2,Nov 12 2025,delivered,Chennai,5
FK-5654,Customer_4654,Beauty,Maybelline Lipstick,31731,1,08-10-25,delivered,Hyderabad,1
FK-5655,Customer_4655,Home & Kitchen,Milton Thermos,₹15863,2,Feb 01 2025,delivered,Gurgaon,16
FK-5656,Customer_4656,CLOTHING,Men's T-Shirt,38567,2,18-02-26,Delivered,Pune,28
FK-5657,Customer_4657,Books,Dune,26502,3,,Shipped,Kolkata,30
FK-5658,Customer_4658,Books,Dune,8637,1,16-08-25,Returned,Pune,0
FK-5659,Customer_4659,Shoes,Adidas Sliders,43345,2,02-05-25,Pending,Chennai,N/A
FK-5660,Customer_4660,Books,Python Crash Course,68299,1,30-03-25,delivered,,2
FK-5661,Customer_4661,Clothing,Women's Kurta,45499,1,,Canceled,Bengaluru,1
FK-5662,Customer_4662,Shoes,Nike Running Shoes,8744,2,07-07-25,delivered,,16
FK-5663,Customer_4663,home & kitchen,Bajaj Iron,39309,2,19-02-26,delivered,BLR,8%
fk-5664,Customer_4664,,Sony Headphones,69587,two,Apr 14 2026,Pending,,21
FK-5665,Customer_4665,Shoes,Puma Sneakers,18244,2,05-03-25,Delivered,Bengaluru,12
FK-5666,Customer_4666,Home & Kitchen,Pigeon Gas Stove,34058,1,14-10-25,Pending,Mumbai,26
FK-5667,Customer_4667,Home & Kitchen,Pigeon Gas Stove,33840,1,20-01-25,Returned,Hyderabad,4
FK-5668,Customer_4668,Electronics,Apple iPhone 15,57735,1,28-06-25,Delivered,Delhi,10
fk-5669,Customer_4669,,Apple iPhone 15,8359,2,18-05-25,Canceled,Kolkata,2
FK-5670,Customer_4670,Clothing,Women's Kurta,1734,1,19-10-25,Canceled,Pune,2
FK-5671,Customer_4671,Clothing,Women's Kurta,65761,1,Apr 23 2026,returned,Mumbai,23
FK-5672,Customer_4672,Beauty,Nivea Lotion,Rs. 47565,1,Jan 28 2026,Canceled,Hyderabad,20
fk-5673,Customer_4673,Electronics,Boat Airdopes,14679,4,28-02-26,Shipped,Hyderabad,5
FK-5674,Customer_4674,Books,Atomic Habits,53660,4,18-08-25,Pending,Gurgaon,
FK-5675,Customer_4675,books,Python Crash Course,-36439,1,04-02-25,Shipped,Mumbai,16
FK-5676,Customer_4676,Beauty,Nivea Lotion,,,07-02-25,delivered,Bengaluru,NULL
FK-5677,Customer_4677,Electronics,Samsung Galaxy M14,4958,two,23-05-25,Returned,Hyd,11
FK-5678,Customer_4678,,HP Pavilion Laptop,Rs. 295,1,02-12-25,delivered,BLR,20
FK-5679,Customer_4679,home & kitchen,Pigeon Gas Stove,21404,1,05-08-25,Returned,,
FK-5680,Customer_4680,Shoes,Adidas Sliders,4181,3,06-02-25,Pending,Hyd,
5681,Customer_4681,Shoes,Adidas Sliders,,5,09-03-26,returned,Bengaluru,21%
FK-5682,Customer_4682,SHOES,Puma Sneakers,64866,3,,Canceled,Delhi,28%
FK-5683,Customer_4683,,HP Pavilion Laptop,Rs. 70501,4,26-05-25,Canceled,Mumbai,25
FK-5684,Customer_4684,Clothing,Saree,33011,1,13-08-25,Pending,Gurgaon,28
FK-5685,,Beauty,Maybelline Lipstick,55446,1,09-05-26,Returned,Hyderabad,N/A
FK-5686,Customer_4686,BEAUTY,Nivea Lotion,₹7074,1,05-03-26,Returned,Delhi,1
FK-5687,Customer_4687,Books,Python Crash Course,₹1379,1,16-07-25,Canceled,,4%
FK-5688,Customer_4688,electronics,Samsung Galaxy M14,₹60603,1,08-01-26,Pending,Chennai,9
FK-5689,Customer_4689,electronics,Dell Mouse,22701,2,03-10-25,Canceled,Hyderabad,17
FK-5690,Customer_4690,Shoes,Adidas Sliders,,1,08-05-26,Pending,Chennai,17
fk-5691,Customer_4691,shoes,Puma Sneakers,Rs. 39915,1,04-04-26,delivered,Mumbai,17%
FK-5692,,beauty,Maybelline Lipstick,Rs. 9696,1,29-03-25,Shipped,Delhi,5
FK-5693,Customer_4693,Clothing,Jeans,53533,1,06-06-25,Pending,Mumbai,24%
FK-5694,Customer_4694,CLOTHING,Jeans,41121,4,23-12-25,Returned,Bengaluru,22
FK-5695,Customer_4695,Beauty,Maybelline Lipstick,26408,1,04-05-25,returned,Bengaluru,27
FK-5696,Customer_4696,Shoes,Puma Sneakers,46542,1,14-02-25,Canceled,,16
FK-5697,Customer_4697,Shoes,Adidas Sliders,Rs. 32179,1,27-05-25,delivered,,19
FK-5698,Customer_4698,home & kitchen,Prestige Cooker,73397,1,11-07-25,Pending,Bengaluru,10
FK-5699,Customer_4699,Books,Python Crash Course,Rs. 65219,1,05-03-25,delivered,Bengaluru,17
FK-5700,Customer_4700,,Samsung Galaxy M14,45589,1,26-01-25,Canceled,Delhi,9
FK-5701,Customer_4701,Electronics,Samsung Galaxy M14,29617,2,06-09-25,delivered,Bengaluru,29
FK-5702,Customer_4702,,Boat Airdopes,17706,3,04-04-26,returned,Mumbai,18
FK-5703,Customer_4703,Home & Kitchen,Bajaj Iron,7758,2,22-08-25,Pending,Chennai,10%
FK-5704,,Clothing,Jacket,73457,1,18-01-25,Delivered,Mumbai,0
FK-5705,Customer_4705,Books,Atomic Habits,72660,3,06-02-25,delivered,Delhi,N/A
FK-5706,Customer_4706,Home & Kitchen,Prestige Cooker,55571,4,04-03-26,Canceled,,29
FK-5707,Customer_4707,Clothing,Women's Kurta,46729,2,09-02-25,Canceled,Hyderabad,12
FK-5708,Customer_4708,Shoes,Adidas Sliders,13909,2,20-12-25,returned,Delhi,2
FK-5709,Customer_4709,Beauty,Nivea Lotion,38011,1,30-07-25,delivered,Hyderabad,26
FK-5710,Customer_4710,electronics,Apple iPhone 15,52745,1,,Returned,Kolkata,25
FK-5711,Customer_4711,Electronics,Sony Headphones,Rs. 34780,2,13-08-25,Pending,Mumbai,21
FK-5712,Customer_4712,Clothing,Jeans,25343,1,24-01-25,Returned,Hyderabad,16
FK-5713,Customer_4713,Beauty,Lakme Eyeliner,,2,24-06-25,Pending,Delhi,28
FK-5714,Customer_4714,Shoes,Puma Sneakers,54340,1,08-02-26,Delivered,BLR,25
FK-5715,Customer_4715,Beauty,Nivea Lotion,Rs. 58009,4,27-04-25,delivered,Delhi,28
FK-5716,Customer_4716,Shoes,Adidas Sliders,29673,5,06-07-25,returned,Delhi,15%
FK-5717,Customer_4717,Books,Rich Dad Poor Dad,61441,2,01-08-25,Pending,Pune,18
FK-5718,Customer_4718,Beauty,Nivea Lotion,-12514,3,13-04-26,Shipped,Bengaluru,15%
FK-5719,Customer_4719,Beauty,Maybelline Lipstick,68771,1,,returned,,7
FK-5720,Customer_4720,Beauty,Nivea Lotion,-1159,-1,10-01-26,Shipped,Mumbai,1%
FK-5721,Customer_4721,Beauty,Lakme Eyeliner,54450,1,15-03-25,Pending,,2
FK-5722,Customer_4722,Home & Kitchen,Milton Thermos,,1,02-02-25,Canceled,,22
FK-5723,Customer_4723,Shoes,Adidas Sliders,55542,1,07-07-25,delivered,Pune,11
5724,Customer_4724,Shoes,Nike Running Shoes,13857,1,29-04-26,Shipped,BLR,6
FK-5725,Customer_4725,Home & Kitchen,Milton Thermos,40718,4,Jan 26 2025,Shipped,,13
FK-5726,Customer_4726,Clothing,Jeans,₹22496,two,15-03-26,delivered,Chennai,25
FK-5727,Customer_4727,Shoes,Nike Running Shoes,44821,1,12-06-25,Canceled,Mumbai,N/A
FK-5728,Customer_4728,Electronics,Boat Airdopes,32715,,16-01-25,Delivered,Mumbai,3
5729,Customer_4729,Electronics,Dell Mouse,70746,2,May 02 2026,Canceled,Hyd,22
FK-5730,Customer_4730,books,Dune,,2,12-01-26,delivered,Mumbai,27
FK-5731,Customer_4731,Shoes,Nike Running Shoes,14376,5,20-04-26,Returned,Kolkata,18%
FK-5732,Customer_4732,Clothing,Jeans,27520,1,07-12-25,Pending,Chennai,13%
FK-5733,Customer_4733,Shoes,Adidas Sliders,32443,1,12-04-25,Pending,Delhi,NULL
FK-5734,Customer_4734,Electronics,Samsung Galaxy M14,33786,1,10-01-25,Shipped,,15%
FK-5735,Customer_4735,Shoes,Nike Running Shoes,Rs. 23924,1,02-05-25,Returned,Hyd,13%
FK-5736,Customer_4736,Electronics,Samsung Galaxy M14,20501,5,22-05-25,Delivered,,29
FK-5736,Customer_4736,Electronics,Samsung Galaxy M14,20501,5,22-05-25,Delivered,,29
FK-5737,Customer_4737,,Dell Mouse,₹73189,3,14-05-25,Returned,Chennai,22
FK-5738,Customer_4738,Shoes,Nike Running Shoes,,5,13-09-25,Shipped,Chennai,NULL
fk-5739,Customer_4739,Home & Kitchen,Bajaj Iron,Rs. 59882,2,29-03-26,Delivered,Pune,1
FK-5740,Customer_4740,books,Rich Dad Poor Dad,-871,1,08-11-25,Pending,Delhi,NULL
FK-5741,Customer_4741,Electronics,Dell Mouse,33109,1,22-11-25,Shipped,Pune,30
FK-5742,Customer_4742,Beauty,Lakme Eyeliner,,1,26-05-25,returned,Delhi,4
FK-5743,Customer_4743,Home & Kitchen,Prestige Cooker,44722,1,20-05-25,returned,,19
FK-5744,Customer_4744,Books,Python Crash Course,43199,1,Oct 13 2025,Delivered,Kolkata,11
FK-5745,Customer_4745,Home & Kitchen,Prestige Cooker,38899,2,04-05-25,Canceled,Bengaluru,0
FK-5746,Customer_4746,Home & Kitchen,Prestige Cooker,48239,1,21-09-25,Returned,Kolkata,23%
FK-5747,Customer_4747,Home & Kitchen,Bajaj Iron,₹62273,3,06-08-25,Canceled,Hyderabad,10%
FK-5748,Customer_4748,HOME & KITCHEN,Bajaj Iron,6509,1,15-05-26,returned,,10
FK-5749,Customer_4749,Books,Rich Dad Poor Dad,49823,5,Feb 22 2026,Pending,Delhi,8
FK-5750,Customer_4750,Beauty,Lakme Eyeliner,57944,3,,Shipped,Chennai,22
FK-5751,Customer_4751,,Apple iPhone 15,53733,1,26-04-26,returned,Chennai,2
FK-5752,Customer_4752,Shoes,Nike Running Shoes,5799,4,Jan 29 2026,Canceled,BLR,24%
FK-5753,Customer_4753,books,Python Crash Course,56032,2,17-11-25,Delivered,Hyderabad,30
FK-5754,,Home & Kitchen,Prestige Cooker,66627,5,28-04-25,Delivered,Pune,2
FK-5755,Customer_4755,Shoes,Puma Sneakers,Rs. 61851,1,14-10-25,delivered,Pune,6
FK-5756,Customer_4756,BEAUTY,Maybelline Lipstick,24322,1,Apr 26 2026,Shipped,Mumbai,19
FK-5757,Customer_4757,CLOTHING,Jeans,8017,2,12-01-25,delivered,Delhi,29
FK-5758,Customer_4758,Clothing,Saree,,2,23-06-25,returned,Kolkata,12
FK-5759,Customer_4759,Books,Dune,35314,1,21-04-26,Shipped,Bengaluru,12
FK-5760,Customer_4760,Shoes,Nike Running Shoes,41001,1,01-01-25,Canceled,,19
FK-5761,Customer_4761,Clothing,Jacket,2497,1,21-05-25,Delivered,Hyd,2
5762,Customer_4762,Clothing,Women's Kurta,67628,1,,returned,,13
FK-5763,Customer_4763,Shoes,Nike Running Shoes,603,2,28-05-25,Delivered,Pune,2
FK-5764,Customer_4764,Shoes,Nike Running Shoes,31329,1,15-12-25,Canceled,Kolkata,NULL
FK-5765,,,Dell Mouse,44229,3,Jan 23 2025,Canceled,Hyderabad,8
FK-5766,Customer_4766,Beauty,Lakme Eyeliner,56809,1,16-03-25,Shipped,Delhi,12
FK-5767,Customer_4767,Home & Kitchen,Milton Thermos,65390,3,16-04-25,Canceled,BLR,10
FK-5768,Customer_4768,Home & Kitchen,Pigeon Gas Stove,11558,1,08-02-26,returned,Hyderabad,29%
FK-5769,Customer_4769,,Dell Mouse,1349,4,22-04-25,returned,,14
FK-5770,Customer_4770,Clothing,Saree,12250,2,11-10-25,Shipped,Kolkata,21
FK-5771,Customer_4771,Clothing,Jacket,4121,3,15-02-26,Returned,Hyderabad,26%
FK-5772,Customer_4772,Electronics,Boat Airdopes,49262,1,02-01-25,Delivered,Hyderabad,
5773,Customer_4773,,Sony Headphones,27212,2,30-12-25,returned,Bengaluru,NULL
FK-5774,Customer_4774,Books,Atomic Habits,53437,4,24-12-25,Canceled,Chennai,6
FK-5775,Customer_4775,ELECTRONICS,Dell Mouse,18706,3,26-09-25,Shipped,Pune,1
FK-5776,Customer_4776,Beauty,Nivea Lotion,19396,1,14-02-25,Delivered,Delhi,5
FK-5777,Customer_4777,Books,Rich Dad Poor Dad,68909,1,23-01-25,Canceled,Mumbai,12
FK-5778,Customer_4778,Beauty,Lakme Eyeliner,₹21546,3,07-05-25,Pending,Pune,20
FK-5779,Customer_4779,Books,Atomic Habits,30696,4,19-02-25,Canceled,Kolkata,1
FK-5780,Customer_4780,Home & Kitchen,Milton Thermos,29633,5,06-12-25,Canceled,Hyd,21
FK-5781,Customer_4781,Books,Dune,53585,999,29-05-25,Pending,BLR,
FK-5782,Customer_4782,clothing,Jacket,₹36474,3,Feb 01 2025,delivered,BLR,12
FK-5783,Customer_4783,Books,Atomic Habits,,1,06-07-25,Canceled,Kolkata,20
FK-5784,Customer_4784,Beauty,Maybelline Lipstick,25287,1,11-06-25,Pending,BLR,0%
FK-5785,Customer_4785,Shoes,Nike Running Shoes,Rs. 28634,2,Apr 10 2025,Canceled,,4
FK-5786,Customer_4786,Home & Kitchen,Milton Thermos,20785,1,16-05-26,Pending,BLR,NULL
FK-5787,Customer_4787,BOOKS,Python Crash Course,23573,1,30-06-25,Shipped,Hyd,17
FK-5788,Customer_4788,Books,Rich Dad Poor Dad,61246,2,07-05-26,returned,Pune,24%
FK-5789,Customer_4789,Shoes,Puma Sneakers,67308,1,20-02-26,Returned,Gurgaon,29
FK-5790,Customer_4790,Beauty,Maybelline Lipstick,70351,2,02-09-25,Delivered,Kolkata,30
FK-5791,Customer_4791,Electronics,Sony Headphones,,1,01-10-25,Shipped,Delhi,26%
FK-5792,Customer_4792,Home & Kitchen,Pigeon Gas Stove,,2,02-07-25,Pending,Kolkata,27
FK-5793,Customer_4793,Books,Rich Dad Poor Dad,Rs. 32974,5,31-12-25,delivered,Hyd,7
FK-5794,Customer_4794,Clothing,Women's Kurta,₹35341,1,18-10-25,Canceled,Hyderabad,12
FK-5795,Customer_4795,BEAUTY,Nivea Lotion,30909,1,21-05-25,returned,BLR,7
FK-5796,Customer_4796,,Samsung Galaxy M14,42619,2,29-01-25,Pending,Gurgaon,6%
FK-5797,Customer_4797,clothing,Saree,49641,2,05-04-25,delivered,Bengaluru,8%
FK-5798,Customer_4798,Beauty,Lakme Eyeliner,43147,1,20-05-25,returned,Delhi,18
FK-5799,Customer_4799,Electronics,Boat Airdopes,20166,1,16-01-25,Delivered,Gurgaon,14
FK-5800,Customer_4800,clothing,Women's Kurta,65022,1,13-04-26,Delivered,Bengaluru,28
FK-5801,Customer_4801,Beauty,Lakme Eyeliner,39757,1,06-04-25,Canceled,Kolkata,N/A
FK-5802,Customer_4802,Home & Kitchen,Pigeon Gas Stove,18082,1,04-01-26,Pending,Gurgaon,9
5803,Customer_4803,Books,Dune,37439,4,29-07-25,returned,Gurgaon,19
FK-5804,Customer_4804,Shoes,Nike Running Shoes,67428,3,24-09-25,Returned,Pune,NULL
FK-5805,,Shoes,Adidas Sliders,40802,1,Mar 24 2026,returned,BLR,7
FK-5806,Customer_4806,Electronics,Samsung Galaxy M14,36028,1,27-06-25,delivered,Delhi,5
FK-5807,Customer_4807,Beauty,Nivea Lotion,14568,2,04-04-25,Delivered,Kolkata,N/A
FK-5808,Customer_4808,,Sony Headphones,6344,2,16-04-25,Pending,,2
FK-5809,Customer_4809,Home & Kitchen,Prestige Cooker,₹64350,1,28-07-25,Canceled,Gurgaon,20
FK-5810,Customer_4810,Shoes,Nike Running Shoes,70446,1,23-10-25,Canceled,Hyderabad,12
FK-5811,Customer_4811,Home & Kitchen,Pigeon Gas Stove,37368,5,24-01-25,Shipped,Pune,22
FK-5812,Customer_4812,Beauty,Maybelline Lipstick,Rs. 62744,1,29-01-25,Returned,Hyderabad,9%
5813,Customer_4813,Electronics,Boat Airdopes,₹61259,1,01-03-25,Pending,Bengaluru,18
5814,Customer_4814,Books,Atomic Habits,32386,1,30-08-25,Shipped,Hyderabad,23
FK-5815,Customer_4815,Books,Atomic Habits,,1,29-01-26,Canceled,BLR,
FK-5816,Customer_4816,Clothing,Saree,₹59912,1,15-02-25,Pending,Kolkata,5%
FK-5817,Customer_4817,HOME & KITCHEN,Milton Thermos,72840,1,10-08-25,Canceled,,6
FK-5818,Customer_4818,Clothing,Jacket,,2,25-04-25,Pending,Pune,29
FK-5819,Customer_4819,Shoes,Puma Sneakers,50371,1,27-10-25,Shipped,Gurgaon,7%
FK-5820,Customer_4820,Shoes,Puma Sneakers,37162,1,26-06-25,returned,BLR,3
fk-5821,Customer_4821,Electronics,Apple iPhone 15,Rs. 47868,2,11-01-26,Delivered,BLR,3
FK-5822,Customer_4822,home & kitchen,Bajaj Iron,30576,4,15-10-25,Shipped,Gurgaon,24
5823,Customer_4823,beauty,Lakme Eyeliner,42164,2,15-05-26,delivered,Kolkata,13
FK-5824,Customer_4824,Shoes,Adidas Sliders,9509,one,22-06-25,Delivered,BLR,13
FK-5825,Customer_4825,Electronics,Boat Airdopes,43916,3,27-08-25,Pending,Delhi,11%
FK-5826,Customer_4826,Home & Kitchen,Pigeon Gas Stove,48619,1,23-08-25,Pending,Hyd,28
FK-5827,Customer_4827,Clothing,Jeans,4113,1,02-08-25,delivered,Hyderabad,N/A
FK-5828,Customer_4828,Books,Dune,14505,1,23-01-26,Delivered,Bengaluru,16
fk-5829,Customer_4829,electronics,Samsung Galaxy M14,74792,1,18-01-26,Returned,Gurgaon,30%
FK-5830,Customer_4830,Clothing,Women's Kurta,Rs. 32664,1,10-01-26,Pending,Hyderabad,27
FK-5831,Customer_4831,,Sony Headphones,,3,10-11-25,Delivered,Gurgaon,0
FK-5832,Customer_4832,Beauty,Maybelline Lipstick,₹63987,1,20-08-25,delivered,Hyd,17
FK-5833,Customer_4833,Beauty,Maybelline Lipstick,58856,1,23-12-25,Pending,Gurgaon,
FK-5834,Customer_4834,Home & Kitchen,Pigeon Gas Stove,72592,1,12-06-25,Canceled,Mumbai,
FK-5835,Customer_4835,Home & Kitchen,Milton Thermos,-67357,1,May 04 2026,Delivered,Gurgaon,4
FK-5836,Customer_4836,Home & Kitchen,Prestige Cooker,20100,1,Nov 08 2025,Shipped,Hyd,26%
FK-5837,Customer_4837,Books,Rich Dad Poor Dad,31576,1,25-05-25,Returned,Hyd,24
fk-5838,,Electronics,Sony Headphones,₹72444,5,Apr 30 2025,Pending,Mumbai,23
FK-5839,Customer_4839,Books,Atomic Habits,36915,3,Nov 18 2025,Canceled,Mumbai,1
FK-5840,Customer_4840,Shoes,Puma Sneakers,35869,1,22-11-25,Delivered,Mumbai,1
FK-5841,Customer_4841,beauty,Maybelline Lipstick,9144,1,02-08-25,Canceled,BLR,22
FK-5842,Customer_4842,Electronics,Sony Headphones,-46467,one,17-08-25,Returned,,NULL
5843,Customer_4843,Clothing,Jeans,17668,1,Sep 29 2025,returned,,8
FK-5844,Customer_4844,Electronics,Apple iPhone 15,-49889,4,12-12-25,delivered,Hyderabad,NULL
FK-5845,Customer_4845,Beauty,Maybelline Lipstick,,2,10-03-26,returned,Delhi,30
FK-5846,Customer_4846,Clothing,Men's T-Shirt,49146,1,20-03-26,returned,,7
FK-5847,Customer_4847,Shoes,Nike Running Shoes,Rs. 28567,1,04-11-25,Shipped,Gurgaon,8
FK-5848,Customer_4848,Books,Dune,Rs. 30024,1,20-01-25,Delivered,Hyd,29
FK-5849,Customer_4849,Clothing,Jacket,Rs. 47274,1,04-04-25,Shipped,Delhi,25
FK-5850,,Shoes,Adidas Sliders,22712,1,05-12-25,Delivered,Bengaluru,18
FK-5851,Customer_4851,Home & Kitchen,Bajaj Iron,62175,1,09-05-26,Shipped,Kolkata,N/A
FK-5852,Customer_4852,Electronics,HP Pavilion Laptop,Rs. 53977,1,14-03-25,Pending,Delhi,21
FK-5853,Customer_4853,Clothing,Men's T-Shirt,3374,1,01-02-26,returned,Bengaluru,21
FK-5854,Customer_4854,Books,Dune,Rs. 44712,1,,Returned,Pune,13%
FK-5855,Customer_4855,electronics,Samsung Galaxy M14,52353,1,27-02-25,Canceled,Bengaluru,12
FK-5856,Customer_4856,beauty,Maybelline Lipstick,₹13532,1,28-03-26,Canceled,,NULL
FK-5857,Customer_4857,,HP Pavilion Laptop,₹2678,2,20-03-25,Returned,Delhi,NULL
FK-5858,Customer_4858,Electronics,Boat Airdopes,-30646,1,11-07-25,Shipped,Delhi,23%
FK-5859,Customer_4859,home & kitchen,Pigeon Gas Stove,16075,1,29-10-25,Canceled,,27
FK-5860,,Home & Kitchen,Bajaj Iron,₹7327,2,25-08-25,Pending,Kolkata,6
FK-5860,,Home & Kitchen,Bajaj Iron,₹7327,2,25-08-25,Pending,Kolkata,6
FK-5861,,BEAUTY,Lakme Eyeliner,Rs. 59855,3,01-11-25,Delivered,Hyd,25
FK-5862,Customer_4862,Shoes,Nike Running Shoes,29432,1,23-11-25,Delivered,Mumbai,18
5863,Customer_4863,Clothing,Jeans,32806,1,,Shipped,Gurgaon,8
FK-5864,Customer_4864,Home & Kitchen,Milton Thermos,33203,3,03-04-26,Pending,,29
FK-5865,Customer_4865,Home & Kitchen,Milton Thermos,14416,1,07-09-25,delivered,Pune,14
FK-5866,Customer_4866,home & kitchen,Milton Thermos,3725,1,02-05-25,Pending,Pune,22
FK-5867,Customer_4867,Clothing,Women's Kurta,6473,1,13-05-26,delivered,Delhi,23
FK-5868,Customer_4868,Shoes,Nike Running Shoes,14543,5,25-03-26,Pending,Pune,5%
FK-5869,Customer_4869,Clothing,Saree,-46591,1,27-02-25,Delivered,Hyderabad,10
FK-5870,Customer_4870,Books,Dune,51276,3,09-04-25,Shipped,Gurgaon,25
FK-5871,Customer_4871,Shoes,Nike Running Shoes,61430,2,27-05-25,Pending,Mumbai,
FK-5872,Customer_4872,Electronics,Boat Airdopes,8580,1,09-02-26,Shipped,Hyderabad,2
fk-5873,Customer_4873,Shoes,Puma Sneakers,Rs. 4027,1,31-01-26,Pending,Hyd,9%
FK-5874,Customer_4874,,Apple iPhone 15,32782,1,30-01-26,returned,Chennai,3%
FK-5875,Customer_4875,clothing,Jacket,₹48443,4,May 29 2025,Shipped,Kolkata,27
FK-5876,Customer_4876,Shoes,Puma Sneakers,,1,29-07-25,Pending,Hyderabad,0
FK-5877,Customer_4877,Shoes,Adidas Sliders,Rs. 32856,1,03-05-26,Delivered,Kolkata,29
FK-5878,Customer_4878,Home & Kitchen,Pigeon Gas Stove,-71196,1,09-04-26,Shipped,Hyd,
fk-5879,Customer_4879,Clothing,Men's T-Shirt,53719,2,31-08-25,Delivered,Hyderabad,14
FK-5880,Customer_4880,Clothing,Jacket,Rs. 5517,2,27-07-25,Returned,Hyderabad,23
5881,Customer_4881,books,Atomic Habits,19334,2,11-05-25,returned,Hyd,19
FK-5882,Customer_4882,Shoes,Adidas Sliders,38259,1,05-09-25,Pending,Hyderabad,13
FK-5883,Customer_4883,shoes,Puma Sneakers,Rs. 35517,1,20-06-25,returned,Chennai,18
FK-5884,Customer_4884,Home & Kitchen,Bajaj Iron,74529,2,02-07-25,returned,Gurgaon,12
fk-5885,Customer_4885,Shoes,Puma Sneakers,,1,16-08-25,delivered,Bengaluru,30%
FK-5886,Customer_4886,Beauty,Nivea Lotion,6770,1,02-03-26,Shipped,Hyd,7
FK-5887,Customer_4887,Home & Kitchen,Bajaj Iron,49852,1,12-07-25,delivered,Gurgaon,N/A
FK-5888,Customer_4888,Shoes,Puma Sneakers,50193,-1,01-05-26,Delivered,Kolkata,15
5889,Customer_4889,Beauty,Lakme Eyeliner,,1,14-02-25,Shipped,BLR,6
FK-5890,Customer_4890,books,Dune,Rs. 71599,2,04-06-25,Canceled,Kolkata,26
FK-5891,Customer_4891,Electronics,Dell Mouse,,1,13-05-26,Canceled,Hyd,7
FK-5892,Customer_4892,beauty,Nivea Lotion,21850,1,13-11-25,delivered,Mumbai,22
FK-5893,Customer_4893,Electronics,Sony Headphones,₹11354,2,04-09-25,Returned,Mumbai,N/A
FK-5894,Customer_4894,Clothing,Women's Kurta,11001,1,26-01-25,Shipped,Mumbai,28
FK-5895,Customer_4895,Clothing,Women's Kurta,15668,1,Oct 20 2025,delivered,Chennai,15
5896,Customer_4896,Books,Python Crash Course,Rs. 1462,2,,Returned,Mumbai,9
FK-5897,Customer_4897,Shoes,Puma Sneakers,635,2,11-06-25,Delivered,Hyderabad,8
FK-5898,Customer_4898,Books,Dune,-51114,1,29-04-26,returned,Hyderabad,21
FK-5899,Customer_4899,Home & Kitchen,Pigeon Gas Stove,Rs. 45231,2,22-03-26,returned,Pune,4
5900,Customer_4900,Shoes,Adidas Sliders,43877,4,27-03-25,Delivered,Hyd,22
FK-5901,Customer_4901,Beauty,Nivea Lotion,38585,1,25-06-25,Shipped,Bengaluru,11
FK-5902,Customer_4902,Electronics,Boat Airdopes,57271,1,09-07-25,delivered,,24
FK-5903,Customer_4903,Beauty,Lakme Eyeliner,,5,09-08-25,Canceled,Mumbai,26
FK-5904,Customer_4904,books,Atomic Habits,Rs. 14665,4,12-06-25,Shipped,Bengaluru,8
FK-5905,Customer_4905,Beauty,Lakme Eyeliner,22938,1,May 03 2025,returned,Mumbai,
FK-5906,Customer_4906,Shoes,Puma Sneakers,64375,2,24-02-26,returned,Gurgaon,1
FK-5907,Customer_4907,Books,Atomic Habits,56969,2,02-04-26,Returned,Chennai,N/A
5908,Customer_4908,Books,Rich Dad Poor Dad,₹18895,1,19-06-25,Shipped,Gurgaon,30
fk-5909,Customer_4909,Home & Kitchen,Prestige Cooker,-11050,1,27-05-25,Canceled,Delhi,29
FK-5910,Customer_4910,Beauty,Lakme Eyeliner,₹31720,2,17-06-25,returned,Gurgaon,4
fk-5911,Customer_4911,Clothing,Women's Kurta,49655,1,16-09-25,Delivered,Gurgaon,N/A
FK-5912,Customer_4912,BEAUTY,Lakme Eyeliner,₹13270,3,24-05-25,Canceled,Gurgaon,8
FK-5913,Customer_4913,CLOTHING,Saree,Rs. 63615,2,10-03-26,Canceled,Hyd,N/A
FK-5914,Customer_4914,Shoes,Adidas Sliders,7663,1,26-01-25,Returned,,25
FK-5915,Customer_4915,Clothing,Saree,52118,4,02-04-25,Pending,Pune,27
FK-5916,Customer_4916,,Sony Headphones,₹48858,2,27-03-25,Shipped,Mumbai,0
FK-5917,Customer_4917,Beauty,Lakme Eyeliner,38377,1,21-06-25,Returned,Hyd,2
FK-5918,Customer_4918,Shoes,Puma Sneakers,,1,24-03-26,Delivered,Hyd,27
fk-5919,,Shoes,Adidas Sliders,62822,1,13-05-25,Shipped,Kolkata,10
FK-5920,Customer_4920,Home & Kitchen,Prestige Cooker,23393,1,Apr 01 2025,Canceled,Kolkata,12
FK-5921,,Home & Kitchen,Prestige Cooker,14794,2,26-05-25,Pending,Hyderabad,11
FK-5922,Customer_4922,Electronics,HP Pavilion Laptop,49017,1,13-11-25,Canceled,BLR,28
FK-5923,Customer_4923,Shoes,Nike Running Shoes,46274,3,Jan 13 2026,Canceled,BLR,10
FK-5924,Customer_4924,Home & Kitchen,Milton Thermos,32786,1,02-01-26,Canceled,Hyderabad,NULL
FK-5925,Customer_4925,Clothing,Jacket,46822,1,21-07-25,delivered,Gurgaon,0
FK-5926,Customer_4926,Clothing,Jacket,27744,1,Jan 05 2025,Pending,Delhi,1
FK-5927,Customer_4927,HOME & KITCHEN,Prestige Cooker,₹10647,3,24-01-26,returned,Bengaluru,4
FK-5928,Customer_4928,Beauty,Lakme Eyeliner,-50609,2,26-10-25,Pending,,26
FK-5929,Customer_4929,Beauty,Lakme Eyeliner,35433,3,14-09-25,Delivered,Hyderabad,30
FK-5930,Customer_4930,Shoes,Nike Running Shoes,2137,1,Nov 22 2025,Returned,Pune,27%
FK-5931,Customer_4931,Beauty,Nivea Lotion,72504,1,30-12-25,Canceled,BLR,NULL
FK-5932,Customer_4932,clothing,Jeans,72632,3,13-11-25,Canceled,BLR,13
FK-5933,Customer_4933,Shoes,Adidas Sliders,₹9812,1,18-09-25,Returned,Gurgaon,11
FK-5934,Customer_4934,Home & Kitchen,Bajaj Iron,35172,2,15-11-25,delivered,Pune,29%
FK-5935,Customer_4935,Clothing,Women's Kurta,65616,1,20-04-25,Returned,BLR,23
FK-5936,Customer_4936,Shoes,Puma Sneakers,Rs. 44294,2,10-01-25,Returned,Bengaluru,11
FK-5937,Customer_4937,shoes,Adidas Sliders,29455,1,29-10-25,Shipped,Kolkata,23
FK-5938,Customer_4938,Clothing,Women's Kurta,26773,1,12-07-25,delivered,Pune,6
FK-5939,Customer_4939,Electronics,Dell Mouse,14980,1,25-11-25,delivered,Mumbai,13
FK-5940,Customer_4940,Electronics,Apple iPhone 15,63974,1,,Pending,Mumbai,16
FK-5941,,Electronics,Samsung Galaxy M14,29226,1,27-08-25,Returned,Mumbai,17
FK-5942,Customer_4942,Beauty,Lakme Eyeliner,Rs. 44484,2,Dec 13 2025,Returned,Bengaluru,12%
FK-5943,Customer_4943,Shoes,Puma Sneakers,22548,1,13-01-26,Delivered,BLR,16
FK-5944,Customer_4944,Electronics,Samsung Galaxy M14,20146,2,04-03-25,Canceled,Hyderabad,16
FK-5945,,Clothing,Jeans,58889,2,25-09-25,Shipped,Hyd,14
5946,Customer_4946,,HP Pavilion Laptop,,1,17-08-25,returned,Pune,6
fk-5947,Customer_4947,Beauty,Nivea Lotion,-44427,2,09-09-25,Pending,Hyd,20
FK-5948,Customer_4948,Beauty,Maybelline Lipstick,₹19046,1,May 07 2026,Pending,BLR,12
FK-5949,Customer_4949,Home & Kitchen,Pigeon Gas Stove,3034,1,06-05-26,Returned,Hyd,2
FK-5950,Customer_4950,CLOTHING,Jeans,-22660,1,17-05-25,Canceled,Pune,9
FK-5951,,Books,Rich Dad Poor Dad,22380,1,19-11-25,returned,Chennai,10%
5952,Customer_4952,Books,Rich Dad Poor Dad,19655,1,11-09-25,Shipped,Chennai,16
5953,Customer_4953,Clothing,Jacket,20995,4,30-12-25,Returned,Kolkata,16
FK-5954,,Home & Kitchen,Pigeon Gas Stove,20322,1,Feb 11 2026,Canceled,Hyd,19
FK-5955,Customer_4955,Books,Dune,₹5812,2,Mar 11 2026,Delivered,Hyd,NULL
fk-5956,Customer_4956,Electronics,Dell Mouse,64269,999,13-04-25,Delivered,Mumbai,24
FK-5957,Customer_4957,Books,Dune,67625,1,Sep 26 2025,delivered,Chennai,13
FK-5958,,Electronics,Sony Headphones,-14189,1,18-01-25,returned,Hyd,0
FK-5959,,Beauty,Maybelline Lipstick,₹24527,1,19-01-26,returned,Gurgaon,20
FK-5960,Customer_4960,Electronics,HP Pavilion Laptop,Rs. 25063,2,Mar 03 2025,Shipped,Hyderabad,27
FK-5961,,Books,Dune,26010,1,01-12-25,Returned,Hyderabad,17
5962,Customer_4962,,Samsung Galaxy M14,₹29016,2,08-03-25,Returned,Chennai,NULL
FK-5963,Customer_4963,Shoes,Nike Running Shoes,32209,2,16-05-25,returned,Gurgaon,3%
FK-5964,Customer_4964,Clothing,Women's Kurta,46864,1,04-06-25,Delivered,Chennai,12
FK-5965,Customer_4965,beauty,Nivea Lotion,247,4,Aug 05 2025,returned,Pune,22
FK-5966,Customer_4966,Clothing,Men's T-Shirt,₹73429,1,06-04-25,Returned,Hyderabad,30
FK-5967,Customer_4967,Books,Python Crash Course,Rs. 57163,3,18-05-25,Delivered,Mumbai,16
FK-5968,Customer_4968,Clothing,Saree,43893,3,26-12-25,Canceled,,9
FK-5969,Customer_4969,electronics,Samsung Galaxy M14,69105,2,06-03-26,Delivered,,30
fk-5970,Customer_4970,Shoes,Nike Running Shoes,42799,1,07-03-26,Returned,Chennai,4
FK-5971,Customer_4971,Electronics,Samsung Galaxy M14,22716,2,16-01-25,Delivered,Delhi,21
FK-5972,Customer_4972,Beauty,Lakme Eyeliner,27403,1,,Canceled,Kolkata,28
FK-5973,Customer_4973,Home & Kitchen,Milton Thermos,,1,31-07-25,Shipped,,19
FK-5974,Customer_4974,Books,Dune,,1,26-03-26,Canceled,Bengaluru,2
FK-5975,Customer_4975,BEAUTY,Maybelline Lipstick,₹39508,1,03-05-25,Canceled,,21
FK-5976,Customer_4976,Clothing,Saree,67160,one,06-06-25,Canceled,Pune,10
FK-5977,Customer_4977,Shoes,Nike Running Shoes,70822,1,27-01-26,Pending,BLR,19%
FK-5978,Customer_4978,Electronics,Apple iPhone 15,10370,2,Jul 15 2025,Shipped,,13
FK-5979,Customer_4979,Electronics,Boat Airdopes,74839,1,14-02-26,delivered,Pune,23
FK-5980,Customer_4980,Books,Python Crash Course,₹19246,1,07-01-26,Pending,Kolkata,9
FK-5981,Customer_4981,Electronics,Samsung Galaxy M14,3632,1,07-06-25,Delivered,Delhi,1
FK-5982,Customer_4982,Electronics,Dell Mouse,,2,25-11-25,Delivered,Kolkata,12
FK-5983,Customer_4983,Shoes,Adidas Sliders,16415,1,Jun 01 2025,Delivered,Hyd,8
FK-5984,Customer_4984,SHOES,Nike Running Shoes,26085,3,17-08-25,returned,Delhi,7
FK-5985,Customer_4985,BEAUTY,Nivea Lotion,8796,2,01-04-25,Pending,Kolkata,10
FK-5986,Customer_4986,Shoes,Nike Running Shoes,63236,3,06-02-25,returned,Hyd,4
FK-5987,Customer_4987,Shoes,Nike Running Shoes,8238,1,31-03-25,Pending,Kolkata,0
FK-5988,Customer_4988,home & kitchen,Bajaj Iron,₹3382,1,09-06-25,Pending,Mumbai,0
FK-5989,Customer_4989,Electronics,Dell Mouse,39798,one,,returned,Kolkata,17
FK-5990,Customer_4990,Home & Kitchen,Bajaj Iron,62674,1,22-11-25,Pending,BLR,26
FK-5991,Customer_4991,Books,Atomic Habits,57608,2,16-06-25,Canceled,Chennai,19
FK-5992,Customer_4992,Home & Kitchen,Bajaj Iron,Rs. 45640,3,,delivered,Bengaluru,30
fk-5993,Customer_4993,Clothing,Women's Kurta,50747,999,11-04-25,Canceled,Pune,10
FK-5994,Customer_4994,Beauty,Lakme Eyeliner,-50612,1,10-01-25,Returned,Hyderabad,18
FK-5995,,Clothing,Saree,7149,one,28-04-26,Canceled,Hyd,5
FK-5996,Customer_4996,Beauty,Nivea Lotion,Rs. 37747,2,16-02-25,Pending,Kolkata,22
FK-5997,Customer_4997,Electronics,Dell Mouse,34024,1,12-03-25,returned,Delhi,30%
FK-5998,Customer_4998,Home & Kitchen,Pigeon Gas Stove,56013,1,18-05-25,Shipped,Pune,3
fk-5999,Customer_4999,Clothing,Jacket,26739,,01-11-25,Shipped,,18
FK-6000,Customer_5000,,HP Pavilion Laptop,25540,1,03-01-26,Shipped,Pune,28%
FK-6001,Customer_5001,Electronics,Samsung Galaxy M14,,1,13-02-25,Delivered,Chennai,26%
FK-6002,Customer_5002,Electronics,Apple iPhone 15,72718,1,10-05-26,Returned,Mumbai,23
FK-6003,Customer_5003,Electronics,Apple iPhone 15,58702,1,14-01-26,delivered,BLR,13
FK-6004,Customer_5004,Clothing,Jacket,,3,28-01-26,Pending,Gurgaon,21
FK-6005,Customer_5005,Shoes,Adidas Sliders,6305,1,05-02-26,delivered,Hyd,1
FK-6006,Customer_5006,Electronics,Apple iPhone 15,Rs. 33710,2,22-08-25,returned,Kolkata,5
FK-6007,Customer_5007,Books,Rich Dad Poor Dad,56836,1,10-12-25,returned,Hyderabad,16
FK-6007,Customer_5007,Books,Rich Dad Poor Dad,56836,1,10-12-25,returned,Hyderabad,16
FK-6008,,Electronics,Sony Headphones,Rs. 34077,1,09-11-25,Pending,,27
fk-6009,Customer_5009,Beauty,Nivea Lotion,19223,1,16-08-25,returned,Gurgaon,
FK-6010,Customer_5010,Shoes,Puma Sneakers,-49061,1,07-05-25,Delivered,Hyderabad,0%
FK-6011,Customer_5011,Clothing,Jeans,7900,1,26-05-25,Returned,Gurgaon,29
FK-6012,Customer_5012,Shoes,Nike Running Shoes,40430,1,07-05-26,Pending,Kolkata,24
FK-6013,Customer_5013,Beauty,Lakme Eyeliner,60883,2,19-04-25,Canceled,Hyderabad,12
FK-6014,Customer_5014,Shoes,Puma Sneakers,-20525,1,13-02-26,Shipped,Chennai,1
FK-6015,Customer_5015,Electronics,Dell Mouse,32068,,06-09-25,Shipped,Hyderabad,25%
FK-6016,,Beauty,Maybelline Lipstick,2605,2,21-02-25,returned,Mumbai,3
FK-6017,Customer_5017,Home & Kitchen,Bajaj Iron,63731,two,30-01-25,Canceled,Kolkata,5
FK-6018,Customer_5018,Home & Kitchen,Prestige Cooker,38655,one,09-02-25,Returned,Bengaluru,28
FK-6019,Customer_5019,Beauty,Maybelline Lipstick,Rs. 42803,2,03-10-25,Pending,Delhi,13
FK-6020,Customer_5020,Electronics,Samsung Galaxy M14,66421,5,14-05-25,returned,Kolkata,3
FK-6021,Customer_5021,Books,Dune,58514,1,Jan 31 2025,delivered,Kolkata,27
FK-6022,Customer_5022,Shoes,Nike Running Shoes,3759,1,27-04-26,Delivered,Gurgaon,12
FK-6023,Customer_5023,Home & Kitchen,Bajaj Iron,73922,4,17-05-25,Delivered,,N/A
FK-6024,Customer_5024,HOME & KITCHEN,Milton Thermos,17985,1,27-09-25,returned,Delhi,29
FK-6025,Customer_5025,Home & Kitchen,Prestige Cooker,13320,1,03-05-25,Shipped,Mumbai,27
FK-6026,Customer_5026,Electronics,Sony Headphones,₹18384,1,26-11-25,Shipped,Bengaluru,29
FK-6027,Customer_5027,Beauty,Nivea Lotion,Rs. 37939,2,30-05-25,Delivered,Hyderabad,10
fk-6028,Customer_5028,Electronics,Boat Airdopes,15877,1,15-10-25,Returned,Hyd,25
FK-6029,,Home & Kitchen,Pigeon Gas Stove,₹58071,,04-03-25,returned,Kolkata,N/A
FK-6030,Customer_5030,Clothing,Jacket,18030,1,21-10-25,Shipped,,15
FK-6031,Customer_5031,Books,Dune,38980,2,May 20 2025,Returned,Mumbai,
FK-6032,Customer_5032,Shoes,Puma Sneakers,37060,1,26-05-25,returned,Delhi,19
FK-6033,Customer_5033,Shoes,Adidas Sliders,31890,1,17-06-25,delivered,BLR,19
FK-6034,Customer_5034,,Boat Airdopes,18500,1,02-02-25,returned,Mumbai,16%
FK-6035,Customer_5035,Electronics,Dell Mouse,30652,2,06-05-26,returned,Hyd,20
6036,Customer_5036,Shoes,Adidas Sliders,₹45766,2,Jan 12 2025,Returned,Bengaluru,N/A
FK-6037,Customer_5037,Beauty,Maybelline Lipstick,71975,2,30-07-25,Canceled,Chennai,16%
FK-6038,Customer_5038,Home & Kitchen,Pigeon Gas Stove,30212,1,09-07-25,Delivered,Kolkata,14
FK-6039,Customer_5039,Shoes,Puma Sneakers,Rs. 31748,1,27-10-25,Shipped,Delhi,4
FK-6040,Customer_5040,Books,Python Crash Course,2418,5,,delivered,Chennai,NULL
FK-6041,Customer_5041,Beauty,Lakme Eyeliner,-4741,one,28-04-26,Shipped,,1
FK-6042,Customer_5042,Home & Kitchen,Prestige Cooker,44695,2,31-01-26,Shipped,Pune,NULL
FK-6043,Customer_5043,Books,Rich Dad Poor Dad,16838,1,31-07-25,Shipped,Delhi,24%
FK-6044,Customer_5044,Shoes,Nike Running Shoes,9115,3,19-03-26,delivered,Pune,10
FK-6045,Customer_5045,Beauty,Lakme Eyeliner,13537,2,23-03-25,Delivered,Chennai,9
FK-6046,Customer_5046,Books,Python Crash Course,14740,1,04-02-26,Returned,Mumbai,14
FK-6047,Customer_5047,Electronics,Sony Headphones,₹16439,1,01-03-26,Pending,Delhi,NULL
FK-6048,Customer_5048,Beauty,Nivea Lotion,40553,1,02-05-25,Returned,Gurgaon,0%
FK-6049,Customer_5049,electronics,HP Pavilion Laptop,71808,1,02-05-26,Pending,BLR,29
FK-6050,Customer_5050,Shoes,Nike Running Shoes,Rs. 64616,1,12-09-25,Delivered,Hyd,26
fk-6051,Customer_5051,Home & Kitchen,Pigeon Gas Stove,24548,2,21-02-25,Shipped,Hyd,20
FK-6052,Customer_5052,Shoes,Adidas Sliders,14928,3,08-11-25,Returned,Delhi,28
FK-6053,Customer_5053,shoes,Puma Sneakers,71103,2,23-01-26,Pending,Gurgaon,22
FK-6054,,home & kitchen,Pigeon Gas Stove,₹51646,1,17-04-25,Pending,Hyderabad,11
FK-6055,Customer_5055,electronics,Boat Airdopes,Rs. 7857,1,15-11-25,Returned,Chennai,15
FK-6055,Customer_5055,electronics,Boat Airdopes,Rs. 7857,1,15-11-25,Returned,Chennai,15
FK-6056,Customer_5056,Home & Kitchen,Prestige Cooker,₹46089,1,06-02-25,Pending,Hyderabad,19
FK-6057,Customer_5057,books,Dune,71574,1,14-05-26,Canceled,Hyderabad,23
6058,Customer_5058,Electronics,Apple iPhone 15,72505,2,19-09-25,Pending,Hyd,25
FK-6059,Customer_5059,Home & Kitchen,Bajaj Iron,1525,1,01-12-25,Shipped,Kolkata,17
FK-6060,Customer_5060,Shoes,Nike Running Shoes,₹9310,two,Mar 07 2026,Canceled,Delhi,4%
FK-6061,Customer_5061,Books,Atomic Habits,818,1,18-03-26,returned,,8
FK-6062,Customer_5062,Shoes,Puma Sneakers,-50888,1,20-02-25,Shipped,Chennai,23
FK-6063,,ELECTRONICS,Dell Mouse,Rs. 20468,1,04-02-26,Pending,Pune,4
FK-6064,Customer_5064,Shoes,Puma Sneakers,55851,2,06-04-26,Pending,Chennai,NULL
FK-6065,Customer_5065,Beauty,Maybelline Lipstick,Rs. 51759,2,13-02-26,Delivered,Gurgaon,26
FK-6065,Customer_5065,Beauty,Maybelline Lipstick,Rs. 51759,2,13-02-26,Delivered,Gurgaon,26
FK-6066,Customer_5066,Shoes,Puma Sneakers,24506,2,,delivered,Chennai,19
FK-6067,,Home & Kitchen,Milton Thermos,49152,two,06-09-25,delivered,Gurgaon,25
FK-6067,,Home & Kitchen,Milton Thermos,49152,two,06-09-25,delivered,Gurgaon,25
FK-6068,Customer_5068,Electronics,Samsung Galaxy M14,9085,1,11-02-26,returned,Gurgaon,8
FK-6069,Customer_5069,Electronics,Boat Airdopes,Rs. 37579,999,27-03-26,Canceled,Hyd,17
FK-6070,Customer_5070,Clothing,Saree,,1,28-01-25,Canceled,BLR,2
6071,Customer_5071,home & kitchen,Milton Thermos,63939,1,10-10-25,Delivered,Gurgaon,28
FK-6072,Customer_5072,Clothing,Jeans,,3,09-02-26,Shipped,Bengaluru,1
FK-6073,Customer_5073,beauty,Lakme Eyeliner,Rs. 9062,2,08-05-25,Delivered,Delhi,4
FK-6074,Customer_5074,Shoes,Puma Sneakers,14283,2,06-11-25,delivered,Chennai,0
FK-6075,Customer_5075,Home & Kitchen,Milton Thermos,17763,one,Jan 02 2025,Delivered,Hyderabad,10
FK-6076,Customer_5076,Shoes,Nike Running Shoes,47263,1,14-11-25,returned,Delhi,11
6077,Customer_5077,beauty,Maybelline Lipstick,33861,2,09-09-25,Pending,Bengaluru,8
FK-6078,Customer_5078,Clothing,Saree,48533,2,29-11-25,Canceled,Delhi,0%
FK-6079,Customer_5079,Clothing,Men's T-Shirt,53079,1,14-04-26,Pending,Hyd,28
FK-6080,Customer_5080,SHOES,Nike Running Shoes,4859,1,21-12-25,delivered,Gurgaon,27
FK-6081,Customer_5081,clothing,Women's Kurta,7828,5,26-06-25,delivered,Mumbai,NULL
FK-6082,Customer_5082,Home & Kitchen,Bajaj Iron,23318,1,,returned,Pune,13
FK-6083,Customer_5083,Shoes,Adidas Sliders,4205,,22-08-25,Returned,Pune,N/A
FK-6084,Customer_5084,Electronics,Samsung Galaxy M14,,2,03-06-25,Returned,BLR,NULL
FK-6085,Customer_5085,Electronics,HP Pavilion Laptop,29028,3,05-02-25,Delivered,Bengaluru,17
FK-6086,Customer_5086,Books,Python Crash Course,37533,,23-10-25,Pending,Gurgaon,N/A
FK-6087,Customer_5087,Shoes,Nike Running Shoes,9113,1,21-12-25,Canceled,Bengaluru,11
FK-6088,Customer_5088,Home & Kitchen,Pigeon Gas Stove,Rs. 10551,1,11-10-25,Returned,,N/A
FK-6089,Customer_5089,Home & Kitchen,Prestige Cooker,38911,2,13-04-25,Pending,BLR,24
FK-6090,Customer_5090,HOME & KITCHEN,Prestige Cooker,,1,17-01-25,Canceled,,1
FK-6091,Customer_5091,Books,Rich Dad Poor Dad,21448,2,Jan 16 2026,Pending,BLR,
FK-6092,Customer_5092,BEAUTY,Maybelline Lipstick,54621,1,26-04-25,Shipped,,29
FK-6093,Customer_5093,Home & Kitchen,Milton Thermos,₹5451,1,10-10-25,Shipped,Pune,13
FK-6094,Customer_5094,Electronics,Apple iPhone 15,31110,2,18-10-25,delivered,Bengaluru,2
FK-6095,Customer_5095,Books,Rich Dad Poor Dad,58746,1,23-08-25,delivered,Delhi,N/A
FK-6096,Customer_5096,Clothing,Jeans,10843,5,23-06-25,returned,Bengaluru,24%
FK-6097,Customer_5097,Shoes,Puma Sneakers,64219,1,19-08-25,Shipped,Hyderabad,29
FK-6098,Customer_5098,Clothing,Saree,₹66546,1,19-08-25,Delivered,,20
FK-6099,Customer_5099,Shoes,Nike Running Shoes,Rs. 41426,1,Feb 07 2026,Returned,Mumbai,N/A
FK-6100,Customer_5100,Shoes,Nike Running Shoes,69481,2,,returned,Hyd,6
FK-6101,Customer_5101,SHOES,Puma Sneakers,50130,1,11-05-26,Shipped,Hyd,1
FK-6101,Customer_5101,SHOES,Puma Sneakers,50130,1,11-05-26,Shipped,Hyd,1
FK-6102,,Home & Kitchen,Pigeon Gas Stove,50734,1,24-12-25,Shipped,Kolkata,9
FK-6103,Customer_5103,Home & Kitchen,Bajaj Iron,7044,1,Jan 10 2025,Canceled,Gurgaon,N/A
FK-6104,Customer_5104,Beauty,Nivea Lotion,,two,20-02-26,Delivered,BLR,17
FK-6105,Customer_5105,Home & Kitchen,Milton Thermos,-56452,3,01-09-25,delivered,Gurgaon,8
FK-6106,Customer_5106,Beauty,Lakme Eyeliner,32212,2,May 02 2026,Canceled,,N/A
FK-6107,Customer_5107,beauty,Nivea Lotion,62752,two,Jun 22 2025,returned,Pune,27
FK-6108,Customer_5108,shoes,Adidas Sliders,,3,May 17 2025,Delivered,Hyderabad,8%
FK-6109,Customer_5109,Books,Atomic Habits,₹3495,1,,Canceled,Bengaluru,3
FK-6110,Customer_5110,Home & Kitchen,Prestige Cooker,-68818,2,12-02-26,Returned,,1
FK-6111,Customer_5111,,Apple iPhone 15,73728,1,25-09-25,Shipped,Bengaluru,30
FK-6112,Customer_5112,books,Atomic Habits,₹3762,2,13-08-25,Pending,Hyd,23
FK-6113,Customer_5113,,Apple iPhone 15,₹43296,1,Mar 24 2025,Pending,Gurgaon,14
FK-6114,Customer_5114,Books,Python Crash Course,226,1,08-03-25,Returned,,3
FK-6115,Customer_5115,Home & Kitchen,Pigeon Gas Stove,41152,1,05-06-25,Delivered,Delhi,28
FK-6116,Customer_5116,electronics,Apple iPhone 15,₹22011,1,11-06-25,Canceled,Bengaluru,4
FK-6117,Customer_5117,Beauty,Maybelline Lipstick,₹24919,2,May 17 2025,delivered,Chennai,24
FK-6118,Customer_5118,Electronics,Samsung Galaxy M14,27845,1,27-11-25,Canceled,Gurgaon,10
FK-6119,Customer_5119,Home & Kitchen,Prestige Cooker,21884,4,09-12-25,Shipped,Delhi,5%
FK-6120,Customer_5120,Shoes,Nike Running Shoes,69704,1,29-09-25,Returned,Delhi,9
FK-6121,Customer_5121,Home & Kitchen,Milton Thermos,56283,1,07-09-25,Delivered,Kolkata,11
FK-6122,Customer_5122,Clothing,Men's T-Shirt,49444,1,11-11-25,returned,Bengaluru,19%
FK-6123,Customer_5123,Clothing,Men's T-Shirt,17326,2,19-02-25,returned,Gurgaon,28
FK-6124,Customer_5124,,HP Pavilion Laptop,25136,2,23-01-26,Pending,Hyderabad,
fk-6125,Customer_5125,Clothing,Men's T-Shirt,15018,4,Mar 28 2025,returned,Chennai,5
FK-6126,Customer_5126,Shoes,Adidas Sliders,38597,1,21-11-25,returned,Chennai,1
FK-6127,Customer_5127,Shoes,Adidas Sliders,15853,1,09-03-25,Shipped,Kolkata,0
FK-6128,,Books,Atomic Habits,51483,1,28-04-26,Shipped,,NULL
FK-6129,Customer_5129,,Apple iPhone 15,24616,1,19-12-25,returned,Kolkata,23
FK-6130,Customer_5130,Books,Dune,34605,4,Apr 29 2025,Returned,Pune,12
FK-6131,Customer_5131,Home & Kitchen,Prestige Cooker,54770,2,08-06-25,returned,Mumbai,17
FK-6132,Customer_5132,Books,Dune,6914,1,19-02-25,Returned,Delhi,11
FK-6133,Customer_5133,Clothing,Jeans,8716,1,17-06-25,delivered,Kolkata,8
FK-6134,Customer_5134,Home & Kitchen,Bajaj Iron,42228,1,28-06-25,Returned,BLR,22
FK-6135,Customer_5135,Shoes,Puma Sneakers,73827,2,17-06-25,Delivered,Delhi,5
FK-6136,Customer_5136,electronics,Sony Headphones,13358,3,12-01-25,Pending,Pune,16
FK-6137,Customer_5137,Electronics,HP Pavilion Laptop,58874,1,13-01-25,Canceled,Hyd,3
FK-6138,Customer_5138,Beauty,Lakme Eyeliner,30531,1,29-01-26,Canceled,Hyd,11
FK-6139,Customer_5139,Clothing,Jacket,6315,1,31-08-25,returned,Gurgaon,25
fk-6140,Customer_5140,Beauty,Lakme Eyeliner,10103,1,17-03-25,returned,Chennai,4
FK-6141,Customer_5141,Home & Kitchen,Bajaj Iron,-21160,3,13-03-25,delivered,Bengaluru,23
FK-6142,Customer_5142,Books,Atomic Habits,48978,1,04-08-25,Returned,Pune,N/A
FK-6143,Customer_5143,Electronics,Samsung Galaxy M14,29843,2,03-02-25,Returned,,NULL
FK-6144,Customer_5144,Clothing,Jeans,47401,2,28-11-25,Returned,Hyd,8
FK-6145,Customer_5145,Electronics,Sony Headphones,54516,1,12-11-25,Delivered,Bengaluru,14
FK-6146,Customer_5146,Clothing,Jacket,₹60487,3,27-11-25,Pending,Chennai,4
fk-6147,Customer_5147,Home & Kitchen,Milton Thermos,-54718,4,20-01-25,delivered,Hyderabad,N/A
FK-6148,Customer_5148,Books,Atomic Habits,-68348,2,17-04-26,Pending,Gurgaon,20
FK-6149,Customer_5149,Beauty,Nivea Lotion,53410,-1,26-01-26,delivered,Pune,28
FK-6150,Customer_5150,Beauty,Lakme Eyeliner,53692,3,28-05-25,Canceled,BLR,8
FK-6151,Customer_5151,Beauty,Nivea Lotion,44685,2,16-05-26,delivered,BLR,22
FK-6152,Customer_5152,Electronics,HP Pavilion Laptop,₹57216,1,21-02-26,delivered,Hyd,2
FK-6153,Customer_5153,electronics,Dell Mouse,35605,2,,delivered,Mumbai,4
FK-6154,Customer_5154,books,Atomic Habits,Rs. 27047,1,08-06-25,Canceled,Mumbai,12
FK-6155,Customer_5155,Books,Rich Dad Poor Dad,41707,1,May 15 2026,Returned,Hyd,
FK-6156,Customer_5156,Home & Kitchen,Pigeon Gas Stove,Rs. 9733,1,30-10-25,Pending,Gurgaon,10
FK-6157,Customer_5157,Books,Python Crash Course,8066,1,04-08-25,Pending,,7
FK-6158,Customer_5158,Shoes,Nike Running Shoes,-34040,4,Nov 06 2025,Shipped,Hyderabad,
FK-6159,Customer_5159,Clothing,Jacket,31993,1,Jan 06 2026,Pending,Chennai,28
FK-6160,Customer_5160,Books,Dune,23253,one,Nov 06 2025,Canceled,Chennai,15
FK-6161,Customer_5161,,Apple iPhone 15,54228,1,13-01-26,Shipped,Kolkata,3
FK-6162,Customer_5162,,Dell Mouse,74837,1,08-07-25,Pending,Hyd,0
FK-6163,Customer_5163,home & kitchen,Prestige Cooker,Rs. 30794,2,Nov 23 2025,Pending,Gurgaon,28
FK-6164,Customer_5164,Beauty,Nivea Lotion,Rs. 73273,1,10-04-26,Pending,Bengaluru,30
FK-6165,Customer_5165,Books,Dune,Rs. 67535,1,07-02-26,Pending,Hyderabad,28
FK-6166,Customer_5166,Beauty,Nivea Lotion,55998,1,03-11-25,Delivered,Bengaluru,NULL
FK-6167,Customer_5167,Clothing,Jacket,70196,1,26-05-25,Returned,Chennai,12
fk-6168,Customer_5168,electronics,Boat Airdopes,4514,1,11-03-25,Canceled,Chennai,24
FK-6169,Customer_5169,ELECTRONICS,Sony Headphones,₹38855,1,26-07-25,returned,Pune,N/A
FK-6170,Customer_5170,Clothing,Jeans,8286,3,27-07-25,Pending,Bengaluru,30
FK-6171,Customer_5171,beauty,Nivea Lotion,307,1,22-04-26,Returned,Chennai,N/A
FK-6172,Customer_5172,Electronics,Apple iPhone 15,₹31720,1,21-10-25,returned,Gurgaon,2
FK-6173,Customer_5173,books,Atomic Habits,65676,1,25-12-25,Returned,Hyderabad,11
FK-6174,Customer_5174,Shoes,Puma Sneakers,,1,29-06-25,returned,Mumbai,0
FK-6175,Customer_5175,,Dell Mouse,₹13778,1,17-07-25,Shipped,Pune,23%
FK-6176,Customer_5176,Beauty,Lakme Eyeliner,Rs. 31251,1,24-06-25,Canceled,Mumbai,14
6177,Customer_5177,Beauty,Nivea Lotion,74664,1,24-02-25,delivered,Hyderabad,24
FK-6178,Customer_5178,Electronics,Apple iPhone 15,73322,1,10-02-25,delivered,,23
FK-6178,Customer_5178,Electronics,Apple iPhone 15,73322,1,10-02-25,delivered,,23
6179,Customer_5179,Home & Kitchen,Bajaj Iron,Rs. 9847,3,06-08-25,Shipped,Delhi,15
FK-6180,Customer_5180,Electronics,Apple iPhone 15,56717,3,03-09-25,Pending,Gurgaon,4
FK-6181,Customer_5181,Home & Kitchen,Bajaj Iron,39302,3,24-05-25,delivered,BLR,26
FK-6182,Customer_5182,Books,Dune,30547,1,12-05-25,Canceled,Pune,12
FK-6183,Customer_5183,Beauty,Nivea Lotion,40075,1,20-12-25,Shipped,Bengaluru,2
FK-6184,Customer_5184,Beauty,Lakme Eyeliner,43723,1,06-04-26,Canceled,Hyderabad,13
FK-6185,Customer_5185,Electronics,Dell Mouse,1776,1,29-08-25,Returned,Bengaluru,18
FK-6186,Customer_5186,Beauty,Maybelline Lipstick,Rs. 34745,1,18-05-25,delivered,BLR,NULL
FK-6187,Customer_5187,Home & Kitchen,Prestige Cooker,₹28822,1,09-04-26,returned,,14%
FK-6188,Customer_5188,Electronics,Apple iPhone 15,44083,2,Jan 14 2026,delivered,Delhi,22
FK-6189,Customer_5189,,Dell Mouse,44716,5,04-10-25,Delivered,Delhi,2
FK-6190,Customer_5190,Electronics,Samsung Galaxy M14,65023,3,13-08-25,Delivered,Delhi,7
FK-6191,Customer_5191,BOOKS,Rich Dad Poor Dad,₹44988,1,30-09-25,Canceled,Hyderabad,12
FK-6192,Customer_5192,shoes,Adidas Sliders,48291,2,19-08-25,Canceled,Delhi,11%
FK-6193,Customer_5193,Beauty,Maybelline Lipstick,68897,one,25-01-26,returned,Kolkata,29
FK-6194,Customer_5194,Books,Dune,20061,1,01-04-25,delivered,Gurgaon,22
FK-6195,Customer_5195,,Sony Headphones,,1,10-01-26,Canceled,Gurgaon,18
FK-6196,Customer_5196,Beauty,Nivea Lotion,16697,1,10-03-26,returned,,0
FK-6197,Customer_5197,Beauty,Lakme Eyeliner,63348,1,28-01-25,Pending,Delhi,9
FK-6198,Customer_5198,Home & Kitchen,Milton Thermos,72739,3,02-01-25,Pending,Chennai,1
6199,Customer_5199,Beauty,Maybelline Lipstick,266,1,08-12-25,Returned,Gurgaon,20
FK-6200,Customer_5200,Beauty,Nivea Lotion,67199,1,17-02-25,Canceled,Hyderabad,
FK-6201,Customer_5201,Beauty,Nivea Lotion,21848,1,18-01-25,Pending,,0
FK-6202,Customer_5202,,HP Pavilion Laptop,73503,1,15-02-26,Shipped,Bengaluru,NULL
FK-6203,Customer_5203,Electronics,Samsung Galaxy M14,58229,1,03-11-25,Returned,Kolkata,0
FK-6204,Customer_5204,Shoes,Puma Sneakers,52775,999,,Delivered,Gurgaon,
FK-6205,Customer_5205,Home & Kitchen,Milton Thermos,,1,22-04-26,delivered,Kolkata,11
FK-6206,Customer_5206,Clothing,Jeans,20472,1,22-07-25,delivered,,7
FK-6207,Customer_5207,electronics,Boat Airdopes,35047,5,26-10-25,delivered,Chennai,28
fk-6208,Customer_5208,Beauty,Nivea Lotion,51592,1,Apr 27 2025,returned,Kolkata,16
FK-6209,Customer_5209,Clothing,Women's Kurta,1718,1,22-07-25,Shipped,Kolkata,22
FK-6210,Customer_5210,Home & Kitchen,Prestige Cooker,47989,1,Jan 14 2026,delivered,Delhi,3
FK-6211,Customer_5211,Clothing,Women's Kurta,₹24321,2,11-08-25,Returned,Chennai,2
FK-6212,Customer_5212,Home & Kitchen,Pigeon Gas Stove,Rs. 44722,4,,returned,Chennai,20
FK-6213,Customer_5213,Shoes,Adidas Sliders,12132,1,26-05-25,delivered,Pune,5
FK-6214,Customer_5214,Home & Kitchen,Pigeon Gas Stove,45816,2,May 12 2025,Pending,Gurgaon,11
FK-6215,Customer_5215,home & kitchen,Prestige Cooker,Rs. 45899,1,10-09-25,delivered,Bengaluru,17
FK-6216,Customer_5216,Electronics,HP Pavilion Laptop,30570,3,05-05-25,Canceled,Hyd,13
FK-6217,Customer_5217,Shoes,Adidas Sliders,21769,1,25-12-25,Delivered,Delhi,
FK-6218,Customer_5218,Shoes,Adidas Sliders,₹74766,2,02-04-25,Returned,Bengaluru,14
FK-6219,Customer_5219,clothing,Women's Kurta,55867,2,28-09-25,Delivered,Delhi,27
FK-6220,Customer_5220,Home & Kitchen,Prestige Cooker,-17415,two,10-03-25,Shipped,Mumbai,10
FK-6221,Customer_5221,Clothing,Jacket,52276,3,16-12-25,Canceled,Delhi,N/A
FK-6222,Customer_5222,Books,Rich Dad Poor Dad,54321,2,08-03-26,Delivered,Hyd,27
FK-6223,Customer_5223,Home & Kitchen,Bajaj Iron,Rs. 41270,1,10-11-25,Canceled,,29
FK-6224,Customer_5224,electronics,HP Pavilion Laptop,57710,1,14-04-25,Shipped,Mumbai,27
FK-6225,Customer_5225,Clothing,Jeans,Rs. 62593,1,Nov 09 2025,delivered,Mumbai,29
FK-6226,Customer_5226,Books,Python Crash Course,54240,2,18-06-25,Canceled,Gurgaon,17
FK-6227,Customer_5227,Beauty,Maybelline Lipstick,2868,5,May 15 2026,Shipped,Bengaluru,0
FK-6228,Customer_5228,clothing,Jacket,16652,1,20-08-25,delivered,Pune,24
FK-6229,,Shoes,Puma Sneakers,48133,1,21-01-25,returned,Delhi,19
FK-6230,Customer_5230,Shoes,Adidas Sliders,Rs. 39099,1,07-03-25,Returned,Pune,15
6231,Customer_5231,Beauty,Nivea Lotion,52670,3,22-02-26,Shipped,Pune,14
FK-6232,Customer_5232,Clothing,Women's Kurta,16515,5,04-02-26,Shipped,Mumbai,NULL
FK-6233,Customer_5233,clothing,Saree,₹40750,2,02-10-25,Pending,Gurgaon,
FK-6234,Customer_5234,Shoes,Puma Sneakers,,4,12-04-26,Canceled,Hyd,26%
FK-6235,Customer_5235,Electronics,HP Pavilion Laptop,13070,two,26-07-25,Returned,Gurgaon,NULL
6236,Customer_5236,Clothing,Saree,40274,two,24-02-25,Canceled,Hyderabad,1
FK-6237,Customer_5237,Clothing,Jacket,51963,1,Mar 08 2026,Canceled,Bengaluru,7
fk-6238,Customer_5238,beauty,Nivea Lotion,64848,2,12-07-25,returned,Hyd,11
FK-6239,Customer_5239,Books,Atomic Habits,17173,2,Jun 19 2025,Pending,Gurgaon,25
FK-6240,Customer_5240,CLOTHING,Saree,67299,3,12-12-25,Delivered,Gurgaon,NULL
FK-6241,Customer_5241,electronics,HP Pavilion Laptop,₹33887,1,14-02-25,Pending,Pune,NULL
FK-6242,Customer_5242,Electronics,Sony Headphones,-54391,1,21-01-26,returned,Hyderabad,26
FK-6242,Customer_5242,Electronics,Sony Headphones,-54391,1,21-01-26,returned,Hyderabad,26
FK-6243,Customer_5243,Electronics,Dell Mouse,40634,4,31-12-25,returned,Bengaluru,14%
FK-6244,Customer_5244,Clothing,Men's T-Shirt,8260,1,May 31 2025,Delivered,Kolkata,N/A
FK-6245,Customer_5245,Books,Dune,72840,1,,returned,BLR,NULL
FK-6246,Customer_5246,Beauty,Lakme Eyeliner,₹4742,3,Aug 20 2025,returned,Chennai,
fk-6247,Customer_5247,home & kitchen,Milton Thermos,12121,5,26-02-26,Pending,,18
FK-6248,Customer_5248,Clothing,Jeans,,3,13-04-25,Pending,Hyderabad,19
FK-6249,Customer_5249,books,Python Crash Course,55935,2,07-01-25,Pending,Pune,7
FK-6250,Customer_5250,Home & Kitchen,Bajaj Iron,4144,1,23-01-26,delivered,Kolkata,26
FK-6251,Customer_5251,Beauty,Nivea Lotion,,1,27-11-25,Shipped,Pune,0
FK-6252,Customer_5252,Home & Kitchen,Prestige Cooker,Rs. 47859,1,02-09-25,Shipped,Hyd,8%
FK-6253,Customer_5253,beauty,Maybelline Lipstick,13446,2,,Shipped,Hyd,21
FK-6254,Customer_5254,Books,Python Crash Course,12351,1,23-07-25,Returned,Gurgaon,27
FK-6255,Customer_5255,Home & Kitchen,Milton Thermos,Rs. 66319,1,14-04-26,Returned,Gurgaon,19
FK-6256,Customer_5256,Shoes,Puma Sneakers,42237,1,18-06-25,Canceled,Gurgaon,30
FK-6257,Customer_5257,Clothing,Saree,Rs. 60803,1,25-12-25,Returned,Kolkata,25
FK-6258,Customer_5258,shoes,Adidas Sliders,Rs. 24599,one,21-12-25,Delivered,Kolkata,24
FK-6259,,Books,Python Crash Course,₹26756,3,28-01-25,Pending,Hyd,20%
FK-6260,,Electronics,Sony Headphones,31507,1,17-11-25,Delivered,Bengaluru,17%
fk-6261,Customer_5261,Shoes,Adidas Sliders,11666,2,07-04-25,returned,Pune,11
FK-6262,Customer_5262,BOOKS,Atomic Habits,6001,2,05-12-25,Returned,Chennai,12
FK-6263,Customer_5263,Clothing,Men's T-Shirt,-33594,,Jan 21 2026,Delivered,Hyd,15
FK-6264,Customer_5264,,Samsung Galaxy M14,3910,1,26-09-25,Returned,Delhi,9
FK-6265,Customer_5265,Beauty,Nivea Lotion,48913,2,18-04-25,Canceled,Gurgaon,10%
FK-6266,Customer_5266,Home & Kitchen,Bajaj Iron,44989,2,24-05-25,Returned,Kolkata,23
FK-6266,Customer_5266,Home & Kitchen,Bajaj Iron,44989,2,24-05-25,Returned,Kolkata,23
FK-6267,Customer_5267,Shoes,Nike Running Shoes,23775,1,14-09-25,Returned,Gurgaon,27
FK-6268,Customer_5268,home & kitchen,Pigeon Gas Stove,15478,1,16-02-25,delivered,Hyderabad,23
FK-6269,Customer_5269,Books,Rich Dad Poor Dad,39440,1,Jun 17 2025,Pending,Delhi,1%
6270,Customer_5270,Clothing,Jeans,30395,1,04-10-25,Returned,Kolkata,NULL
FK-6271,Customer_5271,Electronics,Apple iPhone 15,₹24427,1,Jan 28 2026,Delivered,Gurgaon,21
FK-6272,Customer_5272,Beauty,Lakme Eyeliner,47476,2,26-06-25,Canceled,Mumbai,2
FK-6273,Customer_5273,Shoes,Puma Sneakers,Rs. 43735,1,30-12-25,delivered,Hyderabad,27
FK-6274,Customer_5274,books,Rich Dad Poor Dad,-46671,1,18-08-25,Pending,Mumbai,23
FK-6275,Customer_5275,Clothing,Jeans,70265,5,01-04-26,Shipped,Hyd,16
6276,Customer_5276,Shoes,Adidas Sliders,35538,2,Oct 12 2025,Delivered,Chennai,20
FK-6277,Customer_5277,Clothing,Women's Kurta,₹20174,1,17-10-25,Shipped,Mumbai,23
FK-6278,Customer_5278,Home & Kitchen,Milton Thermos,34633,2,30-10-25,Delivered,Kolkata,27
FK-6279,Customer_5279,ELECTRONICS,Samsung Galaxy M14,31232,1,Dec 11 2025,delivered,BLR,27
FK-6280,Customer_5280,Home & Kitchen,Pigeon Gas Stove,₹40598,4,21-04-26,returned,Gurgaon,18
FK-6281,Customer_5281,Shoes,Adidas Sliders,30712,2,14-05-26,Returned,Hyd,NULL
FK-6282,Customer_5282,Books,Dune,6239,1,21-03-25,Delivered,Hyderabad,NULL
FK-6283,Customer_5283,shoes,Adidas Sliders,40365,1,30-06-25,Shipped,Chennai,N/A
FK-6284,Customer_5284,Electronics,Samsung Galaxy M14,₹54948,2,,Delivered,Hyderabad,25
FK-6285,Customer_5285,CLOTHING,Jeans,13601,,Jan 08 2025,returned,Mumbai,NULL
FK-6286,Customer_5286,shoes,Adidas Sliders,5492,2,05-08-25,Delivered,Chennai,14
FK-6287,Customer_5287,ELECTRONICS,Dell Mouse,37948,1,21-04-26,Pending,,
FK-6288,Customer_5288,clothing,Saree,Rs. 66521,2,11-01-26,Canceled,,1
FK-6289,Customer_5289,Beauty,Lakme Eyeliner,64825,1,28-04-25,delivered,Delhi,19
FK-6290,Customer_5290,Beauty,Maybelline Lipstick,-63076,1,17-06-25,Canceled,Chennai,30
FK-6291,,Home & Kitchen,Milton Thermos,54094,3,18-10-25,delivered,Pune,28
FK-6292,Customer_5292,Books,Python Crash Course,73566,1,13-10-25,Returned,Hyd,22
FK-6293,Customer_5293,ELECTRONICS,Samsung Galaxy M14,,1,07-02-26,delivered,Hyd,27
FK-6294,Customer_5294,Books,Atomic Habits,29444,1,10-07-25,returned,Hyd,15
FK-6295,Customer_5295,Electronics,HP Pavilion Laptop,21481,1,21-05-25,Delivered,Mumbai,27
FK-6296,Customer_5296,Electronics,Sony Headphones,34344,1,08-05-26,Pending,Bengaluru,N/A
FK-6297,Customer_5297,Clothing,Men's T-Shirt,Rs. 67623,1,Mar 08 2025,delivered,Bengaluru,0%
FK-6298,Customer_5298,Clothing,Saree,21444,1,01-10-25,Shipped,Chennai,8
FK-6299,Customer_5299,Shoes,Nike Running Shoes,70198,4,Mar 31 2025,Delivered,Mumbai,3
FK-6300,Customer_5300,Home & Kitchen,Prestige Cooker,₹47653,2,12-11-25,Pending,Hyderabad,2
FK-6301,Customer_5301,Clothing,Saree,30216,4,25-01-26,returned,Gurgaon,NULL
FK-6302,Customer_5302,Home & Kitchen,Milton Thermos,30388,2,Jan 15 2025,Pending,BLR,7%
FK-6303,Customer_5303,Books,Atomic Habits,2066,2,04-08-25,returned,Hyderabad,N/A
FK-6304,Customer_5304,beauty,Lakme Eyeliner,29087,1,03-02-25,returned,Mumbai,12
FK-6305,Customer_5305,ELECTRONICS,HP Pavilion Laptop,39486,4,13-03-25,delivered,Delhi,17%
FK-6306,Customer_5306,Beauty,Lakme Eyeliner,-67493,1,30-08-25,returned,BLR,14
FK-6307,,Shoes,Puma Sneakers,61204,1,28-08-25,Pending,Pune,24
FK-6308,Customer_5308,BEAUTY,Maybelline Lipstick,45737,2,01-04-26,Canceled,Kolkata,26
FK-6309,Customer_5309,electronics,Boat Airdopes,61088,2,Jan 03 2025,Delivered,,NULL
FK-6310,Customer_5310,Clothing,Jacket,69495,1,03-01-25,Shipped,Kolkata,24
FK-6311,Customer_5311,electronics,HP Pavilion Laptop,28216,one,09-05-26,delivered,Hyd,14
FK-6312,Customer_5312,Books,Python Crash Course,Rs. 5831,999,09-04-26,Canceled,Hyd,24%
FK-6313,Customer_5313,Home & Kitchen,Pigeon Gas Stove,57345,2,31-10-25,Canceled,Hyderabad,27
fk-6314,Customer_5314,Shoes,Nike Running Shoes,22170,1,15-07-25,returned,Delhi,23
fk-6314,Customer_5314,Shoes,Nike Running Shoes,22170,1,15-07-25,returned,Delhi,23
FK-6315,Customer_5315,Electronics,Dell Mouse,,4,06-05-26,returned,Chennai,18
FK-6316,Customer_5316,Home & Kitchen,Prestige Cooker,70852,1,Nov 05 2025,Pending,,3
FK-6317,Customer_5317,Clothing,Women's Kurta,19328,one,17-03-25,Canceled,Hyderabad,4
FK-6318,Customer_5318,Electronics,Sony Headphones,₹74776,1,05-10-25,Pending,Chennai,30
FK-6319,Customer_5319,Shoes,Nike Running Shoes,Rs. 59408,4,15-04-26,Returned,BLR,
FK-6320,,Beauty,Maybelline Lipstick,4183,1,24-06-25,Canceled,Hyd,2
FK-6321,,Clothing,Jeans,20726,1,14-10-25,returned,Pune,N/A
FK-6322,Customer_5322,Beauty,Nivea Lotion,47310,3,17-02-26,delivered,,23
FK-6323,Customer_5323,,Sony Headphones,25133,1,22-02-26,Pending,Kolkata,15%
FK-6324,Customer_5324,Clothing,Men's T-Shirt,29659,5,11-04-25,Returned,Mumbai,9%
FK-6325,Customer_5325,Home & Kitchen,Pigeon Gas Stove,22575,1,Feb 01 2026,returned,Chennai,2
FK-6326,Customer_5326,Home & Kitchen,Bajaj Iron,₹56498,1,21-09-25,delivered,,12
FK-6327,Customer_5327,Beauty,Nivea Lotion,44100,1,15-04-26,Pending,Mumbai,27
FK-6328,Customer_5328,Clothing,Saree,57005,3,09-06-25,Pending,Delhi,20
FK-6329,Customer_5329,Books,Atomic Habits,58424,1,17-05-25,delivered,Pune,6
6330,Customer_5330,books,Atomic Habits,62427,1,05-06-25,Delivered,,26
FK-6331,,clothing,Jeans,2881,4,23-11-25,Pending,Chennai,4
FK-6332,Customer_5332,Electronics,Dell Mouse,,1,29-04-25,delivered,Mumbai,5
FK-6333,Customer_5333,Electronics,Apple iPhone 15,24854,1,08-03-26,Pending,Chennai,4
FK-6334,Customer_5334,Beauty,Maybelline Lipstick,₹24432,1,14-05-25,Returned,Kolkata,1%
FK-6335,Customer_5335,Books,Dune,Rs. 23060,1,28-02-25,delivered,Kolkata,6
FK-6336,Customer_5336,Electronics,Dell Mouse,74343,1,14-02-25,Delivered,BLR,24
FK-6337,Customer_5337,Shoes,Adidas Sliders,69381,1,,Shipped,Chennai,12
FK-6338,Customer_5338,Clothing,Saree,64963,2,01-09-25,Returned,Hyderabad,21
FK-6339,,Books,Dune,9760,1,15-06-25,Pending,Kolkata,18
FK-6340,Customer_5340,Home & Kitchen,Prestige Cooker,69216,2,10-12-25,Shipped,Bengaluru,25
FK-6340,Customer_5340,Home & Kitchen,Prestige Cooker,69216,2,10-12-25,Shipped,Bengaluru,25
FK-6341,Customer_5341,Home & Kitchen,Pigeon Gas Stove,Rs. 69804,2,Nov 04 2025,Shipped,,25
FK-6342,Customer_5342,Books,Python Crash Course,51058,1,07-02-25,Canceled,Hyderabad,26
FK-6343,Customer_5343,Books,Atomic Habits,,1,05-04-25,returned,Kolkata,
FK-6344,Customer_5344,Clothing,Saree,Rs. 28382,2,26-05-25,Returned,Gurgaon,19
FK-6345,Customer_5345,,Samsung Galaxy M14,6201,two,20-06-25,Returned,BLR,4
FK-6346,Customer_5346,Books,Dune,-48460,1,21-02-25,Canceled,Bengaluru,1
FK-6347,Customer_5347,Clothing,Saree,5651,2,03-05-25,Canceled,Mumbai,2
FK-6348,Customer_5348,Home & Kitchen,Bajaj Iron,55403,1,27-12-25,Shipped,Gurgaon,N/A
FK-6349,Customer_5349,Beauty,Lakme Eyeliner,₹16057,2,02-04-26,Shipped,Delhi,1
FK-6350,Customer_5350,Home & Kitchen,Prestige Cooker,Rs. 30553,1,28-01-26,returned,Hyderabad,5
FK-6351,Customer_5351,Beauty,Nivea Lotion,Rs. 23254,3,26-03-26,Canceled,,28
FK-6352,Customer_5352,Shoes,Puma Sneakers,₹34808,2,06-07-25,Delivered,Gurgaon,12
FK-6353,Customer_5353,home & kitchen,Prestige Cooker,48439,1,10-10-25,Returned,Hyd,7
FK-6354,Customer_5354,Beauty,Nivea Lotion,₹53603,1,20-02-25,Canceled,Bengaluru,22
FK-6355,Customer_5355,Electronics,Sony Headphones,12971,3,29-04-25,Pending,,30
FK-6356,Customer_5356,Beauty,Lakme Eyeliner,Rs. 69408,5,01-04-26,Pending,,23
FK-6357,Customer_5357,Electronics,Boat Airdopes,48642,1,26-04-25,delivered,BLR,N/A
FK-6358,Customer_5358,Beauty,Lakme Eyeliner,43929,1,12-03-26,Delivered,Pune,NULL
FK-6359,Customer_5359,Electronics,Sony Headphones,25080,1,27-04-25,Pending,Bengaluru,28
FK-6360,Customer_5360,Electronics,Boat Airdopes,₹58283,1,Jan 10 2026,returned,Kolkata,N/A
FK-6361,Customer_5361,Books,Rich Dad Poor Dad,13760,2,07-03-26,returned,BLR,2
FK-6361,Customer_5361,Books,Rich Dad Poor Dad,13760,2,07-03-26,returned,BLR,2
FK-6362,Customer_5362,Beauty,Lakme Eyeliner,21208,1,01-12-25,delivered,Gurgaon,18
FK-6363,Customer_5363,Electronics,Sony Headphones,₹36939,1,20-03-25,Canceled,Delhi,29
FK-6364,Customer_5364,home & kitchen,Milton Thermos,15663,2,15-02-26,Delivered,Mumbai,NULL
FK-6365,Customer_5365,Beauty,Lakme Eyeliner,,1,02-11-25,Canceled,BLR,12
FK-6366,Customer_5366,Clothing,Jeans,6322,1,04-07-25,Pending,Pune,10
FK-6367,Customer_5367,Clothing,Men's T-Shirt,21047,1,19-08-25,delivered,Gurgaon,10
FK-6368,Customer_5368,Beauty,Nivea Lotion,₹37542,1,02-02-26,Canceled,Kolkata,1
FK-6369,Customer_5369,shoes,Puma Sneakers,45317,1,08-04-26,Shipped,Hyderabad,NULL
FK-6370,Customer_5370,Home & Kitchen,Milton Thermos,46596,1,10-01-25,Returned,,24
FK-6371,Customer_5371,,Samsung Galaxy M14,48673,4,15-06-25,Canceled,Hyd,18
FK-6372,Customer_5372,Shoes,Puma Sneakers,52131,1,02-12-25,Returned,Mumbai,0
FK-6373,Customer_5373,Home & Kitchen,Prestige Cooker,45334,2,26-04-26,Delivered,Hyderabad,10
fk-6374,Customer_5374,clothing,Women's Kurta,24486,2,15-02-25,returned,,28
FK-6375,Customer_5375,Electronics,Samsung Galaxy M14,21812,1,06-09-25,returned,Bengaluru,1
FK-6376,Customer_5376,Home & Kitchen,Milton Thermos,45651,1,04-06-25,Pending,Delhi,4
FK-6376,Customer_5376,Home & Kitchen,Milton Thermos,45651,1,04-06-25,Pending,Delhi,4
FK-6377,Customer_5377,Books,Python Crash Course,Rs. 27574,1,14-05-26,Shipped,Mumbai,15
FK-6378,Customer_5378,Shoes,Nike Running Shoes,₹743,3,01-01-25,Returned,,26%
FK-6379,Customer_5379,Home & Kitchen,Milton Thermos,27937,1,15-06-25,Delivered,Hyderabad,8%
FK-6380,Customer_5380,Beauty,Nivea Lotion,63411,1,04-12-25,delivered,,
FK-6381,Customer_5381,,Samsung Galaxy M14,₹50371,3,20-12-25,Returned,Hyd,5
FK-6382,Customer_5382,Clothing,Men's T-Shirt,56950,1,26-01-26,delivered,Kolkata,NULL
FK-6383,Customer_5383,Beauty,Lakme Eyeliner,₹64860,5,Nov 05 2025,Pending,Gurgaon,21
FK-6384,Customer_5384,Home & Kitchen,Pigeon Gas Stove,9097,1,29-08-25,Delivered,Gurgaon,13
FK-6385,Customer_5385,Shoes,Puma Sneakers,45667,1,Jan 30 2025,Pending,Mumbai,22
FK-6386,Customer_5386,Shoes,Puma Sneakers,66333,1,30-01-26,Delivered,Gurgaon,6
FK-6387,Customer_5387,Beauty,Nivea Lotion,9074,1,27-01-26,Delivered,Delhi,12
FK-6388,Customer_5388,Beauty,Nivea Lotion,648,1,20-03-25,Shipped,Hyderabad,NULL
FK-6389,Customer_5389,Books,Atomic Habits,16759,2,Sep 05 2025,Pending,Mumbai,16%
FK-6390,Customer_5390,shoes,Adidas Sliders,22122,1,27-03-26,Shipped,Chennai,7
FK-6391,Customer_5391,Clothing,Jeans,22686,2,08-06-25,returned,Mumbai,6
FK-6392,Customer_5392,clothing,Women's Kurta,Rs. 12268,1,10-12-25,delivered,Mumbai,29%
FK-6393,Customer_5393,Clothing,Jeans,55591,1,Nov 02 2025,returned,Hyd,2%
FK-6394,Customer_5394,Shoes,Nike Running Shoes,38451,,10-12-25,Returned,BLR,0
FK-6395,Customer_5395,Shoes,Nike Running Shoes,41389,1,21-01-25,Pending,,17
FK-6396,Customer_5396,Books,Python Crash Course,8169,4,07-04-26,returned,Gurgaon,15
FK-6397,Customer_5397,Home & Kitchen,Pigeon Gas Stove,67225,2,20-11-25,delivered,Chennai,30
FK-6398,Customer_5398,Beauty,Nivea Lotion,10976,1,07-02-25,delivered,Bengaluru,5
FK-6399,Customer_5399,Home & Kitchen,Pigeon Gas Stove,63725,3,26-07-25,Canceled,Bengaluru,25
FK-6400,Customer_5400,Beauty,Nivea Lotion,6418,-1,10-11-25,returned,Chennai,6%
FK-6401,Customer_5401,Shoes,Nike Running Shoes,,1,27-03-25,returned,Hyderabad,8
fk-6402,Customer_5402,Shoes,Puma Sneakers,12141,1,09-10-25,Returned,Hyd,24
FK-6403,Customer_5403,Electronics,Sony Headphones,Rs. 38199,1,17-04-25,Shipped,Delhi,1
FK-6404,Customer_5404,Electronics,HP Pavilion Laptop,46907,1,24-02-25,Canceled,Hyderabad,21
FK-6405,Customer_5405,,Sony Headphones,12815,1,09-03-26,Canceled,Mumbai,15%
FK-6406,Customer_5406,Clothing,Saree,47246,2,12-05-25,Shipped,Hyderabad,0
FK-6407,Customer_5407,Home & Kitchen,Milton Thermos,48070,1,23-06-25,Canceled,Hyderabad,22
FK-6408,Customer_5408,,Boat Airdopes,3177,1,28-04-26,Returned,Pune,29
FK-6409,Customer_5409,Home & Kitchen,Pigeon Gas Stove,70384,1,29-04-25,returned,Bengaluru,14
FK-6410,Customer_5410,Home & Kitchen,Pigeon Gas Stove,22448,3,Jul 01 2025,returned,Pune,0
FK-6411,Customer_5411,Home & Kitchen,Bajaj Iron,320,1,10-05-26,Returned,,11
FK-6412,,,Apple iPhone 15,19987,2,18-02-25,Shipped,Hyderabad,2
FK-6413,Customer_5413,Books,Dune,8979,1,04-03-26,Canceled,Pune,28
FK-6414,Customer_5414,Clothing,Jeans,72108,1,Sep 27 2025,Canceled,,1
FK-6415,Customer_5415,Clothing,Jeans,-25255,1,01-04-25,Canceled,Mumbai,22
FK-6416,Customer_5416,Beauty,Nivea Lotion,31891,2,12-03-26,returned,BLR,NULL
FK-6417,Customer_5417,Clothing,Jeans,30080,2,13-01-25,Canceled,Gurgaon,17
FK-6418,Customer_5418,Beauty,Lakme Eyeliner,4667,1,Apr 19 2026,Delivered,Pune,NULL
FK-6419,Customer_5419,Beauty,Nivea Lotion,7849,4,17-08-25,delivered,Gurgaon,21
FK-6420,Customer_5420,Clothing,Jacket,₹320,one,15-01-25,Delivered,Hyd,30
FK-6421,Customer_5421,Home & Kitchen,Milton Thermos,53723,1,05-01-26,Returned,BLR,N/A
FK-6422,Customer_5422,Home & Kitchen,Milton Thermos,Rs. 10597,1,24-09-25,Returned,Delhi,5%
FK-6423,Customer_5423,Home & Kitchen,Pigeon Gas Stove,22273,1,04-01-26,Pending,Kolkata,19%
FK-6424,Customer_5424,Beauty,Maybelline Lipstick,Rs. 437,2,,Pending,Hyd,N/A
FK-6425,Customer_5425,Shoes,Adidas Sliders,Rs. 2421,1,01-11-25,delivered,Hyd,28%
FK-6426,Customer_5426,Books,Dune,30537,2,21-06-25,Delivered,Hyderabad,2
FK-6427,Customer_5427,Beauty,Maybelline Lipstick,54925,1,20-12-25,returned,Gurgaon,12
FK-6428,Customer_5428,Shoes,Adidas Sliders,44385,2,04-02-26,Shipped,,26
FK-6429,Customer_5429,Books,Rich Dad Poor Dad,72946,1,06-07-25,Returned,BLR,9
FK-6430,Customer_5430,Beauty,Maybelline Lipstick,5242,1,Jan 21 2025,Shipped,Kolkata,12
FK-6431,,books,Atomic Habits,-52027,1,26-05-25,Returned,Bengaluru,23
FK-6432,Customer_5432,Beauty,Lakme Eyeliner,-7681,1,Jun 03 2025,Pending,Gurgaon,10
FK-6433,Customer_5433,Home & Kitchen,Milton Thermos,Rs. 58456,2,04-10-25,delivered,Kolkata,25
FK-6434,Customer_5434,Electronics,Sony Headphones,45726,2,17-01-25,Shipped,,13
FK-6435,Customer_5435,Clothing,Jeans,17364,5,,Canceled,Delhi,NULL
FK-6436,Customer_5436,Beauty,Lakme Eyeliner,60305,1,13-08-25,Returned,Chennai,4
FK-6437,Customer_5437,Clothing,Women's Kurta,558,2,19-01-25,returned,Hyd,26
FK-6438,Customer_5438,Beauty,Maybelline Lipstick,12661,2,Oct 07 2025,Delivered,Gurgaon,1
FK-6439,Customer_5439,,Dell Mouse,19243,1,,Returned,Hyd,NULL
FK-6440,Customer_5440,Home & Kitchen,Prestige Cooker,52871,1,08-05-25,Returned,Kolkata,7
FK-6441,Customer_5441,Electronics,Dell Mouse,41270,1,18-03-25,Delivered,Hyd,28
FK-6442,Customer_5442,Home & Kitchen,Bajaj Iron,₹69556,1,01-05-26,Canceled,BLR,21
FK-6443,Customer_5443,clothing,Women's Kurta,Rs. 23074,2,31-01-25,Returned,Mumbai,2
FK-6444,Customer_5444,Electronics,HP Pavilion Laptop,67304,2,29-05-25,Canceled,Hyderabad,
FK-6445,Customer_5445,Home & Kitchen,Milton Thermos,71799,1,30-11-25,Returned,,12
FK-6446,Customer_5446,Electronics,Samsung Galaxy M14,30498,1,Aug 17 2025,delivered,Hyd,28%
FK-6447,Customer_5447,Shoes,Adidas Sliders,41877,1,21-06-25,delivered,Mumbai,8
6448,Customer_5448,Home & Kitchen,Milton Thermos,Rs. 19535,1,17-05-25,returned,Hyd,4
FK-6449,Customer_5449,Books,Dune,39434,1,01-06-25,Pending,Hyderabad,22
FK-6450,Customer_5450,Books,Rich Dad Poor Dad,37596,2,08-04-26,Returned,Hyd,24
FK-6451,Customer_5451,Shoes,Nike Running Shoes,Rs. 44950,-1,24-02-26,delivered,Pune,27
FK-6452,Customer_5452,Books,Atomic Habits,-12026,1,24-09-25,Pending,Mumbai,19%
FK-6453,Customer_5453,Home & Kitchen,Prestige Cooker,2043,2,,Shipped,Pune,N/A
FK-6453,Customer_5453,Home & Kitchen,Prestige Cooker,2043,2,,Shipped,Pune,N/A
FK-6454,Customer_5454,,HP Pavilion Laptop,69014,1,13-12-25,Pending,,22
FK-6455,Customer_5455,Home & Kitchen,Milton Thermos,-57505,2,07-08-25,Delivered,Bengaluru,17
FK-6456,Customer_5456,Shoes,Nike Running Shoes,69311,1,10-03-26,Canceled,,30
FK-6457,Customer_5457,Beauty,Nivea Lotion,5944,2,Nov 08 2025,Shipped,BLR,22
FK-6458,Customer_5458,Clothing,Jeans,41599,1,27-02-25,Canceled,Kolkata,
FK-6459,Customer_5459,Shoes,Puma Sneakers,5444,1,18-05-25,returned,BLR,8
FK-6460,Customer_5460,Electronics,Boat Airdopes,₹15202,4,05-01-26,returned,Pune,11
FK-6461,Customer_5461,Home & Kitchen,Milton Thermos,Rs. 39656,2,20-08-25,Canceled,Gurgaon,N/A
FK-6462,Customer_5462,Home & Kitchen,Milton Thermos,21763,4,16-03-25,delivered,Kolkata,8
FK-6463,Customer_5463,Books,Atomic Habits,Rs. 55253,1,21-01-25,Shipped,BLR,4
FK-6464,Customer_5464,Shoes,Nike Running Shoes,38134,2,13-02-26,returned,,23
6465,Customer_5465,,Boat Airdopes,15168,1,08-04-26,delivered,Delhi,30%
6466,Customer_5466,Clothing,Saree,68211,2,09-03-26,Canceled,Kolkata,10
FK-6467,,Books,Python Crash Course,Rs. 45087,1,16-10-25,Returned,Chennai,16
FK-6468,,Clothing,Saree,,1,11-05-26,Returned,Bengaluru,10
FK-6469,Customer_5469,Beauty,Maybelline Lipstick,39940,2,05-11-25,delivered,,9%
FK-6470,Customer_5470,beauty,Lakme Eyeliner,60643,4,15-10-25,delivered,Bengaluru,18
FK-6470,Customer_5470,beauty,Lakme Eyeliner,60643,4,15-10-25,delivered,Bengaluru,18
FK-6471,Customer_5471,Beauty,Lakme Eyeliner,20948,two,24-07-25,Shipped,Chennai,18%
FK-6472,Customer_5472,,Dell Mouse,-50429,3,08-04-25,Returned,Hyd,6
FK-6473,Customer_5473,shoes,Puma Sneakers,24235,1,12-06-25,Shipped,,29
FK-6474,Customer_5474,Electronics,Dell Mouse,69596,1,30-01-26,Delivered,Delhi,NULL
FK-6475,Customer_5475,Home & Kitchen,Milton Thermos,Rs. 61344,3,16-10-25,Returned,Hyderabad,2
FK-6476,Customer_5476,SHOES,Puma Sneakers,5739,5,20-01-26,Canceled,Chennai,NULL
FK-6477,Customer_5477,Home & Kitchen,Bajaj Iron,37630,1,06-09-25,Canceled,Pune,21
FK-6478,Customer_5478,Books,Rich Dad Poor Dad,57220,1,Aug 05 2025,returned,Kolkata,12
FK-6479,Customer_5479,Books,Python Crash Course,2303,1,14-01-25,Returned,Gurgaon,12
FK-6480,Customer_5480,Shoes,Adidas Sliders,27808,one,26-08-25,Shipped,Hyd,16
FK-6481,Customer_5481,Home & Kitchen,Prestige Cooker,-8318,1,17-01-25,Canceled,BLR,23
fk-6482,Customer_5482,Home & Kitchen,Pigeon Gas Stove,73540,4,11-03-26,Delivered,Pune,28
FK-6483,Customer_5483,Electronics,HP Pavilion Laptop,55188,2,Jan 12 2025,delivered,,30
FK-6484,Customer_5484,Home & Kitchen,Milton Thermos,74371,2,06-05-26,Delivered,,25%
FK-6485,Customer_5485,Beauty,Nivea Lotion,68785,1,09-05-26,Returned,Chennai,12
FK-6486,Customer_5486,Beauty,Lakme Eyeliner,6352,1,20-01-26,Pending,Kolkata,25
FK-6487,Customer_5487,,HP Pavilion Laptop,Rs. 6378,1,31-03-26,Delivered,BLR,28
FK-6488,Customer_5488,Electronics,Apple iPhone 15,18734,1,08-05-26,delivered,Chennai,30
FK-6489,Customer_5489,,Boat Airdopes,-36072,3,03-04-26,Shipped,Kolkata,N/A
FK-6490,Customer_5490,Beauty,Lakme Eyeliner,Rs. 17354,4,11-02-25,Pending,BLR,30
FK-6491,Customer_5491,Home & Kitchen,Bajaj Iron,Rs. 17375,2,26-04-26,Shipped,Mumbai,11
FK-6492,Customer_5492,Clothing,Jeans,33057,2,18-06-25,returned,Hyd,23
FK-6493,Customer_5493,Beauty,Lakme Eyeliner,18211,2,Jun 24 2025,returned,Kolkata,23
FK-6494,Customer_5494,Home & Kitchen,Prestige Cooker,9426,1,02-06-25,Shipped,Hyderabad,20
FK-6495,Customer_5495,Beauty,Maybelline Lipstick,Rs. 13120,3,03-03-26,Pending,Bengaluru,N/A
FK-6496,Customer_5496,Books,Dune,₹55305,1,05-04-25,returned,BLR,26
FK-6497,Customer_5497,Electronics,Boat Airdopes,-9230,2,01-05-26,Shipped,BLR,17%
FK-6498,,Beauty,Lakme Eyeliner,49328,5,17-08-25,Delivered,Gurgaon,25
FK-6499,Customer_5499,Electronics,HP Pavilion Laptop,2407,2,01-08-25,Shipped,Pune,14
FK-6500,Customer_5500,Books,Rich Dad Poor Dad,₹17681,1,17-11-25,delivered,Bengaluru,27%
FK-6501,Customer_5501,Electronics,HP Pavilion Laptop,Rs. 56340,1,22-08-25,returned,BLR,28
FK-6502,Customer_5502,Clothing,Jeans,Rs. 12593,1,07-02-26,Shipped,Chennai,11
FK-6503,,ELECTRONICS,Samsung Galaxy M14,64361,1,13-05-26,Returned,Gurgaon,21
FK-6504,Customer_5504,Shoes,Puma Sneakers,20548,5,Jul 28 2025,returned,Hyd,N/A
FK-6505,Customer_5505,,Boat Airdopes,20646,1,21-12-25,Returned,Pune,
FK-6506,Customer_5506,Home & Kitchen,Pigeon Gas Stove,,5,17-04-25,Delivered,Hyderabad,14
FK-6507,Customer_5507,Clothing,Women's Kurta,,-1,11-05-26,Returned,Pune,N/A
fk-6508,,Home & Kitchen,Prestige Cooker,25976,1,27-01-25,Delivered,,8
6509,Customer_5509,Beauty,Maybelline Lipstick,30121,1,09-11-25,Pending,BLR,15
FK-6510,Customer_5510,Electronics,Boat Airdopes,₹10226,4,Sep 07 2025,returned,Mumbai,30
FK-6511,Customer_5511,Clothing,Women's Kurta,31840,1,Dec 14 2025,delivered,Chennai,24%
FK-6512,Customer_5512,Clothing,Jacket,Rs. 6603,1,17-08-25,delivered,Bengaluru,28
FK-6513,Customer_5513,Electronics,Apple iPhone 15,,1,31-10-25,Canceled,Chennai,15%
FK-6514,Customer_5514,Home & Kitchen,Prestige Cooker,34397,1,05-04-25,Canceled,BLR,19
FK-6515,Customer_5515,Home & Kitchen,Bajaj Iron,11878,1,20-06-25,Delivered,Pune,17
FK-6516,Customer_5516,CLOTHING,Women's Kurta,27956,,05-02-26,Canceled,Mumbai,28%
FK-6517,Customer_5517,Clothing,Men's T-Shirt,52290,1,13-06-25,returned,Hyd,25
FK-6518,Customer_5518,Books,Dune,52314,1,Mar 10 2025,Delivered,Pune,3
FK-6519,Customer_5519,Home & Kitchen,Pigeon Gas Stove,,1,05-02-26,returned,Chennai,13
6520,Customer_5520,Beauty,Lakme Eyeliner,66246,1,27-04-25,Shipped,Gurgaon,26
FK-6521,Customer_5521,,Boat Airdopes,22948,1,23-07-25,Pending,Pune,9
FK-6522,Customer_5522,BOOKS,Rich Dad Poor Dad,Rs. 44876,3,24-02-26,Canceled,BLR,28
FK-6523,Customer_5523,Books,Dune,-5939,1,04-11-25,Shipped,Hyderabad,4
FK-6524,Customer_5524,Books,Dune,74901,2,28-01-25,Delivered,Hyd,22
FK-6525,,Shoes,Puma Sneakers,29332,2,05-02-26,delivered,Chennai,7
FK-6526,Customer_5526,SHOES,Nike Running Shoes,16847,2,16-01-25,Shipped,Kolkata,24
FK-6527,Customer_5527,beauty,Lakme Eyeliner,27743,one,30-06-25,returned,Delhi,11
FK-6528,Customer_5528,Electronics,HP Pavilion Laptop,9001,2,Jul 20 2025,delivered,Bengaluru,9
6529,Customer_5529,Electronics,Boat Airdopes,63950,3,29-01-26,returned,Hyderabad,1
6530,Customer_5530,Shoes,Puma Sneakers,39550,1,May 14 2026,Shipped,,15
FK-6531,Customer_5531,Shoes,Adidas Sliders,60742,2,02-04-25,returned,Bengaluru,21%
FK-6532,Customer_5532,Home & Kitchen,Bajaj Iron,56499,4,11-01-25,Pending,Chennai,13
FK-6533,Customer_5533,Home & Kitchen,Pigeon Gas Stove,55446,1,Dec 19 2025,Shipped,Delhi,25
FK-6534,Customer_5534,Clothing,Jacket,62309,5,11-08-25,Shipped,Kolkata,28
FK-6535,Customer_5535,Books,Dune,46380,1,,Shipped,Pune,18
FK-6536,Customer_5536,Electronics,Apple iPhone 15,26151,3,21-02-25,Shipped,Hyderabad,22
FK-6537,Customer_5537,Books,Python Crash Course,42606,3,25-12-25,Delivered,Bengaluru,12
FK-6538,Customer_5538,Books,Python Crash Course,Rs. 24171,1,03-01-26,returned,Hyd,14
FK-6539,Customer_5539,Home & Kitchen,Pigeon Gas Stove,63508,1,12-04-25,Delivered,Delhi,N/A
FK-6539,Customer_5539,Home & Kitchen,Pigeon Gas Stove,63508,1,12-04-25,Delivered,Delhi,N/A
FK-6540,Customer_5540,Shoes,Adidas Sliders,37050,2,05-07-25,Shipped,Pune,28
FK-6541,Customer_5541,beauty,Maybelline Lipstick,-25146,1,25-08-25,delivered,Mumbai,28
FK-6542,Customer_5542,Home & Kitchen,Prestige Cooker,40932,1,09-03-25,Returned,Kolkata,1
FK-6543,Customer_5543,Shoes,Puma Sneakers,64940,1,09-04-25,returned,Pune,
FK-6544,Customer_5544,shoes,Nike Running Shoes,18295,1,11-04-25,returned,Kolkata,2
FK-6545,Customer_5545,Shoes,Nike Running Shoes,14436,1,14-05-25,Returned,Pune,22
FK-6546,Customer_5546,Books,Python Crash Course,Rs. 51622,1,08-10-25,Canceled,Chennai,28%
FK-6547,Customer_5547,Home & Kitchen,Bajaj Iron,46578,,12-08-25,Returned,Gurgaon,5
FK-6548,Customer_5548,Books,Python Crash Course,Rs. 3256,1,31-12-25,Pending,Chennai,8
FK-6549,,Home & Kitchen,Milton Thermos,42564,1,22-04-26,Returned,Chennai,9
FK-6550,Customer_5550,Home & Kitchen,Pigeon Gas Stove,-44445,1,26-04-26,Pending,BLR,15
FK-6551,Customer_5551,Electronics,HP Pavilion Laptop,23205,1,24-01-26,delivered,Chennai,30
FK-6552,Customer_5552,,Samsung Galaxy M14,10573,1,04-03-26,Canceled,Hyderabad,18
FK-6553,Customer_5553,Electronics,Apple iPhone 15,62908,1,23-09-25,Delivered,Mumbai,21
FK-6554,Customer_5554,,Sony Headphones,35146,1,14-05-25,returned,Hyderabad,27
FK-6555,Customer_5555,Electronics,Boat Airdopes,68478,2,May 13 2026,delivered,Chennai,28
FK-6556,Customer_5556,Electronics,Sony Headphones,40554,1,04-10-25,Pending,Hyd,17
FK-6557,Customer_5557,Shoes,Nike Running Shoes,66095,1,20-05-25,Delivered,Mumbai,9%
FK-6558,Customer_5558,Home & Kitchen,Pigeon Gas Stove,45860,1,09-05-26,returned,Chennai,12%
FK-6559,Customer_5559,Beauty,Lakme Eyeliner,15447,2,16-09-25,Canceled,Hyd,11
FK-6560,Customer_5560,Books,Dune,19560,5,08-03-25,Returned,Hyd,6
FK-6561,Customer_5561,Electronics,Samsung Galaxy M14,29471,1,21-08-25,Canceled,Bengaluru,0%
FK-6562,Customer_5562,CLOTHING,Men's T-Shirt,39603,1,25-01-25,delivered,Bengaluru,NULL
FK-6563,Customer_5563,Books,Atomic Habits,22327,1,31-08-25,Canceled,Hyderabad,11%
FK-6564,Customer_5564,Books,Python Crash Course,Rs. 17633,two,26-06-25,returned,Mumbai,0
FK-6565,Customer_5565,Electronics,Apple iPhone 15,66632,1,Jun 21 2025,Pending,Kolkata,1
FK-6566,Customer_5566,Books,Rich Dad Poor Dad,₹67798,1,09-04-25,Delivered,Delhi,NULL
FK-6567,Customer_5567,Electronics,HP Pavilion Laptop,,1,27-02-26,Shipped,,6
FK-6568,Customer_5568,Electronics,Samsung Galaxy M14,56644,1,Sep 13 2025,Canceled,Chennai,14
FK-6569,Customer_5569,Shoes,Puma Sneakers,44382,1,07-03-25,Pending,BLR,20
FK-6570,Customer_5570,Electronics,Apple iPhone 15,2178,2,07-07-25,Returned,Hyd,4
FK-6571,Customer_5571,Beauty,Lakme Eyeliner,32621,1,30-05-25,returned,Pune,NULL
6572,Customer_5572,Beauty,Lakme Eyeliner,₹40093,1,27-05-25,Canceled,Delhi,22
FK-6573,Customer_5573,,Boat Airdopes,Rs. 39963,1,,returned,Bengaluru,14
FK-6574,Customer_5574,Clothing,Women's Kurta,11998,1,Aug 16 2025,Delivered,Hyd,6
FK-6575,Customer_5575,Beauty,Lakme Eyeliner,₹53179,1,22-05-25,Canceled,Delhi,2
FK-6576,Customer_5576,Home & Kitchen,Bajaj Iron,39643,2,28-12-25,Canceled,Hyd,18
FK-6577,Customer_5577,Electronics,HP Pavilion Laptop,,1,07-02-25,Delivered,Hyd,8
FK-6578,Customer_5578,Shoes,Adidas Sliders,59485,2,13-02-26,Shipped,Kolkata,
FK-6579,Customer_5579,Beauty,Nivea Lotion,60067,2,,delivered,Bengaluru,29
FK-6580,Customer_5580,Clothing,Saree,74646,4,Dec 22 2025,Pending,,16
FK-6581,Customer_5581,beauty,Maybelline Lipstick,5567,1,06-03-25,delivered,BLR,24
FK-6581,Customer_5581,beauty,Maybelline Lipstick,5567,1,06-03-25,delivered,BLR,24
FK-6582,Customer_5582,Beauty,Lakme Eyeliner,30066,3,Oct 31 2025,returned,BLR,17
FK-6583,Customer_5583,Clothing,Saree,18076,one,23-07-25,Returned,Bengaluru,17
FK-6584,Customer_5584,electronics,Boat Airdopes,60751,1,Mar 17 2025,delivered,Gurgaon,26
FK-6585,Customer_5585,Home & Kitchen,Bajaj Iron,62912,1,21-02-26,Shipped,Hyderabad,29
FK-6586,Customer_5586,Books,Rich Dad Poor Dad,20047,1,Feb 05 2025,Shipped,Gurgaon,17
FK-6587,Customer_5587,Electronics,Sony Headphones,Rs. 72792,1,29-09-25,returned,Hyd,6
FK-6588,Customer_5588,Beauty,Maybelline Lipstick,₹73374,1,05-12-25,Shipped,Hyderabad,NULL
FK-6589,Customer_5589,Clothing,Women's Kurta,37193,1,22-11-25,returned,Bengaluru,25
FK-6590,Customer_5590,Home & Kitchen,Prestige Cooker,5606,1,15-06-25,Delivered,Kolkata,19
FK-6591,Customer_5591,Books,Dune,64981,2,10-03-26,Delivered,Mumbai,17
FK-6592,Customer_5592,Shoes,Nike Running Shoes,32641,2,Nov 12 2025,Pending,Bengaluru,NULL
FK-6593,Customer_5593,Home & Kitchen,Bajaj Iron,70611,1,12-01-26,Pending,Pune,20
FK-6594,Customer_5594,Home & Kitchen,Prestige Cooker,30067,1,01-02-25,Pending,Chennai,2
FK-6595,Customer_5595,Home & Kitchen,Milton Thermos,35035,-1,19-06-25,delivered,,17
FK-6596,Customer_5596,Clothing,Jeans,60457,1,10-11-25,Shipped,Kolkata,24
FK-6597,Customer_5597,Clothing,Jacket,62697,1,11-03-25,delivered,,N/A
FK-6598,Customer_5598,Home & Kitchen,Bajaj Iron,50015,1,10-11-25,Delivered,Delhi,8
FK-6599,Customer_5599,books,Rich Dad Poor Dad,66122,1,14-04-25,Returned,Pune,
FK-6600,Customer_5600,Books,Atomic Habits,Rs. 30713,1,,Pending,Hyd,12
FK-6601,Customer_5601,Home & Kitchen,Bajaj Iron,5407,1,Oct 13 2025,Canceled,Hyd,12
FK-6602,Customer_5602,Shoes,Puma Sneakers,57558,1,11-03-25,Pending,BLR,9
FK-6603,Customer_5603,Beauty,Nivea Lotion,25078,999,16-01-25,Pending,Kolkata,12
FK-6604,Customer_5604,Beauty,Lakme Eyeliner,30300,5,17-07-25,Delivered,Gurgaon,15
FK-6605,Customer_5605,books,Rich Dad Poor Dad,,1,19-08-25,returned,Bengaluru,14%
FK-6606,Customer_5606,Beauty,Nivea Lotion,32377,1,04-06-25,Shipped,Hyd,12
FK-6606,Customer_5606,Beauty,Nivea Lotion,32377,1,04-06-25,Shipped,Hyd,12
FK-6607,Customer_5607,Books,Python Crash Course,53606,1,27-09-25,Pending,,7
FK-6608,,Clothing,Men's T-Shirt,48011,1,15-06-25,Returned,Hyderabad,
FK-6609,Customer_5609,Shoes,Puma Sneakers,₹51827,1,Mar 01 2026,Returned,,23
FK-6610,Customer_5610,Beauty,Lakme Eyeliner,67295,-1,05-07-25,Canceled,Chennai,22
6611,Customer_5611,Clothing,Jacket,-53815,1,03-09-25,Canceled,Delhi,17%
FK-6612,Customer_5612,Clothing,Jeans,Rs. 52884,2,27-04-25,delivered,Pune,28%
FK-6613,Customer_5613,beauty,Maybelline Lipstick,2891,1,01-07-25,Delivered,,7
FK-6614,Customer_5614,Electronics,Boat Airdopes,,1,27-03-26,Canceled,BLR,11
fk-6615,Customer_5615,shoes,Puma Sneakers,8105,1,05-02-25,returned,Pune,16
FK-6616,Customer_5616,Home & Kitchen,Milton Thermos,25623,1,17-08-25,Delivered,Chennai,
FK-6617,Customer_5617,clothing,Women's Kurta,,1,26-08-25,Returned,Delhi,26
FK-6618,,Electronics,Boat Airdopes,15833,1,23-07-25,Canceled,Delhi,N/A
6619,Customer_5619,Books,Python Crash Course,,1,23-01-25,delivered,Gurgaon,11
FK-6620,Customer_5620,Books,Dune,13615,1,13-03-25,returned,Hyd,24
FK-6621,Customer_5621,,Boat Airdopes,13522,1,01-05-25,Canceled,Kolkata,12%
FK-6622,Customer_5622,shoes,Nike Running Shoes,26234,5,30-05-25,returned,Mumbai,18
FK-6623,Customer_5623,Home & Kitchen,Milton Thermos,58711,1,19-11-25,Pending,BLR,4
FK-6624,Customer_5624,shoes,Adidas Sliders,-48904,-1,19-08-25,Returned,Hyderabad,17
FK-6625,Customer_5625,Books,Dune,74193,1,31-01-25,Pending,Bengaluru,12
FK-6626,Customer_5626,Shoes,Puma Sneakers,,1,02-03-26,Shipped,Gurgaon,
FK-6627,Customer_5627,Home & Kitchen,Milton Thermos,Rs. 65679,1,13-05-26,Canceled,Delhi,19
FK-6628,Customer_5628,shoes,Nike Running Shoes,,1,05-03-26,Delivered,Pune,12
FK-6629,Customer_5629,Shoes,Puma Sneakers,₹11033,1,18-04-25,Delivered,Delhi,28
FK-6630,Customer_5630,CLOTHING,Men's T-Shirt,57640,1,22-01-25,returned,Gurgaon,20
FK-6631,Customer_5631,Beauty,Maybelline Lipstick,70097,1,15-05-26,Shipped,Pune,30
FK-6632,Customer_5632,Clothing,Women's Kurta,-64518,1,06-05-26,Returned,Hyderabad,NULL
FK-6633,Customer_5633,Beauty,Maybelline Lipstick,Rs. 232,1,05-10-25,Pending,Delhi,N/A
FK-6634,Customer_5634,Electronics,Sony Headphones,10953,1,01-02-25,returned,Hyd,20%
FK-6635,,Shoes,Puma Sneakers,39113,1,30-08-25,returned,,1
FK-6636,Customer_5636,Home & Kitchen,Bajaj Iron,,1,15-04-25,Shipped,Delhi,0
FK-6637,Customer_5637,Beauty,Nivea Lotion,709,1,31-01-25,Canceled,Pune,19
FK-6638,Customer_5638,BOOKS,Rich Dad Poor Dad,3118,1,28-10-25,returned,Hyd,3
FK-6639,Customer_5639,Clothing,Jacket,44750,1,12-05-25,returned,BLR,30
fk-6640,Customer_5640,Electronics,HP Pavilion Laptop,57559,3,Mar 23 2026,Shipped,Delhi,16
FK-6641,Customer_5641,Electronics,HP Pavilion Laptop,44662,4,13-03-26,Canceled,BLR,17
FK-6642,Customer_5642,books,Python Crash Course,,2,Mar 31 2026,delivered,,26
FK-6643,Customer_5643,shoes,Nike Running Shoes,40038,3,02-04-25,Returned,Pune,10
FK-6644,Customer_5644,Electronics,Apple iPhone 15,-28595,1,06-07-25,Returned,Gurgaon,3%
FK-6645,Customer_5645,Home & Kitchen,Prestige Cooker,38203,,18-01-26,delivered,,2
FK-6646,Customer_5646,Clothing,Jeans,56581,3,02-08-25,Returned,Kolkata,N/A
FK-6647,Customer_5647,books,Python Crash Course,53342,1,28-09-25,Canceled,Kolkata,13
FK-6648,Customer_5648,Beauty,Maybelline Lipstick,60277,1,29-04-26,Delivered,Gurgaon,22
FK-6649,,Home & Kitchen,Prestige Cooker,29593,1,13-01-25,Shipped,,23
FK-6650,Customer_5650,Home & Kitchen,Milton Thermos,38804,1,10-11-25,Shipped,Chennai,10
FK-6651,Customer_5651,,Sony Headphones,59002,one,20-04-25,Returned,Kolkata,5
FK-6652,Customer_5652,Books,Dune,3626,5,29-07-25,Pending,Delhi,16
FK-6653,Customer_5653,beauty,Lakme Eyeliner,20397,2,13-07-25,delivered,Delhi,24%
FK-6654,Customer_5654,Clothing,Jeans,₹45051,1,27-08-25,Shipped,Hyderabad,3%
FK-6655,Customer_5655,Shoes,Adidas Sliders,65942,3,Jan 23 2026,Shipped,Mumbai,26
FK-6656,Customer_5656,Clothing,Saree,₹60312,3,07-04-25,delivered,Mumbai,N/A
FK-6657,Customer_5657,Electronics,Boat Airdopes,Rs. 12446,1,19-04-25,Pending,Kolkata,20
FK-6658,Customer_5658,electronics,Sony Headphones,-36924,2,14-03-26,Pending,BLR,4
FK-6659,Customer_5659,Books,Python Crash Course,3757,5,02-02-26,Shipped,Kolkata,NULL
FK-6660,Customer_5660,home & kitchen,Prestige Cooker,Rs. 74906,2,11-03-26,delivered,Hyd,22
FK-6661,Customer_5661,Electronics,Dell Mouse,62577,2,21-03-25,delivered,Delhi,14
FK-6662,Customer_5662,Clothing,Women's Kurta,Rs. 35479,3,29-06-25,Returned,Kolkata,13
FK-6663,Customer_5663,Clothing,Jeans,54316,two,07-09-25,Returned,Pune,6%
FK-6664,Customer_5664,Books,Atomic Habits,Rs. 5160,1,26-12-25,Pending,Hyd,17
fk-6665,Customer_5665,Home & Kitchen,Pigeon Gas Stove,₹60533,1,18-01-26,Pending,Delhi,
FK-6666,,Books,Python Crash Course,37975,2,20-04-26,Pending,Bengaluru,16
FK-6667,Customer_5667,Beauty,Lakme Eyeliner,₹4522,1,19-04-26,returned,Bengaluru,18
FK-6668,Customer_5668,shoes,Nike Running Shoes,Rs. 21660,1,11-07-25,Delivered,Pune,26%
FK-6669,Customer_5669,Shoes,Puma Sneakers,-13513,999,22-06-25,Delivered,Hyderabad,5
FK-6669,Customer_5669,Shoes,Puma Sneakers,-13513,999,22-06-25,Delivered,Hyderabad,5
FK-6670,Customer_5670,HOME & KITCHEN,Prestige Cooker,72076,1,May 24 2025,Pending,Hyderabad,13
fk-6671,Customer_5671,clothing,Saree,Rs. 72045,1,Apr 02 2025,Delivered,Kolkata,3
FK-6672,Customer_5672,Electronics,Samsung Galaxy M14,31679,1,23-01-26,delivered,Pune,20
FK-6673,,CLOTHING,Women's Kurta,₹23988,1,30-04-25,Returned,Hyd,2
FK-6674,,Clothing,Saree,₹59344,3,20-05-25,Returned,BLR,NULL
FK-6675,,Clothing,Saree,71758,1,20-02-25,Pending,,0
FK-6676,Customer_5676,Beauty,Lakme Eyeliner,55949,,12-04-26,Shipped,,8
FK-6676,Customer_5676,Beauty,Lakme Eyeliner,55949,,12-04-26,Shipped,,8
FK-6677,Customer_5677,Beauty,Nivea Lotion,₹46451,2,16-06-25,Shipped,Pune,28
FK-6678,Customer_5678,Clothing,Men's T-Shirt,,1,Mar 05 2026,Shipped,Hyderabad,21
FK-6679,Customer_5679,books,Python Crash Course,Rs. 47813,1,03-03-26,Shipped,Mumbai,6
FK-6680,Customer_5680,Beauty,Lakme Eyeliner,38857,3,06-07-25,Returned,Delhi,11
FK-6681,Customer_5681,Shoes,Adidas Sliders,5716,1,24-05-25,delivered,Hyd,26
FK-6682,Customer_5682,Shoes,Adidas Sliders,56090,1,14-09-25,returned,BLR,2
FK-6683,Customer_5683,Electronics,Samsung Galaxy M14,46471,1,15-11-25,Returned,Bengaluru,14
FK-6684,Customer_5684,Home & Kitchen,Pigeon Gas Stove,15968,1,Jul 26 2025,Shipped,Chennai,1
fk-6685,Customer_5685,Shoes,Nike Running Shoes,15093,1,01-04-25,Returned,Chennai,30
FK-6686,Customer_5686,Clothing,Women's Kurta,27821,1,01-05-25,returned,Gurgaon,2
FK-6687,Customer_5687,Clothing,Men's T-Shirt,₹73932,2,04-01-26,Canceled,Hyderabad,NULL
FK-6688,Customer_5688,Electronics,Samsung Galaxy M14,₹46110,1,19-04-25,Pending,Bengaluru,5
FK-6689,Customer_5689,Shoes,Adidas Sliders,74684,1,22-12-25,delivered,Gurgaon,
FK-6689,Customer_5689,Shoes,Adidas Sliders,74684,1,22-12-25,delivered,Gurgaon,
FK-6690,Customer_5690,Shoes,Nike Running Shoes,26086,1,22-04-25,delivered,,18
FK-6691,Customer_5691,Books,Rich Dad Poor Dad,55477,1,04-04-25,Delivered,Chennai,25
FK-6692,Customer_5692,Electronics,Apple iPhone 15,30550,3,04-02-25,Returned,Pune,7
FK-6693,Customer_5693,Books,Rich Dad Poor Dad,-31758,1,Oct 23 2025,delivered,Delhi,10
FK-6694,Customer_5694,books,Dune,33574,1,21-11-25,Shipped,BLR,5
FK-6695,Customer_5695,Shoes,Adidas Sliders,62425,4,20-04-26,Shipped,Gurgaon,10
FK-6696,Customer_5696,Clothing,Men's T-Shirt,-74049,2,19-01-25,Shipped,Delhi,1
FK-6697,Customer_5697,clothing,Men's T-Shirt,65655,4,02-09-25,Shipped,Hyderabad,28%
FK-6698,Customer_5698,Clothing,Women's Kurta,Rs. 30578,2,08-02-25,Canceled,Hyderabad,29%
FK-6698,Customer_5698,Clothing,Women's Kurta,Rs. 30578,2,08-02-25,Canceled,Hyderabad,29%
FK-6699,Customer_5699,,HP Pavilion Laptop,₹247,1,03-04-25,Returned,Hyderabad,18
FK-6700,Customer_5700,Beauty,Lakme Eyeliner,45786,2,09-01-26,Shipped,Bengaluru,N/A
FK-6701,Customer_5701,beauty,Nivea Lotion,67915,2,,Shipped,Kolkata,N/A
FK-6702,Customer_5702,Home & Kitchen,Pigeon Gas Stove,3488,1,17-04-25,Delivered,Gurgaon,25
FK-6703,Customer_5703,Books,Rich Dad Poor Dad,2821,2,14-09-25,delivered,Chennai,1
FK-6704,Customer_5704,Electronics,Samsung Galaxy M14,-66353,1,18-10-25,Delivered,Bengaluru,23
fk-6705,Customer_5705,Shoes,Puma Sneakers,17644,4,26-04-25,Pending,Mumbai,2
FK-6706,Customer_5706,Books,Python Crash Course,42580,2,18-11-25,Shipped,Kolkata,25
FK-6707,Customer_5707,Beauty,Nivea Lotion,37798,1,Oct 29 2025,Returned,Bengaluru,7
FK-6708,,Clothing,Saree,65691,1,21-01-25,returned,Delhi,2
fk-6709,Customer_5709,Shoes,Puma Sneakers,,2,16-04-26,Returned,Bengaluru,2
FK-6710,Customer_5710,Electronics,Samsung Galaxy M14,25668,two,14-04-26,returned,BLR,29
FK-6711,Customer_5711,Clothing,Saree,56317,2,22-11-25,Shipped,Chennai,22
FK-6712,Customer_5712,Books,Dune,36652,1,05-09-25,Pending,Kolkata,7
fk-6713,Customer_5713,Electronics,Sony Headphones,19388,1,17-03-26,Delivered,Mumbai,1
FK-6714,Customer_5714,Shoes,Puma Sneakers,69921,2,03-08-25,Delivered,Gurgaon,13
FK-6715,Customer_5715,Books,Rich Dad Poor Dad,6643,1,26-04-25,Returned,Hyderabad,6
FK-6716,Customer_5716,,Apple iPhone 15,15957,4,29-05-25,Shipped,,8
FK-6717,Customer_5717,Clothing,Saree,₹43547,3,13-03-25,returned,Kolkata,8
FK-6718,Customer_5718,Shoes,Nike Running Shoes,11440,3,23-04-26,Shipped,,NULL
FK-6719,,,Apple iPhone 15,51381,one,20-02-26,Returned,Kolkata,6
FK-6720,Customer_5720,shoes,Adidas Sliders,Rs. 19255,1,10-05-26,Canceled,Bengaluru,13
FK-6721,Customer_5721,Home & Kitchen,Milton Thermos,,-1,05-02-26,returned,Hyderabad,21
FK-6722,Customer_5722,,Dell Mouse,2733,1,12-02-25,Canceled,Hyderabad,6
FK-6723,Customer_5723,Beauty,Maybelline Lipstick,Rs. 61229,two,14-04-26,delivered,Delhi,8%
FK-6724,Customer_5724,,HP Pavilion Laptop,-61795,2,22-01-26,Canceled,Bengaluru,25
FK-6725,Customer_5725,shoes,Puma Sneakers,18442,1,24-02-26,Canceled,Pune,NULL
FK-6726,Customer_5726,Books,Dune,₹64937,two,01-04-25,Canceled,,2
6727,Customer_5727,Electronics,HP Pavilion Laptop,Rs. 71896,3,11-01-26,Returned,Gurgaon,27
FK-6728,Customer_5728,clothing,Men's T-Shirt,47154,1,16-01-25,Delivered,Chennai,24
FK-6729,Customer_5729,Clothing,Saree,Rs. 65490,1,,Returned,BLR,26
FK-6730,Customer_5730,Electronics,Sony Headphones,57194,2,18-02-26,returned,BLR,6%
FK-6731,Customer_5731,Clothing,Women's Kurta,11940,1,,Pending,Chennai,29
FK-6732,Customer_5732,Electronics,HP Pavilion Laptop,21302,1,22-04-26,delivered,Bengaluru,12
FK-6733,Customer_5733,Electronics,Boat Airdopes,3616,1,,Returned,,3
FK-6734,Customer_5734,Shoes,Nike Running Shoes,,two,01-02-25,Returned,Gurgaon,16
FK-6735,Customer_5735,Shoes,Nike Running Shoes,2170,1,20-05-25,Pending,Gurgaon,20
FK-6736,Customer_5736,Books,Atomic Habits,66574,1,05-08-25,delivered,Kolkata,5
fk-6737,Customer_5737,Shoes,Adidas Sliders,31256,-1,30-12-25,delivered,Bengaluru,
FK-6738,Customer_5738,electronics,Samsung Galaxy M14,32082,2,14-09-25,Pending,Hyderabad,22
FK-6739,Customer_5739,Shoes,Puma Sneakers,63216,4,20-10-25,Shipped,Mumbai,3
FK-6740,Customer_5740,Beauty,Lakme Eyeliner,53425,1,08-03-25,delivered,Hyd,21
FK-6741,Customer_5741,Clothing,Jeans,42811,,10-03-25,returned,Kolkata,23
FK-6742,Customer_5742,clothing,Men's T-Shirt,31669,1,24-10-25,returned,Pune,13
fk-6743,Customer_5743,beauty,Lakme Eyeliner,53354,1,28-07-25,Pending,Gurgaon,N/A
FK-6744,Customer_5744,Home & Kitchen,Milton Thermos,-29374,2,05-04-25,Returned,BLR,28
FK-6745,Customer_5745,Beauty,Nivea Lotion,₹16462,1,22-01-25,Pending,Gurgaon,7
FK-6746,Customer_5746,Home & Kitchen,Milton Thermos,22199,1,14-06-25,returned,BLR,19
FK-6747,Customer_5747,Beauty,Maybelline Lipstick,Rs. 58962,1,25-06-25,Delivered,Chennai,N/A
6748,Customer_5748,Shoes,Puma Sneakers,73577,1,15-09-25,Canceled,Bengaluru,4
FK-6749,Customer_5749,Beauty,Nivea Lotion,Rs. 62749,4,11-02-26,Returned,,7
FK-6750,Customer_5750,Shoes,Nike Running Shoes,251,1,28-03-25,returned,Bengaluru,25
FK-6751,Customer_5751,Shoes,Puma Sneakers,31052,3,28-02-26,delivered,Gurgaon,12%
FK-6752,Customer_5752,shoes,Puma Sneakers,37180,1,23-07-25,delivered,Kolkata,1
FK-6753,Customer_5753,Shoes,Adidas Sliders,36461,3,10-04-25,delivered,BLR,0
FK-6754,Customer_5754,SHOES,Nike Running Shoes,43430,-1,06-07-25,delivered,Hyderabad,
FK-6755,Customer_5755,Electronics,Boat Airdopes,Rs. 73346,2,18-07-25,Shipped,BLR,26
FK-6756,Customer_5756,electronics,HP Pavilion Laptop,16107,3,11-05-25,Shipped,Chennai,28
FK-6757,Customer_5757,Shoes,Adidas Sliders,30815,1,,Shipped,Kolkata,5
FK-6758,Customer_5758,Clothing,Women's Kurta,43435,999,,Canceled,,3%
FK-6759,Customer_5759,Books,Dune,68479,1,18-08-25,Delivered,Delhi,12
FK-6760,,Electronics,Dell Mouse,41500,1,11-12-25,Pending,Chennai,8
FK-6761,Customer_5761,home & kitchen,Milton Thermos,6527,3,01-02-26,Canceled,Chennai,7
FK-6762,Customer_5762,Books,Rich Dad Poor Dad,52479,1,30-04-25,Shipped,Delhi,19
FK-6763,Customer_5763,Home & Kitchen,Pigeon Gas Stove,28972,1,08-07-25,delivered,Gurgaon,4%
FK-6764,Customer_5764,Shoes,Adidas Sliders,,1,May 05 2026,Shipped,Kolkata,6
6765,Customer_5765,books,Atomic Habits,41013,1,Nov 30 2025,Pending,Gurgaon,23
FK-6766,Customer_5766,Shoes,Adidas Sliders,74810,3,09-01-26,Delivered,Chennai,N/A
FK-6767,Customer_5767,Clothing,Men's T-Shirt,34668,2,28-03-25,delivered,Mumbai,16
FK-6768,Customer_5768,Beauty,Maybelline Lipstick,63258,1,03-08-25,Delivered,Hyd,10
FK-6769,Customer_5769,Beauty,Maybelline Lipstick,49576,1,21-01-25,Shipped,Pune,N/A
FK-6770,Customer_5770,shoes,Puma Sneakers,₹29487,2,16-12-25,Shipped,Chennai,24
FK-6771,Customer_5771,Shoes,Adidas Sliders,₹70485,2,20-05-25,returned,Pune,N/A
FK-6772,Customer_5772,Clothing,Women's Kurta,21343,1,28-01-26,Delivered,Bengaluru,24
FK-6773,Customer_5773,Clothing,Women's Kurta,Rs. 43713,4,10-03-25,Canceled,Delhi,5
FK-6774,Customer_5774,Shoes,Adidas Sliders,₹35057,1,01-03-25,returned,Delhi,22
6775,Customer_5775,Beauty,Maybelline Lipstick,Rs. 68742,1,12-12-25,Shipped,,7
fk-6776,Customer_5776,Home & Kitchen,Pigeon Gas Stove,9852,4,04-05-26,Shipped,Hyd,
FK-6777,Customer_5777,Clothing,Men's T-Shirt,21739,1,18-04-25,Returned,Chennai,20%
FK-6778,Customer_5778,Books,Rich Dad Poor Dad,74887,1,26-03-25,Pending,Hyd,20%
FK-6779,Customer_5779,Shoes,Nike Running Shoes,21245,1,14-04-25,Shipped,Mumbai,8
FK-6780,Customer_5780,Books,Dune,35209,4,09-11-25,Pending,Hyderabad,5
FK-6781,Customer_5781,Home & Kitchen,Milton Thermos,5990,3,07-07-25,Canceled,Chennai,27
FK-6782,,Books,Dune,Rs. 1722,one,15-01-26,Delivered,Hyderabad,22
FK-6783,Customer_5783,Shoes,Nike Running Shoes,₹69696,1,May 20 2025,Pending,BLR,30
FK-6784,Customer_5784,Home & Kitchen,Bajaj Iron,4502,2,13-08-25,Canceled,Delhi,17
6785,Customer_5785,Electronics,HP Pavilion Laptop,23834,1,15-11-25,Canceled,Pune,9%
FK-6786,Customer_5786,Beauty,Lakme Eyeliner,₹4282,4,16-02-26,Canceled,Hyd,4%
FK-6787,Customer_5787,Beauty,Lakme Eyeliner,72664,1,,Pending,Hyd,8
FK-6788,Customer_5788,shoes,Nike Running Shoes,7730,1,01-05-25,Delivered,Kolkata,2
FK-6789,Customer_5789,Electronics,HP Pavilion Laptop,67982,1,21-01-26,Delivered,Bengaluru,5
FK-6790,Customer_5790,Books,Dune,₹17975,4,Aug 16 2025,delivered,,N/A
FK-6791,Customer_5791,Clothing,Jacket,₹15767,two,Mar 26 2026,Shipped,Chennai,3
FK-6792,Customer_5792,Shoes,Nike Running Shoes,23133,one,30-01-26,Pending,Mumbai,11
FK-6793,Customer_5793,Shoes,Puma Sneakers,70289,3,25-04-25,Shipped,Kolkata,2
FK-6794,Customer_5794,Clothing,Jacket,29626,4,30-08-25,Canceled,Bengaluru,6
FK-6795,Customer_5795,Shoes,Puma Sneakers,9437,1,12-02-26,Pending,BLR,11
FK-6796,Customer_5796,ELECTRONICS,Samsung Galaxy M14,-32851,4,10-10-25,delivered,Gurgaon,29
FK-6797,Customer_5797,Beauty,Maybelline Lipstick,36287,1,14-05-26,Canceled,Gurgaon,20
FK-6798,Customer_5798,Home & Kitchen,Bajaj Iron,29322,1,24-04-25,Delivered,Gurgaon,NULL
FK-6799,Customer_5799,Beauty,Nivea Lotion,67697,2,12-02-25,Delivered,Mumbai,8%
FK-6800,,Beauty,Maybelline Lipstick,₹26045,1,03-09-25,Canceled,Kolkata,10
FK-6801,Customer_5801,Shoes,Puma Sneakers,37744,1,22-10-25,Pending,Pune,24
FK-6802,,Electronics,Samsung Galaxy M14,63849,1,24-05-25,returned,,16
FK-6803,Customer_5803,Electronics,Dell Mouse,46019,1,16-05-26,returned,Pune,24
FK-6804,Customer_5804,Clothing,Jacket,24679,1,10-12-25,Canceled,Pune,12
FK-6805,Customer_5805,Beauty,Nivea Lotion,57378,3,24-04-25,Canceled,Hyd,7
fk-6806,Customer_5806,Home & Kitchen,Prestige Cooker,53671,1,Apr 30 2026,returned,BLR,3
fk-6807,Customer_5807,Electronics,Samsung Galaxy M14,Rs. 40961,two,10-05-26,Returned,Hyderabad,5
FK-6808,Customer_5808,Home & Kitchen,Milton Thermos,₹17850,1,Jan 22 2026,Returned,Hyd,26
FK-6809,Customer_5809,BOOKS,Atomic Habits,50593,1,21-03-26,Pending,Hyderabad,15
FK-6810,Customer_5810,Clothing,Women's Kurta,18909,4,10-01-26,delivered,Hyd,26
FK-6811,Customer_5811,Electronics,Samsung Galaxy M14,23651,1,01-05-25,Shipped,,NULL
6812,Customer_5812,electronics,Sony Headphones,457,2,01-04-26,delivered,Chennai,22%
FK-6813,Customer_5813,Books,Dune,43058,1,06-06-25,returned,Kolkata,2%
FK-6814,Customer_5814,Home & Kitchen,Milton Thermos,67776,2,16-10-25,Returned,Kolkata,13
FK-6815,Customer_5815,shoes,Nike Running Shoes,₹12010,4,24-12-25,delivered,Pune,10
FK-6816,Customer_5816,clothing,Saree,68345,2,24-03-26,Delivered,Gurgaon,9
FK-6817,Customer_5817,Shoes,Adidas Sliders,,3,11-02-26,Pending,Hyderabad,22
FK-6818,Customer_5818,clothing,Jacket,52728,1,27-01-26,delivered,Chennai,9%
FK-6819,Customer_5819,,Dell Mouse,58636,5,25-03-25,Returned,Pune,8
FK-6820,Customer_5820,Electronics,Dell Mouse,67298,5,21-06-25,Canceled,Gurgaon,23
FK-6821,Customer_5821,,Dell Mouse,Rs. 66654,1,25-07-25,Shipped,BLR,11
FK-6822,Customer_5822,Shoes,Nike Running Shoes,35197,1,19-04-26,Delivered,Chennai,18
FK-6823,Customer_5823,Clothing,Jeans,61659,1,Apr 27 2026,Canceled,Hyd,26%
FK-6824,Customer_5824,Electronics,Apple iPhone 15,,1,24-04-26,Pending,,1%
FK-6825,Customer_5825,Home & Kitchen,Prestige Cooker,₹54719,1,29-04-26,Pending,Chennai,N/A
FK-6826,Customer_5826,Beauty,Lakme Eyeliner,Rs. 47964,2,Jan 12 2025,returned,Hyd,0
FK-6827,Customer_5827,Home & Kitchen,Prestige Cooker,31076,1,Mar 26 2025,Returned,Gurgaon,N/A
FK-6828,Customer_5828,Home & Kitchen,Prestige Cooker,₹55462,1,16-06-25,Delivered,Hyderabad,
FK-6829,Customer_5829,Beauty,Nivea Lotion,9266,1,09-04-25,Pending,BLR,5
FK-6830,Customer_5830,BEAUTY,Lakme Eyeliner,24340,2,15-10-25,Shipped,Hyderabad,
FK-6831,Customer_5831,,Apple iPhone 15,-58448,1,24-02-26,returned,Kolkata,9
FK-6832,Customer_5832,Clothing,Jeans,60582,2,03-12-25,returned,Mumbai,19
FK-6833,Customer_5833,Beauty,Nivea Lotion,7973,1,26-01-26,Canceled,Hyderabad,20
FK-6834,Customer_5834,beauty,Maybelline Lipstick,7764,1,29-03-26,delivered,Delhi,10
FK-6835,Customer_5835,Beauty,Nivea Lotion,₹74123,1,21-06-25,Delivered,Mumbai,2
FK-6836,Customer_5836,Beauty,Lakme Eyeliner,,2,07-04-26,Pending,Hyd,7
FK-6837,Customer_5837,Clothing,Men's T-Shirt,52658,3,31-01-25,Shipped,Delhi,21%
FK-6838,Customer_5838,Shoes,Nike Running Shoes,33379,1,Apr 06 2025,Pending,Delhi,22
FK-6839,Customer_5839,Electronics,Sony Headphones,,1,05-08-25,Canceled,Bengaluru,6
FK-6840,Customer_5840,Clothing,Women's Kurta,70028,2,26-08-25,Canceled,,22
FK-6840,Customer_5840,Clothing,Women's Kurta,70028,2,26-08-25,Canceled,,22
FK-6841,Customer_5841,Electronics,Boat Airdopes,23114,2,09-05-25,Shipped,Chennai,19
6842,Customer_5842,Beauty,Lakme Eyeliner,53214,2,01-10-25,returned,Gurgaon,22
FK-6843,Customer_5843,Books,Dune,54451,1,04-07-25,Canceled,Chennai,26
FK-6844,Customer_5844,Electronics,Dell Mouse,26258,1,03-04-26,Delivered,Kolkata,9
FK-6845,Customer_5845,Books,Rich Dad Poor Dad,₹19553,2,24-01-25,Canceled,Bengaluru,22
FK-6846,Customer_5846,Books,Atomic Habits,24568,4,24-03-26,delivered,Hyderabad,12
FK-6847,Customer_5847,Home & Kitchen,Prestige Cooker,2395,1,09-01-25,Delivered,Mumbai,7
FK-6848,Customer_5848,Electronics,Dell Mouse,47607,2,09-08-25,returned,Chennai,15
FK-6849,Customer_5849,Books,Python Crash Course,Rs. 13741,5,14-12-25,Pending,BLR,25
FK-6849,Customer_5849,Books,Python Crash Course,Rs. 13741,5,14-12-25,Pending,BLR,25
FK-6850,Customer_5850,Beauty,Maybelline Lipstick,16731,one,11-08-25,delivered,Hyd,8
fk-6851,Customer_5851,Beauty,Nivea Lotion,59241,1,22-02-26,Returned,Bengaluru,24
FK-6852,Customer_5852,Shoes,Adidas Sliders,70441,1,09-05-26,delivered,Pune,7
FK-6853,Customer_5853,Beauty,Maybelline Lipstick,43681,,07-02-26,Pending,Mumbai,8
FK-6854,Customer_5854,Books,Dune,66522,2,25-02-25,Canceled,BLR,19
FK-6855,,Clothing,Jeans,49803,one,23-02-26,returned,Bengaluru,1
FK-6856,Customer_5856,Clothing,Women's Kurta,73566,1,29-07-25,Returned,Gurgaon,N/A
FK-6857,Customer_5857,Books,Atomic Habits,58208,1,27-12-25,Canceled,Mumbai,21
FK-6858,,shoes,Adidas Sliders,-62477,1,24-08-25,Pending,Hyderabad,2
FK-6859,Customer_5859,Shoes,Adidas Sliders,₹51984,5,30-08-25,Delivered,,25
FK-6860,Customer_5860,Beauty,Maybelline Lipstick,62474,1,11-09-25,returned,Hyd,
FK-6861,Customer_5861,Clothing,Jeans,9976,1,,Returned,Chennai,24%
fk-6862,Customer_5862,clothing,Women's Kurta,64639,1,05-10-25,Returned,Bengaluru,11
FK-6863,Customer_5863,books,Atomic Habits,11265,2,11-09-25,Pending,Kolkata,2
FK-6864,Customer_5864,Beauty,Nivea Lotion,₹64782,1,Apr 14 2026,Shipped,BLR,3
FK-6865,Customer_5865,Books,Python Crash Course,-39441,1,13-04-25,Returned,Gurgaon,18
FK-6866,Customer_5866,Shoes,Adidas Sliders,-12604,1,31-08-25,Returned,,17
FK-6867,Customer_5867,Home & Kitchen,Prestige Cooker,30868,1,12-12-25,Returned,Pune,27
FK-6868,Customer_5868,Clothing,Jacket,19231,1,09-03-25,Shipped,Hyderabad,16
FK-6869,Customer_5869,,Sony Headphones,35479,1,15-02-25,Pending,Gurgaon,11
FK-6870,Customer_5870,Beauty,Nivea Lotion,37373,1,03-11-25,Returned,Pune,11
FK-6871,Customer_5871,beauty,Nivea Lotion,30722,3,16-02-25,Shipped,Mumbai,3
FK-6872,Customer_5872,Home & Kitchen,Prestige Cooker,11389,1,21-03-25,Pending,Hyderabad,19
FK-6873,Customer_5873,Clothing,Women's Kurta,21389,1,14-05-25,Shipped,Hyderabad,22%
FK-6874,Customer_5874,Electronics,HP Pavilion Laptop,44833,5,Apr 20 2026,Shipped,Hyd,13
FK-6875,Customer_5875,Home & Kitchen,Milton Thermos,4730,4,Apr 27 2026,delivered,Hyderabad,11
FK-6876,Customer_5876,Home & Kitchen,Milton Thermos,70923,1,06-09-25,Canceled,Mumbai,5
FK-6877,Customer_5877,Electronics,Sony Headphones,42321,1,Jul 10 2025,Pending,Hyderabad,13%
FK-6878,Customer_5878,Clothing,Jacket,,4,04-03-26,returned,Mumbai,
FK-6879,Customer_5879,Beauty,Nivea Lotion,-34660,1,24-10-25,Canceled,Gurgaon,10%
FK-6880,Customer_5880,Shoes,Nike Running Shoes,26440,2,18-05-25,Returned,Bengaluru,21%
FK-6881,Customer_5881,Books,Atomic Habits,,1,21-07-25,Pending,Bengaluru,3
FK-6882,Customer_5882,beauty,Maybelline Lipstick,18193,2,12-07-25,Returned,BLR,0
FK-6883,Customer_5883,Books,Atomic Habits,40951,1,20-07-25,delivered,Delhi,16
FK-6884,Customer_5884,Shoes,Nike Running Shoes,,1,16-04-26,Returned,Gurgaon,30
fk-6885,Customer_5885,Electronics,HP Pavilion Laptop,₹15651,1,03-11-25,Returned,Chennai,7
FK-6886,Customer_5886,Clothing,Women's Kurta,4507,1,12-04-25,delivered,Hyd,27
FK-6887,Customer_5887,Electronics,Boat Airdopes,19695,1,21-11-25,delivered,Delhi,17
FK-6888,Customer_5888,Home & Kitchen,Bajaj Iron,10440,4,22-04-26,Shipped,Mumbai,19%
FK-6888,Customer_5888,Home & Kitchen,Bajaj Iron,10440,4,22-04-26,Shipped,Mumbai,19%
FK-6889,,Shoes,Adidas Sliders,54686,1,03-08-25,Pending,Mumbai,13
FK-6890,Customer_5890,Beauty,Maybelline Lipstick,74000,5,,Pending,Hyd,1
6891,Customer_5891,Beauty,Nivea Lotion,44466,1,25-11-25,delivered,Delhi,12%
FK-6892,Customer_5892,Clothing,Women's Kurta,30129,3,13-11-25,returned,,16
FK-6893,Customer_5893,Shoes,Nike Running Shoes,69497,2,Oct 05 2025,returned,Mumbai,1
FK-6893,Customer_5893,Shoes,Nike Running Shoes,69497,2,Oct 05 2025,returned,Mumbai,1
FK-6894,Customer_5894,Shoes,Adidas Sliders,₹38817,2,26-01-26,returned,,16
FK-6895,Customer_5895,Clothing,Jeans,₹42965,1,11-04-26,returned,Pune,23
FK-6896,Customer_5896,Books,Dune,39235,3,22-08-25,Returned,Bengaluru,23
FK-6897,Customer_5897,Beauty,Nivea Lotion,₹22111,999,12-07-25,Returned,Bengaluru,19
FK-6898,Customer_5898,Beauty,Lakme Eyeliner,59176,5,08-05-25,returned,,27
6899,Customer_5899,Clothing,Jeans,7589,1,25-04-26,Canceled,,28
FK-6900,Customer_5900,Home & Kitchen,Prestige Cooker,₹4231,2,14-11-25,returned,,14%
FK-6901,Customer_5901,Electronics,Apple iPhone 15,42078,3,22-02-26,Pending,Chennai,21%
fk-6902,Customer_5902,Clothing,Jacket,38115,2,02-06-25,delivered,Kolkata,14
FK-6903,Customer_5903,Shoes,Puma Sneakers,53148,4,14-03-25,Returned,Mumbai,
FK-6904,Customer_5904,Electronics,Apple iPhone 15,-18475,1,29-07-25,Pending,Pune,21
FK-6905,Customer_5905,Home & Kitchen,Prestige Cooker,,2,,Returned,,NULL
FK-6906,Customer_5906,Books,Dune,473,2,21-12-25,Canceled,Pune,8
FK-6907,Customer_5907,Clothing,Women's Kurta,45700,4,20-03-26,Pending,Kolkata,1
FK-6908,Customer_5908,Clothing,Jacket,52073,1,,Delivered,Hyderabad,9%
FK-6909,Customer_5909,Beauty,Lakme Eyeliner,,3,Mar 18 2026,Canceled,Mumbai,23%
FK-6910,Customer_5910,Beauty,Nivea Lotion,Rs. 44793,2,04-05-26,delivered,Hyd,0
FK-6911,Customer_5911,Home & Kitchen,Pigeon Gas Stove,70885,1,Oct 26 2025,Shipped,Kolkata,10
FK-6912,Customer_5912,Shoes,Adidas Sliders,Rs. 1514,1,03-03-26,Canceled,Hyd,25
FK-6913,Customer_5913,Beauty,Nivea Lotion,4552,1,24-04-25,returned,Bengaluru,8
FK-6914,,Electronics,Boat Airdopes,42208,2,Jun 26 2025,Returned,Delhi,5%
FK-6915,Customer_5915,Books,Dune,40582,1,15-02-26,Pending,BLR,14
FK-6916,Customer_5916,,Dell Mouse,70842,1,08-04-25,Canceled,Chennai,2
FK-6917,Customer_5917,Beauty,Lakme Eyeliner,56631,1,24-04-26,Returned,,25
FK-6918,Customer_5918,Books,Dune,43897,1,04-03-25,Pending,Pune,N/A
FK-6919,Customer_5919,Shoes,Nike Running Shoes,16066,1,25-10-25,returned,Delhi,7
fk-6920,Customer_5920,Clothing,Jeans,,3,29-01-26,Returned,Pune,18
FK-6921,Customer_5921,Shoes,Adidas Sliders,-71430,1,26-05-25,Delivered,Gurgaon,26
FK-6922,Customer_5922,Electronics,Boat Airdopes,43421,2,18-03-25,Canceled,Chennai,10
FK-6923,Customer_5923,Beauty,Lakme Eyeliner,36008,1,Apr 07 2025,Returned,Hyderabad,0
FK-6924,Customer_5924,Books,Python Crash Course,20284,1,22-02-25,returned,Pune,21
FK-6925,Customer_5925,Beauty,Maybelline Lipstick,33708,1,25-11-25,returned,Chennai,27
FK-6926,Customer_5926,Beauty,Maybelline Lipstick,48488,2,14-09-25,Shipped,Bengaluru,16
FK-6927,,Books,Rich Dad Poor Dad,41073,1,14-02-26,returned,Delhi,9
FK-6928,Customer_5928,Books,Python Crash Course,68355,1,10-02-25,Returned,Mumbai,25
FK-6929,Customer_5929,Home & Kitchen,Milton Thermos,17939,2,03-06-25,Delivered,,4%
FK-6930,Customer_5930,Clothing,Jeans,₹44120,1,18-03-25,delivered,Pune,23
FK-6931,Customer_5931,BEAUTY,Maybelline Lipstick,57692,5,17-06-25,Shipped,,16
FK-6932,Customer_5932,Electronics,Samsung Galaxy M14,Rs. 26052,2,Jul 31 2025,Shipped,Delhi,19
FK-6933,,Beauty,Nivea Lotion,11652,1,16-08-25,delivered,Mumbai,15
6934,Customer_5934,Home & Kitchen,Bajaj Iron,8559,,20-03-25,returned,Bengaluru,9%
FK-6935,Customer_5935,Electronics,Dell Mouse,-53528,1,28-02-26,returned,Gurgaon,NULL
FK-6936,Customer_5936,Beauty,Maybelline Lipstick,42505,4,25-09-25,Shipped,Delhi,N/A
FK-6937,Customer_5937,Home & Kitchen,Pigeon Gas Stove,50918,1,03-12-25,Shipped,,26
FK-6938,Customer_5938,Shoes,Adidas Sliders,₹56898,1,02-11-25,Delivered,BLR,12
fk-6939,Customer_5939,clothing,Saree,45351,5,10-05-26,Pending,Mumbai,16
FK-6940,,CLOTHING,Jacket,14128,1,17-09-25,Returned,Pune,6
6941,Customer_5941,Electronics,Sony Headphones,,2,13-12-25,delivered,BLR,13
FK-6942,Customer_5942,Shoes,Puma Sneakers,26933,1,13-11-25,returned,Bengaluru,20%
fk-6943,Customer_5943,Clothing,Women's Kurta,6538,,,returned,Gurgaon,5
FK-6944,Customer_5944,electronics,Samsung Galaxy M14,Rs. 38716,1,07-08-25,Returned,Gurgaon,5
FK-6945,Customer_5945,Clothing,Jacket,25447,1,,Shipped,Hyderabad,NULL
FK-6946,Customer_5946,Electronics,Apple iPhone 15,₹53904,1,Dec 17 2025,Pending,Gurgaon,21
FK-6947,Customer_5947,Shoes,Puma Sneakers,₹51115,1,18-03-25,returned,,13
FK-6948,Customer_5948,Beauty,Lakme Eyeliner,,1,30-03-25,Delivered,Mumbai,18
FK-6949,Customer_5949,Home & Kitchen,Pigeon Gas Stove,47016,-1,02-01-25,Delivered,Gurgaon,2
FK-6950,Customer_5950,Home & Kitchen,Bajaj Iron,42446,1,16-01-26,Canceled,Bengaluru,1
FK-6951,Customer_5951,Shoes,Puma Sneakers,43445,1,20-02-25,returned,Delhi,9
FK-6952,Customer_5952,home & kitchen,Prestige Cooker,19208,4,,Shipped,Gurgaon,NULL
FK-6953,Customer_5953,clothing,Men's T-Shirt,69746,1,28-01-25,Shipped,BLR,29
FK-6954,Customer_5954,Electronics,Boat Airdopes,8355,1,17-02-25,Returned,Hyderabad,20
FK-6955,Customer_5955,shoes,Puma Sneakers,-5682,1,Oct 12 2025,Pending,,NULL
FK-6956,,Books,Dune,58595,2,09-10-25,Shipped,Mumbai,1%
FK-6957,Customer_5957,Electronics,Boat Airdopes,,1,11-03-25,returned,Hyd,10
FK-6958,Customer_5958,Clothing,Women's Kurta,9712,2,Mar 23 2026,Shipped,,0
FK-6959,,,Sony Headphones,10289,1,03-04-25,Shipped,Hyd,29
FK-6960,Customer_5960,Shoes,Nike Running Shoes,₹1694,4,Mar 09 2025,Canceled,Gurgaon,23
FK-6961,Customer_5961,Electronics,HP Pavilion Laptop,63831,4,08-06-25,Canceled,Mumbai,N/A
FK-6962,Customer_5962,home & kitchen,Prestige Cooker,73062,1,16-02-26,Pending,BLR,15
FK-6963,,Books,Python Crash Course,₹28374,1,19-11-25,delivered,Hyd,NULL
FK-6964,Customer_5964,Beauty,Nivea Lotion,₹42122,1,21-11-25,Delivered,Chennai,0%
FK-6965,Customer_5965,Home & Kitchen,Bajaj Iron,43530,1,13-02-26,returned,,1
FK-6966,Customer_5966,Beauty,Maybelline Lipstick,₹10550,3,03-08-25,Returned,Hyderabad,
fk-6967,Customer_5967,Shoes,Adidas Sliders,₹395,1,14-02-25,delivered,Bengaluru,17
FK-6968,Customer_5968,Shoes,Nike Running Shoes,54815,1,17-05-25,returned,Chennai,0
FK-6969,Customer_5969,Clothing,Saree,₹8446,5,,Returned,Kolkata,6
FK-6970,Customer_5970,Shoes,Puma Sneakers,34253,999,07-09-25,delivered,Delhi,16%
FK-6971,Customer_5971,Books,Dune,69877,,16-02-25,Pending,Gurgaon,13
FK-6972,Customer_5972,Clothing,Men's T-Shirt,-38534,1,26-04-25,Canceled,Mumbai,23%
FK-6973,Customer_5973,Clothing,Men's T-Shirt,10935,2,16-01-25,delivered,Chennai,11
FK-6974,Customer_5974,clothing,Women's Kurta,9512,2,27-11-25,returned,BLR,7
FK-6975,Customer_5975,Clothing,Jacket,37145,-1,17-01-25,Canceled,Hyderabad,1
FK-6975,Customer_5975,Clothing,Jacket,37145,-1,17-01-25,Canceled,Hyderabad,1
6976,Customer_5976,Books,Rich Dad Poor Dad,₹28117,999,29-07-25,Pending,,13
6976,Customer_5976,Books,Rich Dad Poor Dad,₹28117,999,29-07-25,Pending,,13
FK-6977,Customer_5977,Books,Atomic Habits,43152,1,07-02-26,Returned,Hyderabad,NULL
FK-6978,Customer_5978,books,Rich Dad Poor Dad,4439,1,01-10-25,Shipped,Pune,18
FK-6979,Customer_5979,Books,Python Crash Course,63712,3,05-01-25,returned,Delhi,N/A
FK-6980,Customer_5980,Home & Kitchen,Pigeon Gas Stove,34749,2,20-01-26,Delivered,Hyderabad,6%
FK-6981,Customer_5981,Clothing,Jacket,67598,1,08-10-25,Delivered,Kolkata,19
FK-6982,Customer_5982,Shoes,Nike Running Shoes,40355,2,13-04-25,Returned,Gurgaon,10
FK-6983,Customer_5983,Electronics,Samsung Galaxy M14,53248,2,06-05-26,Returned,BLR,7
FK-6984,Customer_5984,Shoes,Puma Sneakers,32618,1,22-02-26,Pending,Chennai,11
FK-6985,Customer_5985,Clothing,Women's Kurta,6033,1,Jul 20 2025,Shipped,,
FK-6986,Customer_5986,Beauty,Maybelline Lipstick,69001,1,18-03-26,delivered,Pune,10
FK-6987,Customer_5987,Books,Rich Dad Poor Dad,11913,2,08-01-26,Canceled,Mumbai,3
FK-6988,Customer_5988,Home & Kitchen,Prestige Cooker,-54500,1,Jul 31 2025,Returned,Bengaluru,15%
FK-6989,Customer_5989,Shoes,Adidas Sliders,Rs. 56881,1,15-08-25,delivered,Pune,19
FK-6990,Customer_5990,Electronics,HP Pavilion Laptop,39260,1,01-05-25,returned,Pune,27%
FK-6991,Customer_5991,Home & Kitchen,Prestige Cooker,36648,1,25-12-25,Returned,BLR,
FK-6992,Customer_5992,Shoes,Nike Running Shoes,Rs. 27208,1,28-02-25,returned,Chennai,N/A
FK-6993,Customer_5993,Electronics,Sony Headphones,-53697,1,03-06-25,delivered,Gurgaon,21
FK-6994,Customer_5994,Clothing,Women's Kurta,₹55988,1,04-02-26,Pending,Pune,13
FK-6995,Customer_5995,,Boat Airdopes,-31303,,Oct 04 2025,delivered,Hyderabad,25
FK-6996,Customer_5996,Home & Kitchen,Pigeon Gas Stove,37118,1,07-05-26,Canceled,Gurgaon,
FK-6997,Customer_5997,Shoes,Puma Sneakers,29350,2,20-02-26,returned,Mumbai,
FK-6998,Customer_5998,Books,Dune,1842,1,09-11-25,Delivered,Pune,
FK-6999,Customer_5999,home & kitchen,Prestige Cooker,25116,1,29-01-25,Shipped,Chennai,7%
FK-7000,Customer_6000,,Apple iPhone 15,73268,2,13-03-25,delivered,BLR,NULL
FK-7001,Customer_6001,Books,Dune,53612,2,20-01-25,Pending,Gurgaon,9
FK-7002,Customer_6002,Clothing,Saree,66707,2,01-04-25,Canceled,Bengaluru,4
FK-7003,Customer_6003,Shoes,Puma Sneakers,,1,26-04-26,Canceled,Pune,27%
FK-7004,Customer_6004,Home & Kitchen,Milton Thermos,1811,1,29-01-25,Shipped,Pune,21
FK-7005,Customer_6005,Clothing,Women's Kurta,35360,2,12-04-26,Canceled,Gurgaon,2
FK-7005,Customer_6005,Clothing,Women's Kurta,35360,2,12-04-26,Canceled,Gurgaon,2
fk-7006,Customer_6006,Shoes,Adidas Sliders,59770,3,02-09-25,Delivered,Hyderabad,15
FK-7007,Customer_6007,Electronics,Boat Airdopes,13129,2,Jun 14 2025,Pending,Pune,25%
FK-7008,Customer_6008,Books,Python Crash Course,₹15192,2,,Pending,Chennai,12
FK-7009,,Shoes,Puma Sneakers,46796,1,19-11-25,delivered,Hyderabad,21%
FK-7010,Customer_6010,Beauty,Nivea Lotion,8360,1,30-10-25,returned,Pune,5
FK-7011,Customer_6011,Shoes,Nike Running Shoes,35421,2,,delivered,Pune,25
FK-7012,Customer_6012,Clothing,Women's Kurta,30979,1,30-09-25,Returned,Delhi,4
FK-7013,Customer_6013,Clothing,Jeans,55075,4,08-08-25,Delivered,Bengaluru,12
FK-7014,Customer_6014,Clothing,Men's T-Shirt,1770,2,06-12-25,returned,Hyderabad,17
FK-7015,Customer_6015,Home & Kitchen,Pigeon Gas Stove,74252,2,18-12-25,Returned,Pune,NULL
FK-7016,Customer_6016,Shoes,Puma Sneakers,15267,1,16-01-25,Delivered,Hyderabad,2
FK-7017,Customer_6017,home & kitchen,Pigeon Gas Stove,19901,one,01-01-26,Canceled,Mumbai,7
FK-7018,Customer_6018,Home & Kitchen,Bajaj Iron,67214,1,05-06-25,Delivered,Gurgaon,6
7019,Customer_6019,Clothing,Jacket,Rs. 67866,1,04-02-26,Delivered,Hyd,19%
FK-7020,Customer_6020,Books,Atomic Habits,57343,2,,delivered,Kolkata,17
FK-7021,Customer_6021,,Samsung Galaxy M14,23422,2,24-05-25,Canceled,Mumbai,18
FK-7022,Customer_6022,Books,Dune,60886,4,15-05-25,Shipped,Hyd,20
fk-7023,Customer_6023,Shoes,Adidas Sliders,7249,3,04-06-25,Pending,,23
FK-7024,Customer_6024,Electronics,Samsung Galaxy M14,Rs. 30251,2,02-10-25,Canceled,Gurgaon,24
FK-7025,Customer_6025,Home & Kitchen,Prestige Cooker,,1,08-03-25,Shipped,Kolkata,15
fk-7026,Customer_6026,home & kitchen,Bajaj Iron,Rs. 47785,one,22-03-26,Returned,Bengaluru,14
FK-7027,Customer_6027,Clothing,Saree,14684,1,18-04-26,Shipped,Chennai,N/A
FK-7028,Customer_6028,BOOKS,Python Crash Course,60272,1,14-03-26,delivered,Mumbai,11%
FK-7029,Customer_6029,Shoes,Puma Sneakers,₹70972,1,21-04-26,Shipped,,17
FK-7030,Customer_6030,,Boat Airdopes,28350,1,09-07-25,returned,BLR,18
FK-7030,Customer_6030,,Boat Airdopes,28350,1,09-07-25,returned,BLR,18
fk-7031,Customer_6031,Beauty,Lakme Eyeliner,49827,,02-03-26,returned,Gurgaon,24
FK-7032,Customer_6032,Electronics,Boat Airdopes,17671,1,12-02-25,Pending,Gurgaon,11
FK-7033,Customer_6033,Home & Kitchen,Prestige Cooker,Rs. 24848,2,12-12-25,Shipped,Gurgaon,N/A
FK-7034,Customer_6034,,Dell Mouse,63124,1,17-08-25,Shipped,Delhi,4
FK-7035,Customer_6035,Books,Rich Dad Poor Dad,3481,2,23-07-25,returned,Hyd,17
fk-7036,Customer_6036,Shoes,Adidas Sliders,₹44738,2,02-05-26,delivered,Hyderabad,11
FK-7037,Customer_6037,Electronics,Sony Headphones,37010,2,09-12-25,Delivered,,23
FK-7038,Customer_6038,Clothing,Jeans,70058,1,15-09-25,Canceled,Pune,19
FK-7039,Customer_6039,Shoes,Nike Running Shoes,16597,3,Jul 24 2025,Pending,BLR,16
FK-7040,Customer_6040,Books,Python Crash Course,₹33953,4,Dec 31 2025,delivered,Pune,16
FK-7041,Customer_6041,HOME & KITCHEN,Milton Thermos,-14185,3,16-01-26,Shipped,Delhi,7
FK-7042,Customer_6042,Books,Rich Dad Poor Dad,49649,2,23-08-25,Shipped,Pune,6
FK-7043,Customer_6043,Shoes,Puma Sneakers,6183,1,,Canceled,,19
FK-7044,Customer_6044,Books,Dune,72831,2,25-01-26,delivered,Kolkata,22
FK-7045,Customer_6045,Home & Kitchen,Bajaj Iron,20371,3,10-10-25,Shipped,Kolkata,25
FK-7046,Customer_6046,Clothing,Jeans,60812,1,02-03-25,Canceled,Chennai,N/A
FK-7047,Customer_6047,Books,Atomic Habits,12493,2,22-05-25,Shipped,,3
FK-7048,Customer_6048,Shoes,Nike Running Shoes,₹42196,3,07-07-25,Canceled,Chennai,17
FK-7049,Customer_6049,Electronics,HP Pavilion Laptop,6157,1,18-06-25,Shipped,Mumbai,10
FK-7050,Customer_6050,Beauty,Nivea Lotion,14751,1,24-11-25,Canceled,Hyderabad,11
FK-7051,Customer_6051,Clothing,Women's Kurta,₹16972,2,21-09-25,Delivered,Hyd,24
7052,Customer_6052,Beauty,Lakme Eyeliner,69468,1,04-01-25,Delivered,Gurgaon,2
FK-7053,Customer_6053,Beauty,Maybelline Lipstick,45529,1,12-01-25,Canceled,Gurgaon,17%
7054,Customer_6054,Clothing,Jeans,13181,1,22-10-25,Pending,Pune,0%
FK-7055,Customer_6055,Beauty,Lakme Eyeliner,63504,1,,Returned,Gurgaon,17
FK-7056,Customer_6056,Home & Kitchen,Milton Thermos,₹13209,999,12-10-25,Canceled,Gurgaon,28
FK-7057,Customer_6057,,Samsung Galaxy M14,4864,1,09-07-25,Delivered,Chennai,20
FK-7058,Customer_6058,Beauty,Nivea Lotion,,1,25-11-25,delivered,,0
FK-7059,Customer_6059,Shoes,Puma Sneakers,,two,02-09-25,Delivered,Hyd,6
FK-7060,Customer_6060,Beauty,Nivea Lotion,19394,1,08-08-25,Shipped,Pune,27
FK-7061,Customer_6061,Books,Python Crash Course,71465,1,Mar 03 2026,returned,Bengaluru,29
FK-7062,Customer_6062,Books,Atomic Habits,28808,1,04-04-25,Pending,Chennai,21%
fk-7063,Customer_6063,Home & Kitchen,Pigeon Gas Stove,14532,2,30-01-25,Shipped,Bengaluru,6
FK-7064,Customer_6064,Clothing,Men's T-Shirt,₹58843,1,14-10-25,Canceled,Kolkata,18
FK-7065,Customer_6065,Shoes,Puma Sneakers,71071,1,21-10-25,Returned,Mumbai,NULL
FK-7066,Customer_6066,Electronics,Apple iPhone 15,42048,1,01-07-25,Canceled,Pune,1
FK-7067,Customer_6067,Shoes,Puma Sneakers,43612,5,08-04-25,Returned,Gurgaon,30
FK-7068,Customer_6068,Clothing,Women's Kurta,74439,2,27-11-25,Delivered,,19
FK-7069,Customer_6069,,HP Pavilion Laptop,53291,1,28-09-25,delivered,BLR,24
FK-7070,Customer_6070,Home & Kitchen,Pigeon Gas Stove,28538,1,17-03-26,Pending,Gurgaon,0
FK-7071,Customer_6071,Beauty,Lakme Eyeliner,39566,1,08-05-26,Pending,Hyd,24%
FK-7072,Customer_6072,Shoes,Nike Running Shoes,24156,1,Jan 23 2025,Returned,Delhi,18
FK-7073,Customer_6073,Shoes,Adidas Sliders,Rs. 57130,1,09-08-25,delivered,Hyderabad,15%
FK-7074,Customer_6074,Clothing,Men's T-Shirt,704,2,10-05-26,Pending,Gurgaon,N/A
FK-7075,Customer_6075,BEAUTY,Nivea Lotion,22752,1,04-04-25,Returned,BLR,15
7076,Customer_6076,Clothing,Jacket,20506,,18-09-25,Canceled,Mumbai,4
FK-7077,Customer_6077,Beauty,Maybelline Lipstick,31126,1,22-01-26,Pending,Kolkata,12
FK-7078,Customer_6078,BOOKS,Python Crash Course,59010,1,28-01-25,Canceled,Bengaluru,10
FK-7079,Customer_6079,Shoes,Adidas Sliders,31630,1,10-08-25,Pending,Hyd,23
FK-7080,Customer_6080,Electronics,HP Pavilion Laptop,73196,1,Dec 07 2025,delivered,Gurgaon,20
FK-7081,Customer_6081,clothing,Saree,64240,3,05-05-26,Returned,BLR,17%
FK-7082,Customer_6082,Home & Kitchen,Prestige Cooker,Rs. 27672,1,04-05-26,returned,Kolkata,15
FK-7083,Customer_6083,ELECTRONICS,Sony Headphones,7481,1,29-03-25,returned,Chennai,20
FK-7084,Customer_6084,Shoes,Puma Sneakers,52244,1,29-04-26,delivered,Pune,15
FK-7085,Customer_6085,beauty,Lakme Eyeliner,31991,1,05-06-25,Canceled,Pune,1
FK-7086,Customer_6086,Beauty,Maybelline Lipstick,47526,2,15-08-25,Shipped,BLR,19
FK-7087,Customer_6087,Electronics,Sony Headphones,26174,5,20-06-25,Delivered,BLR,27%
FK-7088,Customer_6088,Electronics,Samsung Galaxy M14,₹45179,2,13-03-26,Shipped,Hyderabad,7
FK-7089,Customer_6089,Clothing,Jacket,59101,two,09-02-26,Pending,Delhi,9%
FK-7090,Customer_6090,Clothing,Jacket,18242,1,02-02-26,Delivered,Delhi,14
FK-7091,Customer_6091,Beauty,Lakme Eyeliner,45196,1,Jun 12 2025,Shipped,,10
FK-7092,Customer_6092,Home & Kitchen,Milton Thermos,60943,2,10-09-25,Delivered,Chennai,11
FK-7093,Customer_6093,Shoes,Nike Running Shoes,50074,1,11-07-25,delivered,Bengaluru,28
FK-7094,Customer_6094,Books,Rich Dad Poor Dad,48701,2,06-04-25,Canceled,Mumbai,3
FK-7095,Customer_6095,home & kitchen,Prestige Cooker,-40281,1,26-04-26,delivered,,13
FK-7096,Customer_6096,Electronics,Sony Headphones,34205,2,12-06-25,Canceled,Kolkata,17
FK-7097,Customer_6097,Home & Kitchen,Bajaj Iron,-9546,1,10-01-26,Delivered,,25%
FK-7098,Customer_6098,Shoes,Puma Sneakers,₹18766,2,24-06-25,delivered,Chennai,9
FK-7099,Customer_6099,Clothing,Women's Kurta,21569,1,25-01-26,delivered,Kolkata,26%
FK-7100,Customer_6100,beauty,Nivea Lotion,₹6684,4,15-07-25,Shipped,Mumbai,19%
FK-7101,Customer_6101,Home & Kitchen,Milton Thermos,34996,1,16-01-26,Delivered,Delhi,18
FK-7102,Customer_6102,Beauty,Maybelline Lipstick,25242,2,07-04-25,Pending,Kolkata,N/A
FK-7103,Customer_6103,Home & Kitchen,Prestige Cooker,74155,5,03-04-25,returned,Mumbai,13
FK-7104,Customer_6104,Beauty,Lakme Eyeliner,858,1,17-12-25,Returned,Hyd,NULL
FK-7105,Customer_6105,Beauty,Lakme Eyeliner,45489,1,01-02-25,delivered,Gurgaon,2
FK-7106,Customer_6106,,HP Pavilion Laptop,40027,2,,Returned,,20
FK-7107,Customer_6107,Books,Atomic Habits,41357,2,30-01-26,Canceled,Hyderabad,27
FK-7108,Customer_6108,Shoes,Puma Sneakers,74358,2,30-09-25,Returned,Gurgaon,26
FK-7109,Customer_6109,Beauty,Lakme Eyeliner,37868,2,12-05-25,delivered,Bengaluru,25
FK-7110,Customer_6110,Beauty,Maybelline Lipstick,32489,1,13-08-25,Shipped,Mumbai,25
FK-7111,Customer_6111,Clothing,Women's Kurta,67169,2,20-03-25,Pending,Kolkata,21
FK-7112,Customer_6112,Electronics,HP Pavilion Laptop,50233,1,04-05-26,delivered,Chennai,5%
FK-7113,Customer_6113,Home & Kitchen,Prestige Cooker,71102,1,11-04-26,Canceled,Gurgaon,20
FK-7114,Customer_6114,Shoes,Adidas Sliders,61912,1,18-11-25,Returned,Hyd,21
FK-7115,Customer_6115,Beauty,Maybelline Lipstick,42722,1,10-07-25,Delivered,Bengaluru,17
FK-7116,Customer_6116,Electronics,Dell Mouse,72606,999,17-10-25,Canceled,BLR,NULL
FK-7117,,Beauty,Maybelline Lipstick,47559,1,01-09-25,Returned,Kolkata,19
FK-7118,Customer_6118,Home & Kitchen,Milton Thermos,23926,1,04-03-25,Shipped,,19
FK-7119,Customer_6119,Books,Atomic Habits,Rs. 9654,1,30-03-26,Delivered,BLR,3
FK-7120,Customer_6120,Home & Kitchen,Pigeon Gas Stove,50661,1,25-12-25,returned,Chennai,
FK-7121,Customer_6121,Home & Kitchen,Bajaj Iron,71014,,13-09-25,Returned,Gurgaon,7
FK-7122,Customer_6122,Clothing,Saree,29313,3,Mar 26 2026,returned,Kolkata,11%
FK-7123,Customer_6123,beauty,Maybelline Lipstick,59370,5,10-10-25,Pending,Gurgaon,22
FK-7124,Customer_6124,Beauty,Lakme Eyeliner,5502,1,13-02-25,Delivered,,10
FK-7125,Customer_6125,Beauty,Lakme Eyeliner,31762,1,08-05-26,Canceled,,16
FK-7126,Customer_6126,HOME & KITCHEN,Bajaj Iron,₹4214,1,21-05-25,Shipped,Bengaluru,27
FK-7127,,Shoes,Puma Sneakers,43754,1,18-04-26,Canceled,Gurgaon,4
FK-7127,,Shoes,Puma Sneakers,43754,1,18-04-26,Canceled,Gurgaon,4
FK-7128,Customer_6128,Shoes,Nike Running Shoes,₹70356,one,10-02-25,Shipped,Delhi,16
FK-7129,Customer_6129,Clothing,Women's Kurta,66639,2,02-06-25,delivered,Gurgaon,N/A
FK-7130,Customer_6130,Electronics,Boat Airdopes,47057,3,02-05-26,Returned,Mumbai,26
FK-7131,Customer_6131,Beauty,Lakme Eyeliner,8019,1,09-01-26,delivered,BLR,25
FK-7132,Customer_6132,Clothing,Jeans,1500,1,26-06-25,returned,,14
fk-7133,Customer_6133,Electronics,Sony Headphones,₹11215,1,20-06-25,Delivered,Hyderabad,22%
FK-7134,Customer_6134,Beauty,Maybelline Lipstick,₹63047,1,,Returned,Gurgaon,10
FK-7135,Customer_6135,Clothing,Jacket,28045,1,26-04-26,Pending,Chennai,N/A
FK-7136,Customer_6136,Clothing,Women's Kurta,11119,3,22-01-25,Returned,Hyderabad,21
7137,Customer_6137,Clothing,Men's T-Shirt,22916,two,26-10-25,Pending,,2
FK-7138,Customer_6138,Books,Dune,Rs. 8477,,May 23 2025,Delivered,Bengaluru,NULL
FK-7139,Customer_6139,Home & Kitchen,Prestige Cooker,2290,4,19-01-25,returned,,18
FK-7140,Customer_6140,Home & Kitchen,Bajaj Iron,66163,3,05-05-25,delivered,Mumbai,6
FK-7141,Customer_6141,Home & Kitchen,Pigeon Gas Stove,,one,18-05-25,Returned,Mumbai,17
FK-7142,Customer_6142,Books,Atomic Habits,22297,1,03-12-25,Pending,Mumbai,5
FK-7143,Customer_6143,Electronics,Samsung Galaxy M14,33238,1,04-08-25,Pending,BLR,8
FK-7144,Customer_6144,Beauty,Nivea Lotion,23591,1,02-06-25,Canceled,Delhi,19
fk-7145,Customer_6145,Beauty,Maybelline Lipstick,₹11023,1,04-09-25,Shipped,BLR,23%
FK-7146,Customer_6146,Electronics,Samsung Galaxy M14,21595,1,08-10-25,delivered,Mumbai,13
FK-7147,Customer_6147,Clothing,Saree,58989,2,11-09-25,Shipped,Pune,NULL
FK-7148,Customer_6148,Clothing,Saree,Rs. 38780,1,15-04-25,Returned,Bengaluru,29
7149,Customer_6149,Clothing,Saree,48040,3,25-01-25,Delivered,Chennai,5
FK-7150,Customer_6150,books,Rich Dad Poor Dad,13950,1,03-04-25,Returned,Delhi,27
FK-7151,Customer_6151,Shoes,Puma Sneakers,Rs. 18408,3,Feb 16 2026,Canceled,Delhi,25
FK-7152,Customer_6152,Books,Atomic Habits,₹71974,2,29-09-25,Returned,,N/A
FK-7153,Customer_6153,Electronics,Dell Mouse,58746,2,27-01-26,Pending,Pune,30
FK-7154,Customer_6154,Shoes,Puma Sneakers,-23528,1,21-03-25,Shipped,Hyd,N/A
FK-7155,Customer_6155,Clothing,Jacket,10933,1,29-09-25,Canceled,Delhi,27
FK-7156,Customer_6156,Clothing,Jeans,49845,2,07-11-25,Pending,Gurgaon,30
FK-7157,Customer_6157,Clothing,Men's T-Shirt,12221,2,26-03-26,delivered,Hyderabad,8
FK-7158,Customer_6158,Clothing,Jacket,,1,10-06-25,Canceled,Mumbai,3
FK-7159,Customer_6159,Shoes,Nike Running Shoes,-41768,1,12-01-26,Pending,Delhi,N/A
7160,Customer_6160,Shoes,Nike Running Shoes,Rs. 67919,2,01-07-25,returned,Bengaluru,N/A
FK-7161,Customer_6161,Beauty,Maybelline Lipstick,34572,1,21-09-25,Returned,Hyderabad,10
FK-7162,Customer_6162,Clothing,Jeans,13391,5,Mar 27 2026,Shipped,BLR,26
FK-7163,Customer_6163,Beauty,Lakme Eyeliner,,5,30-01-26,Pending,Pune,
FK-7164,Customer_6164,Home & Kitchen,Bajaj Iron,41400,1,14-10-25,returned,Chennai,26
FK-7165,Customer_6165,Clothing,Men's T-Shirt,21351,1,01-01-25,Shipped,BLR,6
fk-7166,Customer_6166,Electronics,Apple iPhone 15,49315,1,07-06-25,delivered,Hyderabad,13
FK-7167,Customer_6167,Shoes,Nike Running Shoes,Rs. 56961,1,Sep 01 2025,Shipped,Delhi,16
FK-7168,Customer_6168,HOME & KITCHEN,Bajaj Iron,6787,1,14-02-25,Shipped,,29%
FK-7169,Customer_6169,Beauty,Maybelline Lipstick,₹52651,4,Jan 21 2025,Shipped,,5
FK-7170,Customer_6170,,HP Pavilion Laptop,53477,1,19-02-25,delivered,,3
7171,Customer_6171,Home & Kitchen,Prestige Cooker,24049,1,10-02-26,Canceled,Hyd,16
fk-7172,Customer_6172,Shoes,Adidas Sliders,74767,3,02-04-26,returned,Kolkata,0
FK-7173,,Beauty,Maybelline Lipstick,64081,1,07-05-25,Canceled,Delhi,2%
FK-7174,Customer_6174,Beauty,Nivea Lotion,31725,2,30-03-25,Shipped,Pune,9
FK-7175,Customer_6175,Electronics,Sony Headphones,30591,999,09-03-26,Returned,Chennai,22
FK-7176,Customer_6176,home & kitchen,Pigeon Gas Stove,₹12240,1,28-07-25,Returned,Mumbai,21
FK-7177,Customer_6177,Shoes,Adidas Sliders,Rs. 12233,1,22-05-25,Canceled,Hyd,22
FK-7178,Customer_6178,Books,Atomic Habits,10610,one,12-01-25,returned,Bengaluru,28
FK-7179,Customer_6179,Home & Kitchen,Prestige Cooker,58154,1,30-04-26,delivered,Delhi,16
FK-7180,Customer_6180,Home & Kitchen,Bajaj Iron,₹7618,4,05-11-25,delivered,Bengaluru,N/A
FK-7181,Customer_6181,Home & Kitchen,Pigeon Gas Stove,68571,1,17-02-25,Canceled,Gurgaon,10
FK-7182,Customer_6182,Home & Kitchen,Bajaj Iron,₹42745,1,19-04-26,Returned,Kolkata,30
FK-7183,Customer_6183,Electronics,Sony Headphones,₹17138,4,06-01-25,delivered,Hyderabad,NULL
fk-7184,Customer_6184,Clothing,Women's Kurta,18229,1,02-05-26,Delivered,Hyderabad,4
FK-7185,Customer_6185,clothing,Saree,Rs. 46187,1,26-03-26,Pending,Gurgaon,3
FK-7186,Customer_6186,SHOES,Nike Running Shoes,-7026,1,05-10-25,delivered,Mumbai,28
FK-7187,Customer_6187,Electronics,Apple iPhone 15,23969,2,09-02-26,Shipped,Gurgaon,24
FK-7188,Customer_6188,Books,Rich Dad Poor Dad,-40515,3,07-02-25,Pending,Gurgaon,8
FK-7189,Customer_6189,Shoes,Puma Sneakers,41099,4,28-05-25,Returned,Delhi,19
7190,Customer_6190,Books,Rich Dad Poor Dad,47844,1,07-03-26,delivered,Gurgaon,6
FK-7191,Customer_6191,Books,Rich Dad Poor Dad,37794,-1,02-05-25,delivered,Delhi,22
FK-7192,Customer_6192,Books,Atomic Habits,39757,1,31-03-26,Shipped,BLR,4
FK-7193,Customer_6193,home & kitchen,Pigeon Gas Stove,69185,1,03-06-25,Shipped,Mumbai,16%
FK-7194,Customer_6194,Home & Kitchen,Prestige Cooker,10423,1,31-12-25,Delivered,Kolkata,1
FK-7195,Customer_6195,SHOES,Nike Running Shoes,67026,3,04-09-25,delivered,Delhi,14
FK-7196,Customer_6196,Home & Kitchen,Milton Thermos,12882,1,26-12-25,Delivered,Hyderabad,5
FK-7197,Customer_6197,Electronics,Dell Mouse,Rs. 64480,3,27-12-25,Returned,Hyderabad,4
FK-7198,,BOOKS,Rich Dad Poor Dad,34951,1,30-03-26,Returned,Hyderabad,14
FK-7199,Customer_6199,Clothing,Women's Kurta,60429,5,19-02-25,Returned,Pune,NULL
FK-7200,Customer_6200,Home & Kitchen,Bajaj Iron,36938,1,15-12-25,returned,Chennai,17
FK-7201,Customer_6201,Shoes,Adidas Sliders,62515,1,13-03-26,Delivered,Kolkata,29
FK-7202,Customer_6202,Electronics,Apple iPhone 15,14684,1,04-01-26,Pending,Bengaluru,1%
fk-7203,Customer_6203,books,Atomic Habits,34885,1,,Canceled,Chennai,13
FK-7204,Customer_6204,Beauty,Maybelline Lipstick,,1,04-06-25,Delivered,Bengaluru,13
FK-7205,Customer_6205,Beauty,Lakme Eyeliner,69679,one,08-08-25,Pending,BLR,14
FK-7205,Customer_6205,Beauty,Lakme Eyeliner,69679,one,08-08-25,Pending,BLR,14
FK-7206,Customer_6206,Books,Atomic Habits,39430,1,29-08-25,returned,Pune,21
FK-7207,Customer_6207,Clothing,Jacket,47046,4,20-04-25,Canceled,Bengaluru,NULL
FK-7208,Customer_6208,CLOTHING,Saree,Rs. 31549,2,06-01-25,Returned,Gurgaon,15
7209,Customer_6209,Shoes,Nike Running Shoes,Rs. 15199,1,08-02-25,Delivered,,15
FK-7210,Customer_6210,Home & Kitchen,Prestige Cooker,₹17886,1,24-04-26,Canceled,Hyd,0
FK-7211,Customer_6211,Books,Dune,₹73460,1,Jul 25 2025,delivered,Gurgaon,15
FK-7212,Customer_6212,Shoes,Adidas Sliders,11138,1,24-09-25,Canceled,Chennai,
FK-7213,Customer_6213,Electronics,Samsung Galaxy M14,10275,1,19-12-25,delivered,,4%
FK-7214,Customer_6214,Books,Python Crash Course,Rs. 41742,2,Feb 06 2026,Canceled,Mumbai,27
FK-7215,Customer_6215,books,Rich Dad Poor Dad,₹6421,1,Mar 01 2026,delivered,Hyd,25
FK-7216,Customer_6216,Clothing,Jacket,33335,3,27-08-25,Pending,Mumbai,12
FK-7217,Customer_6217,Home & Kitchen,Bajaj Iron,36798,1,21-11-25,Pending,Kolkata,26
FK-7218,Customer_6218,home & kitchen,Milton Thermos,8968,1,,returned,Chennai,9
FK-7219,Customer_6219,beauty,Maybelline Lipstick,14840,1,Mar 12 2026,Canceled,Hyderabad,18
FK-7220,Customer_6220,Electronics,Boat Airdopes,-12222,1,Dec 30 2025,delivered,BLR,8
FK-7221,Customer_6221,Home & Kitchen,Milton Thermos,41427,3,03-06-25,returned,Chennai,21
FK-7222,Customer_6222,clothing,Saree,₹37032,2,09-06-25,Canceled,,13
FK-7223,Customer_6223,Shoes,Adidas Sliders,5097,2,04-02-26,returned,Pune,16
FK-7224,Customer_6224,clothing,Jeans,54118,4,30-03-25,returned,Bengaluru,30
fk-7225,Customer_6225,Clothing,Women's Kurta,₹54970,1,30-03-26,Shipped,BLR,20
FK-7226,Customer_6226,Shoes,Adidas Sliders,8600,1,12-06-25,Returned,,25%
FK-7227,Customer_6227,Electronics,Apple iPhone 15,Rs. 23451,1,05-05-26,returned,BLR,11%
FK-7228,Customer_6228,Electronics,Apple iPhone 15,58700,3,Feb 04 2026,Returned,Pune,26
FK-7229,,Books,Atomic Habits,54075,1,,delivered,Delhi,0
FK-7230,,Books,Atomic Habits,16110,1,20-08-25,returned,Bengaluru,5
FK-7231,Customer_6231,Clothing,Jeans,13197,3,13-09-25,Delivered,Mumbai,11
FK-7232,Customer_6232,Books,Atomic Habits,17340,1,14-02-26,Delivered,Pune,28
FK-7233,Customer_6233,shoes,Nike Running Shoes,31184,1,17-03-26,Canceled,Hyd,21
FK-7234,Customer_6234,Electronics,Samsung Galaxy M14,Rs. 24478,5,09-03-25,Canceled,Chennai,17
fk-7235,,Home & Kitchen,Prestige Cooker,10271,1,Nov 09 2025,Canceled,Mumbai,N/A
FK-7236,,beauty,Nivea Lotion,41127,1,20-02-26,Pending,BLR,24
FK-7237,Customer_6237,Shoes,Puma Sneakers,31562,3,04-06-25,Canceled,Pune,30
FK-7238,Customer_6238,BOOKS,Atomic Habits,₹38936,2,Aug 04 2025,returned,Gurgaon,N/A
FK-7239,Customer_6239,Beauty,Lakme Eyeliner,36900,,22-12-25,Pending,Kolkata,29
FK-7240,Customer_6240,Beauty,Lakme Eyeliner,14973,1,25-10-25,delivered,Hyderabad,5
FK-7241,Customer_6241,Shoes,Adidas Sliders,6417,1,03-05-26,returned,Hyderabad,7%
FK-7242,Customer_6242,Clothing,Saree,₹26972,1,01-02-26,Returned,Mumbai,12
FK-7243,Customer_6243,Home & Kitchen,Pigeon Gas Stove,-4802,-1,25-02-25,Delivered,Delhi,25%
FK-7244,Customer_6244,Shoes,Puma Sneakers,₹8659,1,06-12-25,Returned,Hyd,25
FK-7245,Customer_6245,Home & Kitchen,Milton Thermos,-36178,1,03-06-25,Returned,Pune,14
FK-7246,Customer_6246,Home & Kitchen,Pigeon Gas Stove,68016,2,25-09-25,Delivered,Hyd,29
FK-7247,Customer_6247,Clothing,Saree,Rs. 2789,3,13-09-25,delivered,Delhi,12
FK-7248,Customer_6248,Books,Atomic Habits,33132,1,,Canceled,BLR,10
FK-7249,Customer_6249,Shoes,Adidas Sliders,32733,2,21-08-25,Returned,Gurgaon,18
FK-7250,Customer_6250,Books,Dune,4235,1,12-05-25,Pending,BLR,2
FK-7251,Customer_6251,beauty,Maybelline Lipstick,18383,2,14-07-25,Delivered,Pune,20%
7252,Customer_6252,SHOES,Nike Running Shoes,31566,one,Jan 08 2026,delivered,Mumbai,24
FK-7253,Customer_6253,Beauty,Nivea Lotion,43481,1,18-01-26,Pending,,1
fk-7254,Customer_6254,CLOTHING,Saree,73553,2,23-10-25,delivered,Pune,N/A
fk-7254,Customer_6254,CLOTHING,Saree,73553,2,23-10-25,delivered,Pune,N/A
fk-7255,,Books,Rich Dad Poor Dad,Rs. 9509,2,31-01-25,returned,Delhi,20
FK-7256,Customer_6256,Electronics,Dell Mouse,1992,3,14-01-26,delivered,Delhi,29
FK-7257,Customer_6257,Shoes,Nike Running Shoes,43968,1,Mar 17 2025,Returned,Pune,21
FK-7258,Customer_6258,Beauty,Maybelline Lipstick,17804,1,26-04-25,Delivered,Mumbai,15
7259,Customer_6259,Clothing,Saree,23633,1,Mar 04 2025,Pending,,NULL
FK-7260,Customer_6260,Electronics,Samsung Galaxy M14,59422,1,14-02-26,delivered,,6
FK-7261,Customer_6261,Clothing,Saree,Rs. 54658,1,27-07-25,Returned,Bengaluru,15
FK-7262,Customer_6262,Clothing,Saree,34245,1,,delivered,Mumbai,26%
FK-7263,Customer_6263,Electronics,Dell Mouse,33784,1,23-01-26,returned,Hyderabad,28
FK-7264,Customer_6264,Home & Kitchen,Prestige Cooker,8234,1,Mar 06 2025,Canceled,Pune,22
FK-7265,Customer_6265,Beauty,Lakme Eyeliner,Rs. 43782,2,,Returned,Pune,NULL
FK-7266,Customer_6266,Electronics,Dell Mouse,₹2619,1,15-05-26,Shipped,Mumbai,N/A
FK-7267,Customer_6267,Electronics,Dell Mouse,,3,02-08-25,Delivered,,24
fk-7268,Customer_6268,Beauty,Lakme Eyeliner,66490,1,14-01-26,Canceled,Kolkata,NULL
FK-7269,Customer_6269,Books,Atomic Habits,3567,1,02-07-25,Delivered,Delhi,16
FK-7270,Customer_6270,Shoes,Puma Sneakers,Rs. 48812,1,14-03-25,Canceled,Mumbai,20
FK-7271,Customer_6271,Home & Kitchen,Milton Thermos,3254,1,15-04-26,delivered,Kolkata,22
FK-7272,Customer_6272,Electronics,HP Pavilion Laptop,6910,1,19-04-26,Pending,,23
FK-7273,Customer_6273,books,Atomic Habits,25319,3,27-10-25,Returned,Kolkata,8
FK-7274,Customer_6274,Home & Kitchen,Pigeon Gas Stove,15076,1,,Shipped,,21
FK-7275,Customer_6275,Home & Kitchen,Pigeon Gas Stove,Rs. 49292,1,29-05-25,Shipped,Mumbai,15
FK-7276,Customer_6276,Electronics,Apple iPhone 15,4290,2,23-01-26,Pending,Gurgaon,2
FK-7277,Customer_6277,Shoes,Nike Running Shoes,2950,1,12-06-25,Shipped,Bengaluru,20
FK-7278,Customer_6278,Electronics,Dell Mouse,49895,1,02-10-25,Returned,BLR,3
FK-7279,Customer_6279,Books,Atomic Habits,10960,4,,Pending,Mumbai,12
FK-7280,Customer_6280,Clothing,Women's Kurta,19029,2,13-02-26,Delivered,Bengaluru,3
FK-7281,Customer_6281,Home & Kitchen,Pigeon Gas Stove,16992,2,26-05-25,Shipped,Gurgaon,22
FK-7282,Customer_6282,Electronics,Dell Mouse,69775,1,20-11-25,Delivered,Delhi,20
FK-7283,Customer_6283,Books,Atomic Habits,19263,1,09-01-25,Pending,Delhi,8
FK-7284,Customer_6284,Books,Python Crash Course,24861,1,24-11-25,Shipped,Kolkata,N/A
FK-7285,Customer_6285,Books,Atomic Habits,4948,one,15-01-25,Canceled,Hyderabad,10
FK-7286,Customer_6286,Home & Kitchen,Milton Thermos,63161,1,30-03-25,Shipped,Gurgaon,15
FK-7287,Customer_6287,Books,Dune,8894,1,26-03-26,Canceled,Mumbai,16
FK-7288,Customer_6288,Electronics,Dell Mouse,3283,two,,delivered,,5
FK-7289,Customer_6289,Clothing,Men's T-Shirt,59923,2,Jan 26 2026,returned,Pune,1%
FK-7290,Customer_6290,,HP Pavilion Laptop,59245,1,18-11-25,delivered,,
FK-7291,Customer_6291,Clothing,Men's T-Shirt,70040,1,09-05-25,delivered,,7
FK-7292,Customer_6292,Shoes,Adidas Sliders,15062,1,Sep 08 2025,Canceled,Chennai,26
fk-7293,Customer_6293,Books,Atomic Habits,₹31803,1,19-05-25,returned,Pune,6
FK-7294,,Clothing,Jeans,54063,4,15-03-26,delivered,BLR,25
FK-7295,Customer_6295,Home & Kitchen,Milton Thermos,73424,1,10-08-25,Returned,,5
FK-7296,Customer_6296,Electronics,Samsung Galaxy M14,26601,2,,delivered,Delhi,0
FK-7297,Customer_6297,Clothing,Men's T-Shirt,,1,07-10-25,Returned,Bengaluru,6
FK-7298,Customer_6298,Beauty,Nivea Lotion,34566,1,22-01-25,Pending,Delhi,26
FK-7299,Customer_6299,shoes,Puma Sneakers,28697,3,01-07-25,Delivered,Hyderabad,20
FK-7300,Customer_6300,Electronics,Dell Mouse,₹55048,,14-03-26,returned,Gurgaon,17
FK-7301,Customer_6301,Clothing,Men's T-Shirt,Rs. 43636,1,13-12-25,Delivered,Pune,14
FK-7302,Customer_6302,,Apple iPhone 15,41534,two,02-10-25,Canceled,Delhi,23
FK-7303,Customer_6303,Clothing,Jacket,23226,1,06-10-25,Pending,BLR,10
FK-7304,Customer_6304,Beauty,Nivea Lotion,47827,1,19-11-25,Pending,Chennai,14
FK-7305,Customer_6305,Books,Atomic Habits,₹14461,two,31-12-25,delivered,Gurgaon,N/A
FK-7306,Customer_6306,Clothing,Jeans,52291,1,05-04-25,delivered,Kolkata,22
FK-7307,Customer_6307,Shoes,Puma Sneakers,-70654,1,16-03-26,Shipped,Bengaluru,27
FK-7308,Customer_6308,Home & Kitchen,Bajaj Iron,44994,1,19-02-25,Delivered,Chennai,8
FK-7309,Customer_6309,Home & Kitchen,Pigeon Gas Stove,2860,4,,Shipped,Hyd,0%
FK-7310,Customer_6310,Beauty,Maybelline Lipstick,24013,1,15-03-26,Delivered,BLR,0
FK-7311,Customer_6311,Home & Kitchen,Milton Thermos,21125,1,17-04-25,Canceled,,18
FK-7312,Customer_6312,Electronics,Samsung Galaxy M14,63559,2,18-02-25,Canceled,BLR,21
7313,Customer_6313,,Dell Mouse,₹5769,1,18-08-25,Shipped,Delhi,0
7314,Customer_6314,Books,Python Crash Course,27797,999,26-04-26,delivered,Delhi,14
FK-7315,Customer_6315,Home & Kitchen,Pigeon Gas Stove,21251,1,09-11-25,Pending,Chennai,18
FK-7316,Customer_6316,Home & Kitchen,Bajaj Iron,38425,1,08-06-25,Returned,Kolkata,2
FK-7317,Customer_6317,Shoes,Adidas Sliders,22567,3,18-03-25,delivered,Hyd,
fk-7318,Customer_6318,Shoes,Puma Sneakers,39810,2,24-04-25,Delivered,Chennai,4%
FK-7319,Customer_6319,Books,Rich Dad Poor Dad,58087,1,,returned,Bengaluru,19
FK-7320,Customer_6320,Home & Kitchen,Prestige Cooker,64579,2,07-04-26,delivered,Hyderabad,17%
7321,Customer_6321,Books,Dune,27271,2,15-07-25,returned,Hyderabad,23
fk-7322,Customer_6322,Shoes,Nike Running Shoes,59730,1,09-09-25,delivered,BLR,26
FK-7323,Customer_6323,Shoes,Puma Sneakers,10418,1,22-10-25,Canceled,Chennai,21
FK-7324,Customer_6324,clothing,Women's Kurta,Rs. 69720,4,24-09-25,delivered,Bengaluru,19
FK-7325,Customer_6325,,Samsung Galaxy M14,₹2368,1,11-09-25,Canceled,Hyderabad,7
FK-7326,Customer_6326,clothing,Men's T-Shirt,₹10118,2,23-08-25,returned,Pune,14
FK-7327,Customer_6327,Beauty,Nivea Lotion,14096,1,01-02-25,Returned,Delhi,1
fk-7328,Customer_6328,Home & Kitchen,Milton Thermos,,1,06-07-25,Canceled,,NULL
FK-7329,Customer_6329,Home & Kitchen,Pigeon Gas Stove,56537,2,05-04-25,Returned,Kolkata,7
FK-7330,Customer_6330,home & kitchen,Bajaj Iron,₹33742,1,07-09-25,delivered,Hyd,28%
FK-7331,Customer_6331,Shoes,Nike Running Shoes,5697,5,07-07-25,Pending,Mumbai,20
FK-7332,Customer_6332,Clothing,Jacket,Rs. 73035,1,02-05-25,delivered,Kolkata,10%
FK-7333,,books,Atomic Habits,54203,3,07-06-25,Returned,Chennai,14
FK-7334,Customer_6334,Home & Kitchen,Bajaj Iron,₹70756,1,,Shipped,Kolkata,20
FK-7335,Customer_6335,books,Rich Dad Poor Dad,27526,1,14-08-25,Returned,,1
FK-7336,Customer_6336,Shoes,Nike Running Shoes,,1,11-11-25,Canceled,,10
FK-7337,Customer_6337,Shoes,Adidas Sliders,12530,1,16-07-25,Delivered,Gurgaon,17
FK-7338,Customer_6338,Home & Kitchen,Prestige Cooker,61573,2,21-09-25,Returned,Hyderabad,6
FK-7339,Customer_6339,Clothing,Saree,66127,1,14-12-25,Returned,Hyd,N/A
FK-7340,Customer_6340,Electronics,HP Pavilion Laptop,62498,2,15-08-25,returned,Delhi,9%
FK-7341,Customer_6341,,Apple iPhone 15,44457,4,23-06-25,returned,Pune,18
FK-7342,Customer_6342,Clothing,Women's Kurta,₹25175,1,20-11-25,Pending,Gurgaon,8
FK-7343,Customer_6343,beauty,Maybelline Lipstick,13324,1,28-04-25,Canceled,Hyd,N/A
FK-7344,Customer_6344,Beauty,Lakme Eyeliner,12186,1,16-08-25,Pending,Kolkata,6
FK-7345,Customer_6345,Electronics,HP Pavilion Laptop,,1,27-06-25,returned,Hyd,18
FK-7346,Customer_6346,,Sony Headphones,Rs. 62941,1,30-10-25,Pending,Delhi,10
FK-7347,Customer_6347,Electronics,Sony Headphones,42071,1,02-09-25,Delivered,Delhi,14
FK-7348,Customer_6348,Books,Atomic Habits,2125,1,09-02-26,Shipped,Delhi,28
FK-7349,Customer_6349,Electronics,Samsung Galaxy M14,29237,1,Feb 14 2025,Pending,Pune,11
FK-7350,Customer_6350,Home & Kitchen,Bajaj Iron,63821,1,28-10-25,returned,,N/A
FK-7351,Customer_6351,,HP Pavilion Laptop,48911,1,01-09-25,Canceled,Mumbai,2
FK-7352,Customer_6352,Books,Dune,,1,Aug 08 2025,Canceled,Hyderabad,21
7353,Customer_6353,Books,Dune,10998,1,,Returned,Kolkata,17
FK-7354,Customer_6354,Shoes,Nike Running Shoes,30660,2,07-01-25,Canceled,Hyd,
FK-7355,Customer_6355,Shoes,Nike Running Shoes,45131,1,25-08-25,Canceled,Hyd,10
7356,Customer_6356,Shoes,Adidas Sliders,5821,2,,Shipped,Gurgaon,16
FK-7357,Customer_6357,Beauty,Maybelline Lipstick,₹31236,1,16-05-26,Canceled,Kolkata,25
FK-7358,Customer_6358,Beauty,Lakme Eyeliner,₹28525,1,20-08-25,Shipped,Pune,14
7359,,Clothing,Saree,22837,1,24-09-25,Pending,Gurgaon,29
FK-7360,Customer_6360,Beauty,Nivea Lotion,73784,3,23-03-26,Returned,Delhi,26
FK-7361,Customer_6361,Clothing,Saree,11015,1,05-02-25,Returned,Hyderabad,9
FK-7362,Customer_6362,electronics,Boat Airdopes,3687,1,Oct 02 2025,Shipped,BLR,11
FK-7363,Customer_6363,Beauty,Lakme Eyeliner,42017,two,09-08-25,Shipped,Hyd,1
FK-7364,Customer_6364,Shoes,Puma Sneakers,43188,3,22-03-25,Returned,Hyderabad,21
FK-7365,Customer_6365,Shoes,Adidas Sliders,₹40859,3,19-04-26,returned,Kolkata,30%
FK-7366,,Home & Kitchen,Bajaj Iron,₹62790,3,09-07-25,Shipped,Bengaluru,7
FK-7367,Customer_6367,Shoes,Puma Sneakers,59374,1,Apr 04 2026,delivered,BLR,
FK-7368,Customer_6368,Shoes,Puma Sneakers,54079,3,01-09-25,returned,BLR,8
FK-7369,Customer_6369,BEAUTY,Nivea Lotion,24168,1,12-04-25,Returned,Bengaluru,12
FK-7369,Customer_6369,BEAUTY,Nivea Lotion,24168,1,12-04-25,Returned,Bengaluru,12
fk-7370,Customer_6370,home & kitchen,Bajaj Iron,,1,Mar 30 2026,Returned,Chennai,16
7371,Customer_6371,Beauty,Nivea Lotion,₹31016,1,10-12-25,Delivered,Delhi,N/A
FK-7372,Customer_6372,Books,Python Crash Course,74194,1,26-11-25,Canceled,Hyderabad,12
FK-7373,Customer_6373,Shoes,Adidas Sliders,54434,1,Jan 05 2026,Pending,BLR,17
FK-7374,Customer_6374,SHOES,Puma Sneakers,₹10643,4,31-08-25,Pending,Hyderabad,18
FK-7375,Customer_6375,clothing,Women's Kurta,68634,4,04-06-25,delivered,Pune,NULL
FK-7376,Customer_6376,Home & Kitchen,Milton Thermos,23427,1,,delivered,Hyderabad,3
FK-7377,Customer_6377,Books,Dune,3991,1,28-08-25,Returned,Gurgaon,21
FK-7378,Customer_6378,Shoes,Adidas Sliders,14009,,04-09-25,delivered,Bengaluru,8
FK-7379,Customer_6379,Clothing,Men's T-Shirt,61743,1,Jul 25 2025,Canceled,Mumbai,14%
FK-7380,Customer_6380,Shoes,Adidas Sliders,15593,3,02-07-25,Delivered,Pune,23%
FK-7381,,Beauty,Lakme Eyeliner,8119,2,02-07-25,delivered,Chennai,26
FK-7382,Customer_6382,Home & Kitchen,Bajaj Iron,Rs. 8952,1,10-07-25,Shipped,Delhi,12
FK-7383,Customer_6383,shoes,Puma Sneakers,₹27652,1,25-07-25,delivered,Pune,25
FK-7384,Customer_6384,Shoes,Adidas Sliders,,1,29-08-25,delivered,Kolkata,4
FK-7385,Customer_6385,Clothing,Men's T-Shirt,26583,1,17-04-25,Pending,Bengaluru,N/A
FK-7386,Customer_6386,,Sony Headphones,46953,,14-02-26,Returned,,29
FK-7387,Customer_6387,Books,Rich Dad Poor Dad,10931,1,,returned,Pune,23
FK-7388,Customer_6388,Home & Kitchen,Prestige Cooker,62490,1,13-04-26,Canceled,Gurgaon,21
FK-7389,Customer_6389,Clothing,Jeans,Rs. 72935,1,25-03-25,Canceled,Chennai,8
FK-7390,Customer_6390,Books,Python Crash Course,5342,3,19-11-25,Pending,Gurgaon,12
FK-7391,Customer_6391,Books,Atomic Habits,45079,1,03-02-26,Shipped,,30
FK-7392,,home & kitchen,Pigeon Gas Stove,60251,1,Nov 15 2025,returned,Delhi,27
FK-7393,Customer_6393,shoes,Nike Running Shoes,18926,5,08-09-25,returned,Chennai,15
FK-7394,Customer_6394,Shoes,Nike Running Shoes,69880,1,Mar 30 2025,Pending,Bengaluru,18
FK-7395,Customer_6395,Beauty,Maybelline Lipstick,31637,1,Oct 18 2025,Delivered,Kolkata,19
FK-7396,Customer_6396,Beauty,Maybelline Lipstick,24557,2,10-05-26,Returned,Chennai,7
FK-7397,Customer_6397,Beauty,Nivea Lotion,23583,1,21-12-25,Delivered,,N/A
FK-7398,Customer_6398,Books,Dune,38685,one,29-11-25,Returned,Mumbai,8
FK-7399,Customer_6399,Home & Kitchen,Bajaj Iron,Rs. 39803,5,Jul 25 2025,Returned,Hyderabad,N/A
FK-7400,Customer_6400,Beauty,Nivea Lotion,₹28570,2,27-09-25,Canceled,,29
FK-7401,Customer_6401,Home & Kitchen,Pigeon Gas Stove,21025,1,,Returned,Mumbai,21
FK-7402,Customer_6402,Beauty,Maybelline Lipstick,17973,1,01-12-25,Pending,Chennai,N/A
FK-7403,Customer_6403,Electronics,HP Pavilion Laptop,26502,1,31-01-26,delivered,Chennai,8
FK-7404,Customer_6404,Shoes,Adidas Sliders,30790,1,23-01-25,Returned,Kolkata,NULL
FK-7405,Customer_6405,Clothing,Women's Kurta,Rs. 3775,2,29-08-25,Shipped,,9%
FK-7406,Customer_6406,shoes,Nike Running Shoes,-25444,1,Nov 15 2025,Shipped,Pune,23
FK-7406,Customer_6406,shoes,Nike Running Shoes,-25444,1,Nov 15 2025,Shipped,Pune,23
FK-7407,Customer_6407,CLOTHING,Women's Kurta,51916,1,02-03-26,Canceled,Bengaluru,28
fk-7408,,Home & Kitchen,Prestige Cooker,25132,4,08-05-26,Returned,Mumbai,6%
FK-7409,Customer_6409,Home & Kitchen,Bajaj Iron,10885,2,16-07-25,Canceled,Hyderabad,5
FK-7410,Customer_6410,Clothing,Men's T-Shirt,₹19903,1,22-09-25,returned,Gurgaon,NULL
FK-7411,Customer_6411,Books,Python Crash Course,63962,3,13-04-26,Shipped,Kolkata,3
FK-7412,Customer_6412,Home & Kitchen,Milton Thermos,35647,1,19-10-25,Returned,Hyd,16
FK-7413,Customer_6413,Clothing,Jeans,29951,2,05-02-26,Delivered,,3%
FK-7414,Customer_6414,CLOTHING,Men's T-Shirt,31233,1,18-03-26,Canceled,Hyderabad,12%
FK-7415,Customer_6415,BEAUTY,Lakme Eyeliner,22765,one,20-01-26,Delivered,Chennai,19
FK-7416,Customer_6416,Shoes,Adidas Sliders,56776,3,Jul 08 2025,Shipped,Delhi,26%
FK-7417,Customer_6417,Books,Dune,37705,1,May 06 2025,delivered,Hyderabad,22
FK-7418,Customer_6418,books,Dune,Rs. 65046,1,03-04-25,Shipped,Chennai,13
FK-7419,,clothing,Women's Kurta,73939,1,14-02-25,Shipped,Hyderabad,16
FK-7420,Customer_6420,Books,Dune,Rs. 39453,1,,delivered,Bengaluru,18
FK-7421,Customer_6421,Electronics,Samsung Galaxy M14,74832,1,14-02-25,returned,,N/A
FK-7422,Customer_6422,Shoes,Adidas Sliders,₹20993,3,06-02-26,Delivered,Hyd,20
FK-7423,Customer_6423,Home & Kitchen,Bajaj Iron,,2,06-07-25,delivered,Mumbai,3
fk-7424,Customer_6424,Home & Kitchen,Milton Thermos,65086,one,15-07-25,delivered,Gurgaon,12
FK-7425,Customer_6425,Books,Atomic Habits,45912,1,11-03-25,Shipped,Mumbai,25
FK-7426,Customer_6426,Books,Python Crash Course,34129,1,13-02-26,Returned,Gurgaon,N/A
7427,Customer_6427,Electronics,Samsung Galaxy M14,61200,1,20-01-25,Returned,Mumbai,27
FK-7428,Customer_6428,Beauty,Maybelline Lipstick,4168,1,17-02-26,Canceled,Hyderabad,23
FK-7429,Customer_6429,home & kitchen,Bajaj Iron,47696,1,22-03-25,Delivered,Delhi,9
FK-7430,Customer_6430,Beauty,Maybelline Lipstick,57792,1,24-03-26,Returned,Hyd,NULL
FK-7431,Customer_6431,Clothing,Jeans,63287,1,04-01-26,delivered,Hyd,1
FK-7431,Customer_6431,Clothing,Jeans,63287,1,04-01-26,delivered,Hyd,1
FK-7432,Customer_6432,Books,Rich Dad Poor Dad,5072,2,28-05-25,Shipped,,26
FK-7433,Customer_6433,Beauty,Lakme Eyeliner,44249,2,08-12-25,delivered,Gurgaon,24%
FK-7434,Customer_6434,Home & Kitchen,Pigeon Gas Stove,23223,1,16-10-25,Pending,Mumbai,8
FK-7435,Customer_6435,Shoes,Adidas Sliders,30974,2,28-09-25,Shipped,Gurgaon,NULL
FK-7436,Customer_6436,Shoes,Puma Sneakers,53619,1,27-08-25,Shipped,Hyd,12
FK-7437,Customer_6437,books,Atomic Habits,65962,2,26-08-25,Delivered,Hyderabad,
FK-7438,Customer_6438,Clothing,Men's T-Shirt,₹60698,1,14-07-25,Delivered,Hyd,16
FK-7439,Customer_6439,Beauty,Maybelline Lipstick,4595,1,24-05-25,Canceled,Bengaluru,14
FK-7440,Customer_6440,Electronics,HP Pavilion Laptop,Rs. 19950,1,23-08-25,Canceled,Pune,18
7441,Customer_6441,Clothing,Men's T-Shirt,65546,1,06-06-25,delivered,Hyderabad,28
FK-7442,Customer_6442,Books,Rich Dad Poor Dad,,1,Apr 26 2025,Returned,Mumbai,9
fk-7443,Customer_6443,Clothing,Saree,25495,1,10-02-26,delivered,Kolkata,10
FK-7444,Customer_6444,electronics,Samsung Galaxy M14,50041,1,Oct 22 2025,Shipped,Bengaluru,7
FK-7445,Customer_6445,Beauty,Lakme Eyeliner,₹35782,two,29-05-25,Delivered,Hyd,28
FK-7446,Customer_6446,Home & Kitchen,Milton Thermos,31867,1,03-11-25,Pending,Delhi,23
FK-7447,Customer_6447,home & kitchen,Milton Thermos,830,2,21-12-25,Shipped,Gurgaon,13
FK-7448,,Beauty,Lakme Eyeliner,37881,1,15-01-26,Canceled,Chennai,19
FK-7449,Customer_6449,Beauty,Maybelline Lipstick,,2,26-06-25,returned,Mumbai,6
FK-7450,Customer_6450,beauty,Nivea Lotion,28105,one,,returned,Chennai,14
FK-7451,Customer_6451,Clothing,Men's T-Shirt,51622,1,17-11-25,returned,Kolkata,17
FK-7452,Customer_6452,Books,Dune,2613,1,02-07-25,Canceled,Hyd,12
FK-7453,Customer_6453,Beauty,Maybelline Lipstick,56062,1,20-03-25,Pending,Hyderabad,
fk-7454,Customer_6454,Clothing,Men's T-Shirt,35161,1,25-08-25,delivered,Hyd,14
FK-7455,Customer_6455,Clothing,Saree,9859,1,01-05-25,Canceled,Hyderabad,7
FK-7456,Customer_6456,Clothing,Saree,16161,2,17-06-25,delivered,,25
7457,Customer_6457,Electronics,Dell Mouse,₹65384,3,Jul 16 2025,Shipped,Bengaluru,9
FK-7458,Customer_6458,CLOTHING,Men's T-Shirt,Rs. 32320,3,04-01-25,Returned,BLR,29
FK-7459,Customer_6459,Books,Atomic Habits,₹1677,2,20-01-26,Pending,Bengaluru,26
FK-7460,Customer_6460,home & kitchen,Bajaj Iron,18885,1,07-01-26,delivered,Kolkata,4
FK-7461,Customer_6461,Books,Atomic Habits,-13328,1,,returned,Mumbai,5
FK-7461,Customer_6461,Books,Atomic Habits,-13328,1,,returned,Mumbai,5
FK-7462,Customer_6462,Electronics,Sony Headphones,Rs. 73615,1,Apr 16 2026,Shipped,Hyderabad,9%
FK-7463,Customer_6463,Clothing,Jeans,21885,1,03-10-25,Canceled,Gurgaon,19
FK-7464,Customer_6464,Home & Kitchen,Prestige Cooker,₹5917,1,12-12-25,Delivered,Chennai,24
FK-7465,Customer_6465,Shoes,Puma Sneakers,19715,4,14-02-25,Canceled,Hyderabad,
FK-7466,Customer_6466,CLOTHING,Women's Kurta,8674,-1,11-01-25,Delivered,Gurgaon,24
FK-7467,Customer_6467,Electronics,Boat Airdopes,59775,2,02-03-26,delivered,Gurgaon,10
FK-7468,Customer_6468,Home & Kitchen,Pigeon Gas Stove,Rs. 51481,3,14-01-25,returned,Chennai,19%
7469,Customer_6469,Home & Kitchen,Milton Thermos,10955,2,18-10-25,Returned,Pune,13
FK-7470,Customer_6470,Clothing,Jacket,₹19395,1,15-04-25,returned,Chennai,2
FK-7471,Customer_6471,,Samsung Galaxy M14,Rs. 12964,2,16-09-25,Canceled,Mumbai,29
FK-7472,Customer_6472,Home & Kitchen,Milton Thermos,₹17782,1,04-09-25,delivered,Kolkata,21
FK-7473,,Clothing,Women's Kurta,44926,one,03-05-25,delivered,Delhi,8%
FK-7474,Customer_6474,Home & Kitchen,Pigeon Gas Stove,71718,1,May 08 2025,Pending,Delhi,18
FK-7475,Customer_6475,,HP Pavilion Laptop,,1,Oct 16 2025,returned,Gurgaon,2%
FK-7476,Customer_6476,home & kitchen,Prestige Cooker,,2,06-02-26,Canceled,Kolkata,30
FK-7477,Customer_6477,Electronics,Apple iPhone 15,20763,1,04-10-25,Pending,Hyd,NULL
FK-7478,,Shoes,Nike Running Shoes,29905,1,10-03-26,returned,,25
FK-7479,Customer_6479,shoes,Nike Running Shoes,36399,1,16-02-26,returned,BLR,9
FK-7480,Customer_6480,Shoes,Nike Running Shoes,36305,999,12-01-25,delivered,Pune,20
FK-7481,,Electronics,Dell Mouse,65614,2,02-08-25,returned,Chennai,13
FK-7482,Customer_6482,Home & Kitchen,Prestige Cooker,Rs. 52173,3,21-02-25,Pending,BLR,19
FK-7483,Customer_6483,Shoes,Adidas Sliders,₹11076,1,11-04-26,returned,Chennai,23
FK-7484,Customer_6484,Shoes,Nike Running Shoes,8804,2,21-02-26,Shipped,Kolkata,12
FK-7484,Customer_6484,Shoes,Nike Running Shoes,8804,2,21-02-26,Shipped,Kolkata,12
FK-7485,Customer_6485,Shoes,Puma Sneakers,Rs. 49474,1,12-03-26,Canceled,Gurgaon,16
FK-7486,Customer_6486,HOME & KITCHEN,Milton Thermos,42619,1,28-05-25,Shipped,Delhi,28%
FK-7487,Customer_6487,Home & Kitchen,Prestige Cooker,Rs. 47632,1,01-10-25,Shipped,Hyd,
FK-7488,,Books,Python Crash Course,1648,2,20-12-25,returned,Delhi,N/A
FK-7489,Customer_6489,home & kitchen,Milton Thermos,₹1288,2,12-04-25,Canceled,Gurgaon,30%
FK-7490,Customer_6490,Home & Kitchen,Pigeon Gas Stove,2981,1,14-10-25,Delivered,Hyd,15
FK-7491,Customer_6491,Beauty,Maybelline Lipstick,52005,one,14-02-26,Canceled,Kolkata,
FK-7492,Customer_6492,Books,Rich Dad Poor Dad,-5277,3,18-11-25,Canceled,Hyderabad,10
FK-7493,Customer_6493,Beauty,Lakme Eyeliner,₹18035,2,22-03-25,Shipped,Hyd,17
FK-7494,Customer_6494,Beauty,Nivea Lotion,32277,1,04-03-26,Pending,Pune,6
FK-7495,Customer_6495,Beauty,Lakme Eyeliner,63837,1,19-04-25,Canceled,BLR,18
FK-7496,Customer_6496,Clothing,Jacket,₹36607,5,01-08-25,Canceled,Hyd,8
FK-7497,Customer_6497,Clothing,Women's Kurta,62168,1,08-02-25,Canceled,,8
FK-7498,Customer_6498,Books,Python Crash Course,46974,1,29-08-25,Shipped,BLR,27
FK-7499,Customer_6499,Beauty,Lakme Eyeliner,70802,1,16-09-25,Delivered,Delhi,21
7500,Customer_6500,beauty,Maybelline Lipstick,639,4,,Delivered,,17
FK-7501,Customer_6501,Beauty,Maybelline Lipstick,30094,3,,Pending,BLR,NULL
FK-7502,Customer_6502,electronics,Dell Mouse,56544,1,22-02-26,Canceled,Kolkata,26
FK-7503,Customer_6503,Beauty,Nivea Lotion,17975,-1,20-05-25,delivered,Bengaluru,17
FK-7504,Customer_6504,Books,Dune,19988,1,28-03-26,returned,Bengaluru,18
FK-7505,Customer_6505,,Sony Headphones,7980,1,Feb 11 2025,Delivered,Bengaluru,NULL
FK-7506,Customer_6506,Electronics,Apple iPhone 15,2115,1,27-07-25,Pending,Kolkata,16%
FK-7507,Customer_6507,shoes,Nike Running Shoes,45884,1,14-11-25,returned,Pune,6
FK-7508,Customer_6508,Beauty,Lakme Eyeliner,69920,2,10-02-26,Shipped,Mumbai,16
FK-7509,Customer_6509,Electronics,HP Pavilion Laptop,13077,1,16-04-25,Shipped,Kolkata,1
FK-7510,Customer_6510,Books,Dune,₹442,1,20-09-25,returned,Gurgaon,2
FK-7511,Customer_6511,Shoes,Puma Sneakers,₹69751,1,05-03-26,Pending,Pune,11
FK-7512,Customer_6512,Electronics,Samsung Galaxy M14,17150,1,03-02-25,Delivered,Mumbai,10
FK-7513,Customer_6513,Shoes,Adidas Sliders,26704,1,01-06-25,Shipped,Hyderabad,19
FK-7514,Customer_6514,SHOES,Puma Sneakers,-62595,4,19-08-25,Pending,Gurgaon,8
FK-7515,Customer_6515,Books,Atomic Habits,30624,1,08-06-25,returned,Hyd,NULL
7516,Customer_6516,Home & Kitchen,Pigeon Gas Stove,30528,3,14-07-25,Shipped,Pune,4
FK-7517,Customer_6517,Beauty,Lakme Eyeliner,73410,1,14-05-26,delivered,Pune,
FK-7518,Customer_6518,electronics,Samsung Galaxy M14,31478,1,03-04-25,Returned,Pune,26
FK-7519,Customer_6519,Electronics,Apple iPhone 15,68930,2,23-04-26,Delivered,,
FK-7520,,beauty,Nivea Lotion,64225,1,11-11-25,Pending,Chennai,26
FK-7521,Customer_6521,books,Rich Dad Poor Dad,Rs. 19436,1,04-12-25,returned,Delhi,20
FK-7522,,books,Rich Dad Poor Dad,40438,1,19-07-25,returned,,1
FK-7523,Customer_6523,Home & Kitchen,Pigeon Gas Stove,15075,2,14-04-26,Canceled,Gurgaon,9
FK-7524,Customer_6524,Books,Rich Dad Poor Dad,70111,1,29-04-26,Shipped,Hyd,10
FK-7525,Customer_6525,Home & Kitchen,Milton Thermos,22016,1,24-10-25,Canceled,BLR,26
FK-7526,Customer_6526,Electronics,Dell Mouse,50862,1,27-03-26,Pending,Mumbai,9
FK-7526,Customer_6526,Electronics,Dell Mouse,50862,1,27-03-26,Pending,Mumbai,9
FK-7527,Customer_6527,Books,Dune,55563,1,14-02-26,Delivered,Mumbai,7
FK-7528,Customer_6528,books,Atomic Habits,44090,1,,Shipped,Chennai,15
FK-7529,Customer_6529,home & kitchen,Pigeon Gas Stove,46191,two,03-02-26,Pending,Hyderabad,6
FK-7530,Customer_6530,Books,Rich Dad Poor Dad,3366,1,04-11-25,Delivered,Hyd,4
7531,Customer_6531,Home & Kitchen,Pigeon Gas Stove,54207,3,Aug 11 2025,delivered,Hyd,2
FK-7532,Customer_6532,Shoes,Nike Running Shoes,73045,3,05-02-25,delivered,Bengaluru,17
FK-7533,Customer_6533,Books,Atomic Habits,5236,2,25-11-25,Shipped,Mumbai,27
FK-7534,Customer_6534,Books,Rich Dad Poor Dad,28866,1,11-02-25,Returned,Chennai,21
FK-7535,Customer_6535,Shoes,Nike Running Shoes,31549,2,10-09-25,Shipped,Mumbai,25
FK-7536,Customer_6536,BOOKS,Rich Dad Poor Dad,44982,1,11-08-25,Delivered,Kolkata,14
FK-7537,Customer_6537,Books,Dune,52939,1,25-04-26,Returned,Kolkata,12
FK-7538,Customer_6538,Home & Kitchen,Bajaj Iron,3409,2,15-08-25,delivered,Pune,23
FK-7539,Customer_6539,books,Dune,71596,2,11-02-26,delivered,BLR,8
FK-7540,Customer_6540,Shoes,Adidas Sliders,₹71333,1,14-01-26,Returned,Hyderabad,12
fk-7541,Customer_6541,Home & Kitchen,Prestige Cooker,₹73068,1,31-05-25,Returned,Kolkata,15
FK-7542,Customer_6542,Home & Kitchen,Prestige Cooker,56078,1,02-05-26,Canceled,Delhi,11
FK-7543,Customer_6543,Shoes,Adidas Sliders,-25504,1,Dec 05 2025,returned,Mumbai,16
FK-7544,Customer_6544,Beauty,Nivea Lotion,54578,-1,16-05-25,Shipped,Delhi,9
FK-7545,Customer_6545,Beauty,Nivea Lotion,62094,1,23-11-25,delivered,Hyderabad,7
FK-7546,Customer_6546,Shoes,Nike Running Shoes,46274,2,Apr 07 2026,returned,Hyderabad,1
FK-7547,Customer_6547,Shoes,Adidas Sliders,Rs. 48515,-1,26-05-25,Returned,BLR,18
FK-7548,Customer_6548,Beauty,Lakme Eyeliner,5415,2,13-10-25,delivered,,24
FK-7549,Customer_6549,Shoes,Puma Sneakers,14057,1,06-09-25,delivered,,28
FK-7550,Customer_6550,Clothing,Jeans,₹18125,1,Aug 24 2025,returned,Mumbai,9%
fk-7551,Customer_6551,Books,Rich Dad Poor Dad,9971,1,01-11-25,Shipped,Hyderabad,8
FK-7552,Customer_6552,shoes,Adidas Sliders,₹33123,1,04-04-25,Delivered,Mumbai,13
FK-7553,Customer_6553,SHOES,Puma Sneakers,70323,1,23-02-25,delivered,Delhi,NULL
fk-7554,Customer_6554,Clothing,Saree,68435,1,09-08-25,delivered,Delhi,26%
fk-7555,Customer_6555,Books,Atomic Habits,Rs. 32884,1,Nov 23 2025,Shipped,Hyd,28
FK-7556,Customer_6556,Books,Atomic Habits,,2,Oct 20 2025,Canceled,Mumbai,16
FK-7557,Customer_6557,electronics,Dell Mouse,37106,3,05-01-25,Delivered,Kolkata,23
FK-7558,Customer_6558,Clothing,Women's Kurta,-13792,1,22-11-25,Shipped,Hyderabad,18
FK-7559,Customer_6559,Home & Kitchen,Prestige Cooker,₹10455,1,22-02-25,Canceled,Chennai,3
FK-7560,Customer_6560,Electronics,HP Pavilion Laptop,,1,03-03-25,Pending,Delhi,N/A
FK-7561,Customer_6561,Beauty,Nivea Lotion,22763,1,27-10-25,Pending,Delhi,22
FK-7562,Customer_6562,Beauty,Nivea Lotion,27151,5,01-04-25,Canceled,Hyderabad,NULL
FK-7563,Customer_6563,Electronics,Samsung Galaxy M14,13781,1,17-08-25,Delivered,BLR,27
FK-7564,Customer_6564,Clothing,Jacket,-45365,999,14-01-26,Shipped,Hyderabad,8
FK-7565,Customer_6565,Shoes,Adidas Sliders,67732,4,12-08-25,delivered,Hyderabad,10
FK-7566,Customer_6566,Electronics,Dell Mouse,8721,1,11-01-25,Pending,Pune,NULL
FK-7567,Customer_6567,Electronics,Dell Mouse,37555,1,09-04-26,Returned,Pune,25
FK-7568,Customer_6568,Electronics,HP Pavilion Laptop,,1,03-01-25,Shipped,Hyderabad,18
FK-7569,Customer_6569,home & kitchen,Prestige Cooker,56066,1,11-01-25,Delivered,Bengaluru,19
FK-7569,Customer_6569,home & kitchen,Prestige Cooker,56066,1,11-01-25,Delivered,Bengaluru,19
FK-7570,Customer_6570,Shoes,Puma Sneakers,3921,1,12-04-26,Pending,Hyderabad,NULL
FK-7571,Customer_6571,Clothing,Saree,64948,2,19-01-26,Canceled,Chennai,17%
FK-7572,Customer_6572,Books,Dune,66180,4,06-01-26,Pending,Pune,17
FK-7573,Customer_6573,BEAUTY,Nivea Lotion,39745,two,12-03-25,Returned,Mumbai,26
FK-7574,Customer_6574,Books,Atomic Habits,17132,one,,Pending,BLR,0
FK-7575,Customer_6575,Clothing,Women's Kurta,Rs. 74799,2,Feb 12 2025,Delivered,Hyderabad,25
FK-7576,Customer_6576,Clothing,Jacket,Rs. 10563,1,08-05-26,Delivered,,19
FK-7577,,Shoes,Adidas Sliders,32801,1,19-02-26,Canceled,Bengaluru,28
FK-7578,Customer_6578,Clothing,Jacket,34944,3,21-11-25,delivered,BLR,N/A
FK-7579,Customer_6579,electronics,Samsung Galaxy M14,42923,1,14-02-26,delivered,,9
FK-7580,Customer_6580,Home & Kitchen,Pigeon Gas Stove,15978,2,,Returned,Chennai,19%
FK-7581,Customer_6581,Shoes,Nike Running Shoes,28480,3,May 09 2025,Returned,Chennai,14
FK-7582,Customer_6582,Home & Kitchen,Milton Thermos,Rs. 22263,1,08-06-25,returned,,1
FK-7583,,Home & Kitchen,Bajaj Iron,56361,1,24-02-25,Canceled,Bengaluru,20
FK-7584,Customer_6584,Home & Kitchen,Bajaj Iron,11148,1,03-10-25,Delivered,Pune,26
FK-7585,Customer_6585,Shoes,Adidas Sliders,62568,1,Feb 12 2026,delivered,Hyderabad,6
FK-7586,Customer_6586,Electronics,Boat Airdopes,Rs. 47146,3,Nov 17 2025,Pending,Kolkata,8%
FK-7587,Customer_6587,Clothing,Saree,16772,1,,returned,Pune,0%
7588,,Shoes,Nike Running Shoes,Rs. 36598,1,25-11-25,Shipped,Bengaluru,30
fk-7589,Customer_6589,Electronics,Dell Mouse,-38623,,27-02-26,Shipped,,1
FK-7590,Customer_6590,Electronics,Apple iPhone 15,27281,1,02-01-26,returned,Hyd,26%
FK-7591,Customer_6591,,HP Pavilion Laptop,Rs. 47595,one,11-04-25,Pending,Mumbai,N/A
FK-7592,Customer_6592,Home & Kitchen,Milton Thermos,52154,1,21-10-25,returned,Kolkata,23
FK-7593,Customer_6593,Books,Rich Dad Poor Dad,21835,2,27-01-26,Pending,BLR,21
FK-7594,Customer_6594,Electronics,Samsung Galaxy M14,,1,15-01-25,Pending,Bengaluru,N/A
FK-7595,Customer_6595,Beauty,Lakme Eyeliner,30327,2,08-08-25,Returned,Gurgaon,19
FK-7596,Customer_6596,electronics,Sony Headphones,₹4513,2,24-04-25,delivered,Bengaluru,17
FK-7597,Customer_6597,CLOTHING,Jeans,₹10671,1,15-03-26,Returned,Pune,3%
FK-7598,,Beauty,Maybelline Lipstick,12182,2,Jan 03 2026,Returned,Pune,21
FK-7599,Customer_6599,Clothing,Jeans,31139,1,07-04-25,Shipped,BLR,NULL
FK-7600,Customer_6600,Beauty,Nivea Lotion,17128,2,03-03-26,Pending,Delhi,3
FK-7601,Customer_6601,Home & Kitchen,Pigeon Gas Stove,,1,Jun 24 2025,Pending,Delhi,17
FK-7602,Customer_6602,Shoes,Puma Sneakers,₹1527,3,22-05-25,Canceled,Hyd,26
FK-7603,Customer_6603,Beauty,Lakme Eyeliner,Rs. 4593,1,10-05-25,Delivered,Hyd,26%
FK-7604,Customer_6604,electronics,Sony Headphones,46455,1,Jul 16 2025,Canceled,Hyd,3
FK-7605,Customer_6605,Home & Kitchen,Prestige Cooker,Rs. 56704,1,03-06-25,Delivered,Chennai,5
FK-7606,Customer_6606,Beauty,Maybelline Lipstick,23848,2,30-05-25,Shipped,BLR,24
fk-7607,Customer_6607,Books,Dune,Rs. 10187,2,24-04-25,Shipped,Hyderabad,17
FK-7608,Customer_6608,Shoes,Puma Sneakers,72349,1,17-09-25,Returned,,3
FK-7609,Customer_6609,Home & Kitchen,Bajaj Iron,15069,2,18-05-25,Shipped,Hyderabad,7
FK-7610,Customer_6610,,Sony Headphones,63256,1,03-08-25,returned,Chennai,
FK-7611,,Shoes,Adidas Sliders,14143,4,02-11-25,returned,Kolkata,9
FK-7612,Customer_6612,Books,Dune,54439,3,19-03-25,delivered,Mumbai,19
FK-7613,Customer_6613,Electronics,Samsung Galaxy M14,54350,1,21-12-25,returned,Bengaluru,N/A
fk-7614,Customer_6614,Books,Rich Dad Poor Dad,₹18293,1,27-01-25,Shipped,Hyderabad,N/A
FK-7615,Customer_6615,Electronics,Dell Mouse,32570,1,21-02-25,delivered,BLR,22
FK-7616,Customer_6616,Shoes,Adidas Sliders,52510,5,16-06-25,Delivered,,24
fk-7617,Customer_6617,clothing,Women's Kurta,62876,1,13-03-26,Shipped,BLR,25
FK-7618,Customer_6618,Electronics,Boat Airdopes,69080,1,Sep 25 2025,Pending,BLR,NULL
FK-7619,Customer_6619,Electronics,Boat Airdopes,62036,1,25-11-25,delivered,Hyd,14
FK-7620,Customer_6620,Books,Rich Dad Poor Dad,Rs. 67584,4,16-11-25,Pending,Hyderabad,5
FK-7621,Customer_6621,Shoes,Nike Running Shoes,Rs. 12650,1,,Shipped,Bengaluru,16
FK-7622,Customer_6622,CLOTHING,Saree,50754,1,06-12-25,Delivered,Pune,27%
FK-7623,Customer_6623,Clothing,Saree,59609,2,03-01-25,Shipped,Kolkata,25
FK-7624,Customer_6624,Books,Atomic Habits,17220,1,13-01-25,Returned,Gurgaon,16
FK-7625,Customer_6625,Books,Rich Dad Poor Dad,73995,4,10-03-26,Shipped,Gurgaon,5
FK-7626,Customer_6626,Books,Rich Dad Poor Dad,48544,1,17-06-25,Delivered,Chennai,8%
FK-7627,Customer_6627,ELECTRONICS,Boat Airdopes,3439,1,11-05-26,Returned,,2
FK-7628,Customer_6628,Shoes,Adidas Sliders,18900,1,,Returned,Mumbai,NULL
FK-7629,Customer_6629,Books,Atomic Habits,1135,2,25-10-25,delivered,,NULL
FK-7630,Customer_6630,Beauty,Lakme Eyeliner,Rs. 9914,1,25-03-25,Pending,,16
FK-7631,Customer_6631,Clothing,Jeans,15518,1,04-04-26,delivered,Delhi,27
FK-7632,Customer_6632,BEAUTY,Maybelline Lipstick,20236,1,28-01-25,Returned,Hyderabad,9
FK-7633,Customer_6633,,Sony Headphones,66389,1,07-03-26,delivered,Delhi,15
FK-7634,Customer_6634,Beauty,Lakme Eyeliner,Rs. 45135,5,04-08-25,Delivered,Hyderabad,13
FK-7635,Customer_6635,Home & Kitchen,Pigeon Gas Stove,,1,22-06-25,Pending,Hyderabad,3
FK-7636,Customer_6636,Books,Rich Dad Poor Dad,-23551,1,,returned,Pune,7
FK-7637,Customer_6637,Beauty,Maybelline Lipstick,31631,two,,Returned,Hyderabad,15
FK-7638,Customer_6638,Beauty,Nivea Lotion,Rs. 54883,3,24-04-25,Returned,BLR,
FK-7639,Customer_6639,beauty,Maybelline Lipstick,₹46104,2,02-01-26,delivered,,1
FK-7640,Customer_6640,Beauty,Maybelline Lipstick,Rs. 41724,2,04-01-25,Delivered,Mumbai,10
FK-7641,Customer_6641,Clothing,Saree,Rs. 30589,1,01-04-25,Shipped,Delhi,N/A
FK-7641,Customer_6641,Clothing,Saree,Rs. 30589,1,01-04-25,Shipped,Delhi,N/A
7642,Customer_6642,Home & Kitchen,Bajaj Iron,47593,3,24-03-26,returned,Gurgaon,22
FK-7643,,Clothing,Jeans,18056,1,23-04-25,Delivered,,4
7644,Customer_6644,Clothing,Jacket,68869,1,09-02-26,Pending,BLR,1
FK-7645,Customer_6645,Books,Dune,11794,2,16-10-25,Pending,Kolkata,27
FK-7646,Customer_6646,Beauty,Nivea Lotion,50507,one,02-02-25,Pending,Chennai,13
fk-7647,Customer_6647,Shoes,Puma Sneakers,Rs. 3631,1,24-03-25,Pending,Gurgaon,27
FK-7648,Customer_6648,Beauty,Maybelline Lipstick,₹56178,2,25-07-25,Canceled,Hyd,25
FK-7649,Customer_6649,Clothing,Jeans,64988,5,24-11-25,Pending,Hyd,N/A
FK-7650,Customer_6650,shoes,Adidas Sliders,Rs. 70817,1,,Delivered,Bengaluru,20
FK-7651,Customer_6651,Clothing,Men's T-Shirt,33312,1,17-03-25,returned,Hyd,15%
FK-7652,Customer_6652,Shoes,Nike Running Shoes,53433,3,08-05-26,Shipped,Hyd,13
FK-7652,Customer_6652,Shoes,Nike Running Shoes,53433,3,08-05-26,Shipped,Hyd,13
FK-7653,Customer_6653,Home & Kitchen,Milton Thermos,46943,1,09-08-25,Returned,Gurgaon,N/A
FK-7654,Customer_6654,Home & Kitchen,Bajaj Iron,Rs. 20983,1,04-11-25,Pending,Pune,12
FK-7655,Customer_6655,HOME & KITCHEN,Prestige Cooker,49386,2,08-09-25,Canceled,,10
FK-7656,Customer_6656,Shoes,Nike Running Shoes,Rs. 6666,1,26-04-25,Delivered,Mumbai,29
FK-7657,Customer_6657,Books,Dune,21849,1,14-09-25,Canceled,Gurgaon,1
FK-7658,Customer_6658,Books,Python Crash Course,Rs. 16451,1,30-07-25,Canceled,Hyderabad,
FK-7659,,Shoes,Puma Sneakers,33540,1,05-12-25,Returned,Kolkata,27
FK-7660,,books,Dune,14608,3,23-01-26,Canceled,Gurgaon,14
7661,Customer_6661,Books,Atomic Habits,41140,one,22-07-25,Shipped,Delhi,21%
FK-7662,Customer_6662,shoes,Adidas Sliders,793,4,26-03-26,delivered,Mumbai,5
FK-7663,Customer_6663,Clothing,Jeans,53908,3,27-02-26,returned,Kolkata,12
FK-7664,Customer_6664,Clothing,Jeans,62994,3,21-01-25,Returned,Mumbai,22
FK-7665,Customer_6665,Home & Kitchen,Prestige Cooker,28769,999,22-01-25,Canceled,Delhi,15
fk-7666,Customer_6666,Electronics,Apple iPhone 15,₹63157,1,18-09-25,delivered,Hyderabad,0
FK-7667,Customer_6667,Shoes,Nike Running Shoes,₹70626,1,22-03-25,delivered,Hyderabad,13
FK-7668,Customer_6668,Books,Atomic Habits,37783,4,Oct 25 2025,returned,Pune,7
FK-7669,,Beauty,Nivea Lotion,59193,2,22-11-25,Returned,Gurgaon,12
FK-7670,Customer_6670,Home & Kitchen,Pigeon Gas Stove,3548,1,May 09 2025,Canceled,Delhi,2
FK-7671,Customer_6671,Home & Kitchen,Milton Thermos,11009,2,21-09-25,Pending,Hyderabad,3
FK-7672,Customer_6672,,Sony Headphones,34599,1,28-03-26,Delivered,Delhi,3
FK-7673,Customer_6673,SHOES,Nike Running Shoes,₹16671,2,16-07-25,delivered,BLR,20
FK-7674,Customer_6674,,Sony Headphones,Rs. 5387,1,14-01-26,Canceled,Hyderabad,5
FK-7675,Customer_6675,clothing,Saree,,3,25-04-25,Delivered,Hyderabad,5
FK-7676,Customer_6676,Electronics,Boat Airdopes,54645,3,May 04 2025,delivered,Mumbai,30
FK-7677,Customer_6677,Books,Python Crash Course,Rs. 74871,2,13-11-25,Returned,Gurgaon,0
FK-7678,Customer_6678,Shoes,Puma Sneakers,70587,1,Apr 09 2026,Delivered,Gurgaon,
7679,Customer_6679,Home & Kitchen,Milton Thermos,7813,1,04-09-25,Returned,Pune,11
FK-7680,Customer_6680,Home & Kitchen,Bajaj Iron,Rs. 43930,1,,Delivered,BLR,25
fk-7681,Customer_6681,Shoes,Puma Sneakers,23846,2,16-03-26,Pending,BLR,7
fk-7681,Customer_6681,Shoes,Puma Sneakers,23846,2,16-03-26,Pending,BLR,7
FK-7682,Customer_6682,Home & Kitchen,Milton Thermos,₹60353,3,25-09-25,Pending,,6%
FK-7683,Customer_6683,Electronics,Samsung Galaxy M14,-46713,5,08-10-25,Shipped,Gurgaon,10
FK-7684,Customer_6684,Clothing,Jacket,₹51663,1,02-01-25,Delivered,Bengaluru,17
FK-7685,Customer_6685,Electronics,Sony Headphones,12576,1,01-05-25,returned,Hyd,4
FK-7686,Customer_6686,Books,Atomic Habits,55657,4,28-12-25,returned,Pune,13
FK-7687,Customer_6687,Electronics,Apple iPhone 15,42430,1,17-01-25,Shipped,Bengaluru,21
FK-7688,Customer_6688,Beauty,Maybelline Lipstick,-31353,1,01-02-25,Pending,Pune,14
7689,Customer_6689,Books,Python Crash Course,22377,1,05-06-25,Returned,Kolkata,20%
FK-7690,Customer_6690,Home & Kitchen,Milton Thermos,20341,5,29-09-25,Shipped,Chennai,N/A
FK-7691,Customer_6691,Books,Python Crash Course,20295,2,29-01-26,delivered,Gurgaon,8
7692,Customer_6692,clothing,Jeans,9747,1,,Pending,BLR,2
FK-7693,Customer_6693,Home & Kitchen,Milton Thermos,Rs. 29551,1,Mar 09 2026,Shipped,,6
FK-7694,Customer_6694,BOOKS,Atomic Habits,33753,3,28-08-25,Pending,Kolkata,25
7695,Customer_6695,Electronics,Apple iPhone 15,56349,1,03-02-25,delivered,,3%
FK-7696,Customer_6696,Electronics,Sony Headphones,59553,4,04-05-25,Returned,Hyderabad,23
FK-7697,Customer_6697,Books,Atomic Habits,59839,2,May 04 2025,delivered,Pune,21
7698,Customer_6698,Shoes,Adidas Sliders,59732,1,25-02-25,Delivered,Pune,5
FK-7699,Customer_6699,Shoes,Nike Running Shoes,47305,4,06-01-25,Returned,Kolkata,16
FK-7700,Customer_6700,Home & Kitchen,Milton Thermos,Rs. 15511,1,18-07-25,Shipped,BLR,28
FK-7701,,Home & Kitchen,Pigeon Gas Stove,19986,2,02-01-25,Canceled,,NULL
FK-7702,Customer_6702,Shoes,Puma Sneakers,₹36031,1,22-03-25,Delivered,,21
FK-7703,Customer_6703,Home & Kitchen,Milton Thermos,16754,1,20-02-26,returned,Gurgaon,24
FK-7704,Customer_6704,books,Rich Dad Poor Dad,33438,1,15-02-25,Canceled,Mumbai,3
fk-7705,Customer_6705,Beauty,Nivea Lotion,₹13082,5,10-07-25,Returned,Bengaluru,15
FK-7706,Customer_6706,Books,Rich Dad Poor Dad,50262,1,04-12-25,Shipped,Bengaluru,20
FK-7707,Customer_6707,Shoes,Adidas Sliders,50392,two,10-01-26,Returned,Chennai,15
FK-7708,Customer_6708,Beauty,Lakme Eyeliner,16147,1,07-09-25,returned,Pune,10
FK-7709,Customer_6709,Beauty,Lakme Eyeliner,Rs. 63398,1,18-04-26,Canceled,Hyderabad,NULL
FK-7710,Customer_6710,Home & Kitchen,Prestige Cooker,28197,1,,Shipped,Kolkata,24
fk-7711,Customer_6711,Beauty,Lakme Eyeliner,62937,1,25-06-25,Returned,,14
FK-7712,Customer_6712,clothing,Women's Kurta,6177,2,31-08-25,Returned,Bengaluru,14
FK-7713,Customer_6713,Clothing,Women's Kurta,,2,25-03-26,returned,Kolkata,30
7714,Customer_6714,Electronics,Boat Airdopes,-2704,1,Jan 16 2025,Pending,Gurgaon,20
FK-7715,,Home & Kitchen,Bajaj Iron,₹23367,1,10-07-25,Shipped,Hyderabad,28
FK-7716,Customer_6716,Books,Rich Dad Poor Dad,72514,1,29-09-25,delivered,Chennai,24
FK-7717,Customer_6717,Beauty,Nivea Lotion,68547,4,11-12-25,returned,Mumbai,0
FK-7718,Customer_6718,Home & Kitchen,Prestige Cooker,Rs. 32252,2,14-05-26,Delivered,Pune,N/A
FK-7719,Customer_6719,Clothing,Jeans,41145,1,Aug 23 2025,Shipped,Hyd,6
FK-7720,Customer_6720,Electronics,Dell Mouse,25967,1,17-07-25,Shipped,,6
7721,,Clothing,Jeans,10786,1,Apr 08 2025,Canceled,Hyderabad,14
FK-7722,Customer_6722,Beauty,Maybelline Lipstick,17523,1,11-04-25,Pending,,27
FK-7723,Customer_6723,,Sony Headphones,₹40825,-1,Jul 10 2025,returned,BLR,28
FK-7724,Customer_6724,books,Rich Dad Poor Dad,65902,3,31-10-25,Delivered,Kolkata,22
FK-7725,Customer_6725,Clothing,Women's Kurta,₹72578,1,05-06-25,Canceled,Chennai,20
fk-7726,Customer_6726,Beauty,Maybelline Lipstick,₹61668,4,12-10-25,Canceled,Kolkata,9
FK-7727,Customer_6727,Electronics,Sony Headphones,46007,1,24-08-25,Canceled,Kolkata,0
FK-7728,Customer_6728,Beauty,Lakme Eyeliner,9834,1,21-05-25,Returned,Hyderabad,8
FK-7729,,Books,Dune,-50090,1,29-01-25,Shipped,,4%
FK-7730,Customer_6730,Clothing,Jeans,,2,19-02-26,Canceled,Delhi,N/A
FK-7731,Customer_6731,Clothing,Jacket,71483,5,08-09-25,Delivered,Kolkata,18
FK-7732,Customer_6732,Beauty,Lakme Eyeliner,61790,1,19-03-26,Pending,BLR,9
FK-7733,,shoes,Puma Sneakers,59142,1,20-10-25,Delivered,Hyderabad,NULL
FK-7734,Customer_6734,Books,Dune,7801,5,28-07-25,Shipped,Hyd,29
7735,Customer_6735,Beauty,Maybelline Lipstick,57350,1,Jan 25 2025,delivered,Hyderabad,14
FK-7736,Customer_6736,home & kitchen,Milton Thermos,18523,2,18-07-25,Delivered,,4
FK-7737,Customer_6737,Shoes,Puma Sneakers,51330,1,30-08-25,delivered,Pune,6
FK-7738,Customer_6738,Beauty,Nivea Lotion,20201,1,30-03-25,delivered,Pune,6
FK-7739,Customer_6739,Beauty,Lakme Eyeliner,Rs. 54757,2,21-12-25,Canceled,Delhi,5
FK-7740,Customer_6740,Beauty,Maybelline Lipstick,33244,2,16-02-26,Shipped,Mumbai,29
FK-7741,Customer_6741,Electronics,Dell Mouse,Rs. 61300,1,08-08-25,Returned,Hyd,7
FK-7742,Customer_6742,Electronics,Samsung Galaxy M14,46578,two,03-08-25,Canceled,,27
FK-7743,Customer_6743,Books,Rich Dad Poor Dad,65223,1,30-07-25,delivered,Pune,4
FK-7744,,Home & Kitchen,Milton Thermos,₹10973,1,20-03-25,returned,Hyderabad,5%
FK-7745,Customer_6745,Beauty,Lakme Eyeliner,Rs. 56059,3,09-01-26,Returned,Chennai,20
FK-7746,Customer_6746,Home & Kitchen,Pigeon Gas Stove,Rs. 49729,one,07-08-25,Shipped,Hyderabad,15
FK-7747,Customer_6747,Beauty,Nivea Lotion,5626,1,Jul 30 2025,Returned,,9
FK-7748,Customer_6748,Electronics,Apple iPhone 15,Rs. 55862,3,,delivered,Gurgaon,N/A
FK-7749,Customer_6749,Clothing,Men's T-Shirt,721,1,26-10-25,delivered,Hyd,3
7750,Customer_6750,Beauty,Lakme Eyeliner,15161,3,26-09-25,Delivered,Mumbai,
FK-7751,Customer_6751,CLOTHING,Jacket,55587,2,Oct 13 2025,Returned,Mumbai,16
FK-7752,Customer_6752,Electronics,Sony Headphones,28390,1,22-03-26,Delivered,BLR,19
fk-7753,Customer_6753,Clothing,Saree,48816,two,17-02-26,delivered,,29
FK-7754,Customer_6754,Home & Kitchen,Milton Thermos,Rs. 4132,2,24-03-25,delivered,Gurgaon,23
FK-7755,Customer_6755,Beauty,Maybelline Lipstick,25127,1,06-04-25,Pending,Mumbai,NULL
FK-7756,Customer_6756,Home & Kitchen,Bajaj Iron,26247,3,22-04-26,Shipped,BLR,7
FK-7757,Customer_6757,Shoes,Nike Running Shoes,60258,3,05-03-25,delivered,Pune,0
FK-7758,Customer_6758,beauty,Maybelline Lipstick,66730,1,04-02-25,Canceled,Chennai,4%
FK-7759,Customer_6759,Books,Python Crash Course,₹13238,2,29-06-25,returned,Gurgaon,14
FK-7760,Customer_6760,Electronics,Dell Mouse,41628,3,20-08-25,Pending,Gurgaon,NULL
FK-7761,Customer_6761,Clothing,Men's T-Shirt,4224,1,20-01-25,delivered,Kolkata,NULL
FK-7762,,Electronics,Boat Airdopes,2462,1,30-10-25,delivered,Mumbai,12
fk-7763,,SHOES,Puma Sneakers,30776,5,26-07-25,Shipped,BLR,12
FK-7764,Customer_6764,Books,Rich Dad Poor Dad,14091,1,09-02-25,Delivered,Mumbai,15
FK-7765,Customer_6765,Books,Dune,42313,2,15-02-26,Shipped,Hyderabad,23
FK-7766,Customer_6766,Electronics,Apple iPhone 15,₹3310,1,04-02-25,returned,Hyd,N/A
FK-7767,Customer_6767,Books,Python Crash Course,21791,3,03-04-25,delivered,Chennai,4
FK-7768,Customer_6768,Shoes,Adidas Sliders,15746,1,28-01-26,Canceled,Hyd,26
FK-7769,Customer_6769,CLOTHING,Women's Kurta,Rs. 12406,2,Jan 30 2025,Canceled,Pune,21
FK-7770,Customer_6770,Shoes,Puma Sneakers,5557,1,14-02-26,Canceled,Kolkata,NULL
FK-7771,Customer_6771,Clothing,Jeans,2870,3,,Returned,Hyderabad,1
FK-7772,Customer_6772,Electronics,HP Pavilion Laptop,,3,May 10 2025,Shipped,Mumbai,14
FK-7773,Customer_6773,Clothing,Jacket,Rs. 51431,1,01-05-25,Canceled,Hyd,21
FK-7774,Customer_6774,Beauty,Nivea Lotion,55262,2,,Canceled,Bengaluru,17
FK-7775,Customer_6775,Books,Rich Dad Poor Dad,67480,1,17-12-25,returned,Pune,18
FK-7776,Customer_6776,Shoes,Adidas Sliders,74236,2,08-08-25,Delivered,Bengaluru,7
FK-7777,Customer_6777,,HP Pavilion Laptop,56522,1,27-01-26,Delivered,Gurgaon,2
FK-7778,Customer_6778,Clothing,Women's Kurta,18919,2,05-07-25,delivered,Pune,28
FK-7779,Customer_6779,Shoes,Puma Sneakers,54921,1,10-08-25,Canceled,Kolkata,0
FK-7780,Customer_6780,Beauty,Lakme Eyeliner,6628,4,20-02-25,returned,Bengaluru,5
7781,Customer_6781,Electronics,HP Pavilion Laptop,₹69275,2,19-10-25,Canceled,Chennai,18
FK-7782,Customer_6782,Electronics,Samsung Galaxy M14,8491,one,28-10-25,Shipped,Hyd,19
FK-7783,Customer_6783,Home & Kitchen,Bajaj Iron,₹54245,,02-11-25,Shipped,,18
FK-7784,Customer_6784,Clothing,Men's T-Shirt,,2,19-10-25,Pending,Kolkata,3
fk-7785,Customer_6785,Home & Kitchen,Pigeon Gas Stove,34557,1,10-03-26,Delivered,Mumbai,9
FK-7786,Customer_6786,Home & Kitchen,Bajaj Iron,15572,1,05-01-26,Returned,Gurgaon,13
FK-7787,Customer_6787,Electronics,HP Pavilion Laptop,8876,5,,Canceled,Chennai,N/A
FK-7788,Customer_6788,Books,Python Crash Course,6135,1,Aug 28 2025,Returned,Delhi,N/A
FK-7789,Customer_6789,Shoes,Nike Running Shoes,53023,1,15-02-25,Shipped,Bengaluru,10
FK-7790,Customer_6790,Home & Kitchen,Bajaj Iron,64313,1,22-09-25,Canceled,Hyd,NULL
FK-7791,,Home & Kitchen,Prestige Cooker,15011,1,15-02-25,delivered,,NULL
FK-7792,Customer_6792,Home & Kitchen,Pigeon Gas Stove,₹58215,1,12-03-25,Canceled,Mumbai,15
FK-7793,Customer_6793,,Dell Mouse,Rs. 23992,1,04-03-25,Returned,Bengaluru,4
FK-7794,Customer_6794,Beauty,Lakme Eyeliner,39424,3,18-03-25,Returned,Pune,4
fk-7795,,Electronics,Samsung Galaxy M14,3323,3,10-02-25,returned,BLR,4
FK-7796,Customer_6796,Books,Atomic Habits,59991,3,05-04-26,returned,Delhi,N/A
FK-7797,Customer_6797,Shoes,Puma Sneakers,24853,2,Feb 22 2026,Pending,,12
FK-7798,Customer_6798,Clothing,Jacket,Rs. 30362,1,26-04-26,Returned,Pune,17
FK-7799,Customer_6799,Books,Rich Dad Poor Dad,34670,2,14-08-25,Shipped,Kolkata,2
FK-7800,Customer_6800,Beauty,Lakme Eyeliner,25086,1,09-01-26,Canceled,Chennai,30%
FK-7801,Customer_6801,Books,Atomic Habits,6995,3,Mar 08 2026,Returned,Hyderabad,7
FK-7802,Customer_6802,Shoes,Adidas Sliders,43692,1,11-01-25,Delivered,Kolkata,19
FK-7803,Customer_6803,Beauty,Lakme Eyeliner,55242,5,15-03-26,delivered,BLR,14
FK-7804,Customer_6804,Electronics,Samsung Galaxy M14,Rs. 49483,1,02-04-25,Delivered,Hyd,5
FK-7805,Customer_6805,Electronics,Dell Mouse,56012,1,19-04-26,Canceled,Bengaluru,14%
FK-7806,Customer_6806,Home & Kitchen,Prestige Cooker,,2,24-04-26,Delivered,,27
FK-7807,Customer_6807,Books,Dune,-53532,1,04-05-26,delivered,Delhi,21
FK-7808,Customer_6808,Shoes,Adidas Sliders,48584,1,20-04-26,Returned,Chennai,26
FK-7809,Customer_6809,Home & Kitchen,Prestige Cooker,Rs. 72611,1,21-08-25,Pending,Chennai,20
FK-7810,Customer_6810,Beauty,Maybelline Lipstick,,2,21-10-25,returned,Chennai,17%
FK-7811,Customer_6811,Shoes,Puma Sneakers,20001,1,17-08-25,Shipped,,7
FK-7812,Customer_6812,Shoes,Adidas Sliders,32318,1,16-03-25,Pending,Pune,18
FK-7813,Customer_6813,Books,Rich Dad Poor Dad,60971,1,18-03-25,Returned,Delhi,NULL
FK-7814,Customer_6814,books,Dune,23786,1,,Shipped,Chennai,NULL
FK-7815,Customer_6815,Electronics,Dell Mouse,30416,1,10-03-26,returned,,19
FK-7816,Customer_6816,Electronics,Sony Headphones,49923,2,31-01-25,returned,Bengaluru,25
FK-7817,,Shoes,Puma Sneakers,63027,1,25-01-26,Pending,Chennai,17
FK-7818,Customer_6818,Home & Kitchen,Pigeon Gas Stove,Rs. 44115,1,27-08-25,Canceled,Hyd,25
FK-7819,Customer_6819,home & kitchen,Bajaj Iron,33866,999,10-01-25,delivered,Chennai,1
FK-7820,Customer_6820,Beauty,Lakme Eyeliner,Rs. 979,5,03-06-25,Pending,Kolkata,2
FK-7821,Customer_6821,Clothing,Saree,,2,06-04-26,delivered,Delhi,9
FK-7822,Customer_6822,Electronics,Apple iPhone 15,14842,3,23-01-26,Pending,Delhi,27
fk-7823,Customer_6823,Clothing,Saree,49259,1,24-01-25,Canceled,BLR,25
FK-7824,Customer_6824,Books,Rich Dad Poor Dad,70093,2,03-05-26,Delivered,Mumbai,3
FK-7825,Customer_6825,Beauty,Maybelline Lipstick,₹5045,3,09-04-25,Delivered,Chennai,10
FK-7826,,Books,Rich Dad Poor Dad,27082,1,30-09-25,Pending,BLR,0
FK-7827,Customer_6827,Home & Kitchen,Bajaj Iron,61146,1,12-05-25,delivered,Mumbai,8
FK-7828,Customer_6828,Electronics,Sony Headphones,₹37366,1,19-01-25,Shipped,Chennai,24
FK-7829,Customer_6829,Beauty,Lakme Eyeliner,51554,2,Jan 10 2026,delivered,Mumbai,22%
7830,Customer_6830,beauty,Nivea Lotion,35836,1,08-10-25,returned,Chennai,30
7831,Customer_6831,Electronics,Samsung Galaxy M14,57600,1,02-03-26,Canceled,BLR,N/A
FK-7832,Customer_6832,Electronics,Samsung Galaxy M14,2952,1,15-06-25,Canceled,Gurgaon,
FK-7833,Customer_6833,Clothing,Men's T-Shirt,59323,3,26-05-25,delivered,,20
FK-7834,Customer_6834,Home & Kitchen,Prestige Cooker,51668,1,18-03-26,Pending,Hyderabad,21
FK-7835,Customer_6835,Electronics,Boat Airdopes,69836,1,18-01-25,delivered,Pune,27
FK-7836,,Shoes,Nike Running Shoes,11994,1,03-03-25,Pending,Delhi,10
FK-7837,Customer_6837,Shoes,Adidas Sliders,60292,3,09-08-25,Canceled,Pune,1
FK-7838,Customer_6838,Shoes,Puma Sneakers,,1,04-06-25,Returned,Delhi,25
fk-7839,Customer_6839,,Apple iPhone 15,40182,1,09-09-25,Returned,Bengaluru,24
FK-7840,Customer_6840,Clothing,Jeans,30806,one,16-04-26,Canceled,,N/A
FK-7841,Customer_6841,BOOKS,Atomic Habits,60330,1,02-05-26,Returned,BLR,23
FK-7842,Customer_6842,shoes,Puma Sneakers,43474,999,02-06-25,Pending,Delhi,25%
FK-7843,Customer_6843,BEAUTY,Lakme Eyeliner,,1,Jan 13 2025,delivered,Pune,3
FK-7844,Customer_6844,Home & Kitchen,Pigeon Gas Stove,40976,5,,Returned,Bengaluru,11
FK-7845,Customer_6845,Beauty,Nivea Lotion,Rs. 44402,2,14-05-25,Returned,Hyderabad,29
FK-7846,Customer_6846,,Boat Airdopes,-72442,,14-04-26,Shipped,Delhi,28
FK-7847,Customer_6847,Beauty,Lakme Eyeliner,5193,3,02-11-25,Returned,Delhi,11
FK-7848,Customer_6848,Books,Dune,₹1396,1,11-02-25,Shipped,Gurgaon,N/A
FK-7849,Customer_6849,Beauty,Maybelline Lipstick,16230,1,,Returned,,23
FK-7850,Customer_6850,Clothing,Saree,73551,1,22-08-25,returned,Mumbai,23
7851,Customer_6851,Home & Kitchen,Milton Thermos,Rs. 48354,1,23-02-26,returned,Kolkata,29%
FK-7852,Customer_6852,Home & Kitchen,Milton Thermos,-16373,2,Oct 29 2025,Shipped,,6
FK-7853,Customer_6853,Shoes,Adidas Sliders,1220,2,20-04-25,delivered,Chennai,2
FK-7854,Customer_6854,Beauty,Nivea Lotion,₹2307,3,03-09-25,Shipped,Chennai,
FK-7855,Customer_6855,Home & Kitchen,Prestige Cooker,63991,1,04-05-25,Returned,Hyd,
FK-7856,,Electronics,HP Pavilion Laptop,₹22396,1,,delivered,Kolkata,12
FK-7857,Customer_6857,electronics,Sony Headphones,₹20194,1,14-05-26,returned,Kolkata,N/A
FK-7858,Customer_6858,Beauty,Nivea Lotion,46321,1,Mar 30 2025,Shipped,Delhi,11
7859,Customer_6859,Electronics,Sony Headphones,4456,1,19-09-25,Pending,BLR,7%
FK-7860,Customer_6860,clothing,Women's Kurta,57973,1,26-10-25,Delivered,Pune,30
FK-7861,Customer_6861,Beauty,Lakme Eyeliner,65712,1,25-03-26,Shipped,Kolkata,24
FK-7862,Customer_6862,HOME & KITCHEN,Pigeon Gas Stove,Rs. 52419,1,18-08-25,Canceled,Mumbai,N/A
FK-7863,,Electronics,Sony Headphones,,2,24-01-26,Returned,Chennai,26
FK-7864,Customer_6864,Beauty,Lakme Eyeliner,Rs. 54892,1,06-11-25,Delivered,Gurgaon,22
FK-7865,Customer_6865,Electronics,Boat Airdopes,34179,1,26-03-25,delivered,Hyd,NULL
FK-7866,Customer_6866,Books,Rich Dad Poor Dad,34654,5,,delivered,BLR,0
FK-7867,Customer_6867,beauty,Maybelline Lipstick,8932,1,21-01-25,Shipped,Gurgaon,16
FK-7868,Customer_6868,,Apple iPhone 15,14346,two,31-03-25,Canceled,Kolkata,13%
FK-7869,Customer_6869,Beauty,Nivea Lotion,14442,1,19-05-25,Pending,Delhi,15
FK-7870,Customer_6870,Shoes,Nike Running Shoes,7027,3,Feb 21 2026,Pending,Hyderabad,26
7871,Customer_6871,Home & Kitchen,Prestige Cooker,62022,2,12-03-25,returned,Pune,N/A
FK-7872,Customer_6872,Home & Kitchen,Pigeon Gas Stove,32290,4,13-05-25,Canceled,Pune,16
FK-7873,Customer_6873,,HP Pavilion Laptop,₹16317,1,26-10-25,Returned,Kolkata,0
FK-7874,Customer_6874,Clothing,Men's T-Shirt,14859,2,13-05-26,Delivered,Gurgaon,6%
FK-7875,Customer_6875,electronics,Boat Airdopes,47812,1,24-04-25,Canceled,Bengaluru,1
FK-7876,Customer_6876,Beauty,Maybelline Lipstick,Rs. 23110,5,01-03-25,Pending,Gurgaon,9
FK-7877,Customer_6877,Clothing,Saree,13214,1,30-03-26,Pending,Bengaluru,25
FK-7878,Customer_6878,books,Rich Dad Poor Dad,58459,1,23-01-26,Canceled,,23
FK-7879,Customer_6879,Books,Python Crash Course,11790,1,05-09-25,returned,,8
FK-7880,Customer_6880,,Sony Headphones,,1,26-01-25,returned,Hyderabad,16
FK-7881,Customer_6881,Home & Kitchen,Pigeon Gas Stove,4112,2,14-02-25,Shipped,BLR,8
FK-7882,Customer_6882,Electronics,HP Pavilion Laptop,9398,2,23-03-26,Returned,Delhi,11%
fk-7883,Customer_6883,books,Rich Dad Poor Dad,61174,2,Jul 02 2025,Returned,Pune,13
FK-7884,Customer_6884,Clothing,Jeans,,1,21-06-25,Delivered,Hyd,21
FK-7885,Customer_6885,Clothing,Jeans,41362,1,11-09-25,delivered,Hyd,4
7886,Customer_6886,Home & Kitchen,Milton Thermos,41488,two,17-02-25,Canceled,Pune,28
FK-7887,Customer_6887,Shoes,Puma Sneakers,₹23181,2,10-07-25,Pending,Pune,2
FK-7888,Customer_6888,Books,Rich Dad Poor Dad,42483,2,Jul 25 2025,Canceled,Gurgaon,N/A
FK-7889,Customer_6889,Home & Kitchen,Pigeon Gas Stove,2097,2,05-01-25,returned,Gurgaon,1
FK-7890,Customer_6890,Beauty,Maybelline Lipstick,23953,1,06-10-25,Pending,Mumbai,28
FK-7891,Customer_6891,Electronics,HP Pavilion Laptop,₹29519,1,18-08-25,Canceled,BLR,7
FK-7892,Customer_6892,Beauty,Nivea Lotion,14748,2,09-12-25,Pending,Pune,
FK-7893,Customer_6893,Books,Rich Dad Poor Dad,57359,1,07-04-25,Delivered,Mumbai,9
FK-7894,Customer_6894,Clothing,Jeans,-26902,1,01-10-25,Delivered,BLR,26
FK-7895,Customer_6895,Electronics,Boat Airdopes,22149,2,,Delivered,Hyderabad,24
FK-7896,Customer_6896,Electronics,Apple iPhone 15,28382,one,Jan 11 2025,delivered,BLR,1
FK-7897,Customer_6897,Books,Atomic Habits,9356,1,08-12-25,delivered,Kolkata,11%
FK-7898,Customer_6898,Clothing,Saree,48916,1,05-05-25,Canceled,Hyd,21
FK-7899,Customer_6899,Home & Kitchen,Bajaj Iron,42872,1,Mar 03 2026,Delivered,Mumbai,26
FK-7900,Customer_6900,Clothing,Men's T-Shirt,42927,2,01-01-26,Canceled,Mumbai,22
FK-7901,Customer_6901,Clothing,Saree,Rs. 39005,1,16-11-25,Pending,Hyd,17
FK-7902,Customer_6902,Home & Kitchen,Prestige Cooker,Rs. 9035,2,11-06-25,Returned,Delhi,7
FK-7903,Customer_6903,Beauty,Nivea Lotion,19131,1,05-04-25,Pending,,16
FK-7904,Customer_6904,Beauty,Maybelline Lipstick,71769,1,04-02-25,delivered,Mumbai,2
FK-7905,Customer_6905,Beauty,Maybelline Lipstick,-28404,two,Apr 10 2025,delivered,Hyd,22
FK-7906,Customer_6906,Electronics,Apple iPhone 15,54554,1,24-06-25,Delivered,Chennai,5
FK-7907,Customer_6907,Clothing,Jacket,Rs. 4090,3,16-05-26,returned,Hyd,15%
FK-7908,Customer_6908,Home & Kitchen,Bajaj Iron,27088,1,09-07-25,Shipped,,9
FK-7909,Customer_6909,Home & Kitchen,Pigeon Gas Stove,₹12513,1,16-02-26,returned,Hyderabad,NULL
FK-7910,Customer_6910,HOME & KITCHEN,Milton Thermos,53236,,16-09-25,delivered,,10
FK-7911,,SHOES,Nike Running Shoes,68335,2,04-02-25,Shipped,Kolkata,25
FK-7912,Customer_6912,Books,Atomic Habits,74868,5,22-01-25,Pending,Gurgaon,23
FK-7913,Customer_6913,BOOKS,Rich Dad Poor Dad,Rs. 55252,1,06-07-25,returned,Pune,26
FK-7914,Customer_6914,Books,Rich Dad Poor Dad,4321,1,19-12-25,Returned,,16
FK-7915,Customer_6915,Beauty,Lakme Eyeliner,Rs. 71003,1,24-05-25,Pending,Pune,21%
FK-7916,Customer_6916,Beauty,Lakme Eyeliner,,2,Feb 22 2026,returned,Chennai,3
FK-7917,Customer_6917,Books,Dune,59334,1,07-02-25,Canceled,Delhi,18
FK-7918,Customer_6918,Shoes,Puma Sneakers,Rs. 40181,1,14-06-25,delivered,Delhi,8
FK-7919,Customer_6919,HOME & KITCHEN,Prestige Cooker,Rs. 8729,1,19-01-25,Delivered,Mumbai,28
FK-7920,Customer_6920,Shoes,Nike Running Shoes,74678,1,27-04-26,delivered,Mumbai,7
FK-7921,Customer_6921,Clothing,Women's Kurta,22168,1,01-04-26,Pending,Hyderabad,11
FK-7922,Customer_6922,Home & Kitchen,Milton Thermos,Rs. 26175,-1,06-06-25,delivered,,1
FK-7923,Customer_6923,Electronics,Sony Headphones,63025,1,21-03-26,returned,Hyderabad,27
FK-7924,Customer_6924,Home & Kitchen,Bajaj Iron,10747,1,12-06-25,Delivered,Bengaluru,27
FK-7925,Customer_6925,Clothing,Women's Kurta,60176,1,Aug 31 2025,Canceled,Hyd,30
FK-7926,Customer_6926,Electronics,Sony Headphones,Rs. 22040,2,10-01-25,Delivered,Bengaluru,30%
fk-7927,Customer_6927,Clothing,Men's T-Shirt,Rs. 30493,1,20-03-26,Delivered,Gurgaon,25
FK-7928,Customer_6928,Shoes,Puma Sneakers,-56218,1,Oct 16 2025,Returned,Chennai,N/A
FK-7929,Customer_6929,,Sony Headphones,33944,1,24-03-26,Pending,,0
FK-7930,,Electronics,Dell Mouse,Rs. 15009,4,13-06-25,Pending,BLR,17
FK-7931,Customer_6931,Beauty,Maybelline Lipstick,13569,999,Jul 13 2025,Pending,Hyderabad,24
FK-7932,Customer_6932,Beauty,Nivea Lotion,2652,3,02-01-26,returned,Hyderabad,8
7933,Customer_6933,Clothing,Jeans,53329,2,26-01-26,returned,Bengaluru,0%
FK-7934,Customer_6934,Books,Rich Dad Poor Dad,Rs. 33922,4,14-11-25,Canceled,Chennai,12
FK-7935,Customer_6935,Shoes,Adidas Sliders,52824,1,12-06-25,Canceled,Delhi,NULL
FK-7936,Customer_6936,Beauty,Maybelline Lipstick,45951,1,17-11-25,Canceled,Gurgaon,24
FK-7937,Customer_6937,,Sony Headphones,34277,3,17-12-25,Returned,Bengaluru,NULL
FK-7938,Customer_6938,ELECTRONICS,Sony Headphones,39233,1,17-03-25,Delivered,Hyd,14
FK-7939,Customer_6939,Shoes,Adidas Sliders,20512,1,30-01-25,delivered,Chennai,23
FK-7940,Customer_6940,,Sony Headphones,44829,1,11-01-25,Pending,,17
FK-7941,Customer_6941,Clothing,Jeans,54794,1,Mar 08 2025,Returned,Chennai,16
7942,Customer_6942,Books,Rich Dad Poor Dad,,3,27-04-26,delivered,Bengaluru,2
FK-7943,Customer_6943,Home & Kitchen,Prestige Cooker,71588,4,,returned,,16
FK-7944,Customer_6944,Shoes,Nike Running Shoes,67072,4,16-05-26,Returned,BLR,0%
FK-7945,Customer_6945,Beauty,Lakme Eyeliner,38915,one,25-11-25,returned,,9
FK-7946,Customer_6946,Electronics,Apple iPhone 15,34520,3,23-02-26,Canceled,Gurgaon,8
FK-7947,Customer_6947,Electronics,Sony Headphones,,two,Feb 24 2025,Pending,Delhi,22
FK-7948,Customer_6948,BOOKS,Dune,4153,2,,Pending,Delhi,22
FK-7949,Customer_6949,Books,Rich Dad Poor Dad,56891,one,20-11-25,Returned,Delhi,17
FK-7950,Customer_6950,Clothing,Men's T-Shirt,-49854,1,28-06-25,Returned,Hyd,25
FK-7951,Customer_6951,Home & Kitchen,Bajaj Iron,50764,2,20-08-25,Shipped,Pune,19%
FK-7952,Customer_6952,Books,Atomic Habits,34524,3,29-10-25,Shipped,Hyderabad,
FK-7953,Customer_6953,Home & Kitchen,Pigeon Gas Stove,-10695,1,Sep 07 2025,Shipped,Hyd,11
FK-7954,Customer_6954,SHOES,Nike Running Shoes,41287,1,,Shipped,Hyderabad,24%
FK-7955,Customer_6955,,Samsung Galaxy M14,46317,2,20-04-25,Returned,,23
fk-7956,Customer_6956,home & kitchen,Prestige Cooker,Rs. 28398,1,15-04-26,Pending,Mumbai,1%
FK-7957,Customer_6957,Beauty,Lakme Eyeliner,72525,,01-05-25,delivered,Hyd,26
FK-7958,Customer_6958,Beauty,Nivea Lotion,52583,999,27-02-26,Pending,Mumbai,23%
FK-7959,Customer_6959,Books,Dune,66049,3,24-09-25,returned,Chennai,2
7960,Customer_6960,Shoes,Nike Running Shoes,16298,3,26-03-26,returned,,5
FK-7961,Customer_6961,Books,Atomic Habits,27592,2,03-04-25,Pending,Chennai,25
FK-7962,Customer_6962,Beauty,Maybelline Lipstick,40726,1,01-05-25,Canceled,Gurgaon,7
FK-7963,Customer_6963,Shoes,Adidas Sliders,67585,1,02-04-25,Shipped,Kolkata,6
FK-7964,Customer_6964,Home & Kitchen,Pigeon Gas Stove,5072,1,15-11-25,returned,Bengaluru,N/A
FK-7965,Customer_6965,Books,Dune,34774,1,01-06-25,returned,,28
FK-7966,Customer_6966,Clothing,Women's Kurta,₹74656,4,Jan 17 2026,delivered,Pune,18
FK-7967,Customer_6967,electronics,Samsung Galaxy M14,,4,16-07-25,Shipped,Chennai,7%
FK-7968,Customer_6968,Electronics,Boat Airdopes,Rs. 8136,5,19-03-26,Canceled,Bengaluru,28%
FK-7969,Customer_6969,Clothing,Saree,63306,1,15-01-26,returned,Gurgaon,13
FK-7970,Customer_6970,Beauty,Lakme Eyeliner,74540,1,07-02-26,Shipped,Chennai,12
FK-7970,Customer_6970,Beauty,Lakme Eyeliner,74540,1,07-02-26,Shipped,Chennai,12
FK-7971,Customer_6971,Electronics,Apple iPhone 15,7574,1,07-10-25,Canceled,Pune,NULL
7972,Customer_6972,Shoes,Nike Running Shoes,53311,1,14-01-25,returned,Hyd,15
FK-7973,Customer_6973,Clothing,Jacket,,1,20-04-26,delivered,Kolkata,16
FK-7974,Customer_6974,Books,Python Crash Course,₹7287,,05-12-25,returned,Delhi,10
7975,Customer_6975,Electronics,Samsung Galaxy M14,,2,27-08-25,delivered,BLR,10
FK-7976,,Shoes,Nike Running Shoes,23166,3,08-09-25,Delivered,Kolkata,25
FK-7977,Customer_6977,books,Atomic Habits,49152,1,18-10-25,delivered,Hyd,7
FK-7978,Customer_6978,Books,Rich Dad Poor Dad,53080,4,11-11-25,Pending,Pune,17
FK-7979,Customer_6979,Clothing,Saree,24080,1,Mar 31 2026,Shipped,Chennai,16
FK-7980,Customer_6980,Beauty,Lakme Eyeliner,58899,1,17-06-25,delivered,Delhi,
FK-7981,Customer_6981,Clothing,Saree,64232,1,Jan 04 2025,returned,Mumbai,6
FK-7982,Customer_6982,Home & Kitchen,Bajaj Iron,23326,1,11-05-26,Canceled,Pune,7%
FK-7983,Customer_6983,beauty,Nivea Lotion,40718,1,27-02-25,Returned,BLR,20
FK-7984,Customer_6984,Home & Kitchen,Prestige Cooker,Rs. 43575,1,25-05-25,returned,,25
FK-7985,Customer_6985,Clothing,Women's Kurta,8060,1,15-08-25,Delivered,BLR,22
FK-7986,Customer_6986,Books,Atomic Habits,13374,2,04-01-25,delivered,Pune,16
FK-7987,Customer_6987,Books,Rich Dad Poor Dad,27982,1,20-04-25,delivered,Hyd,3
FK-7988,,Beauty,Lakme Eyeliner,48866,3,13-04-26,Shipped,Delhi,12
FK-7989,,electronics,Dell Mouse,₹37041,2,14-05-26,delivered,,3
FK-7990,Customer_6990,Clothing,Women's Kurta,48892,1,05-11-25,returned,Mumbai,19
7991,Customer_6991,Books,Atomic Habits,₹32967,2,17-12-25,Delivered,Delhi,26
FK-7992,Customer_6992,Shoes,Nike Running Shoes,13303,1,18-11-25,Shipped,Mumbai,3
FK-7993,Customer_6993,Books,Rich Dad Poor Dad,Rs. 65652,1,Feb 10 2026,returned,Gurgaon,10
FK-7994,Customer_6994,Home & Kitchen,Pigeon Gas Stove,17852,1,31-03-26,returned,,15
FK-7995,Customer_6995,Home & Kitchen,Milton Thermos,60413,1,10-09-25,Pending,,8
FK-7996,Customer_6996,Home & Kitchen,Milton Thermos,23527,1,28-02-25,Shipped,,NULL
FK-7997,Customer_6997,Electronics,Boat Airdopes,36183,2,28-04-26,Pending,Hyd,24
FK-7998,Customer_6998,books,Python Crash Course,Rs. 72385,3,03-02-25,Delivered,Pune,10
FK-7998,Customer_6998,books,Python Crash Course,Rs. 72385,3,03-02-25,Delivered,Pune,10
fk-7999,Customer_6999,Shoes,Nike Running Shoes,51873,1,03-04-25,Shipped,BLR,30
FK-8000,Customer_7000,Home & Kitchen,Bajaj Iron,₹36309,1,14-05-26,delivered,BLR,18
FK-8001,Customer_7001,Shoes,Puma Sneakers,Rs. 65002,4,Nov 23 2025,delivered,,16
FK-8002,Customer_7002,ELECTRONICS,Boat Airdopes,62829,1,13-02-26,Shipped,BLR,30
FK-8003,Customer_7003,Books,Python Crash Course,Rs. 45728,1,11-10-25,returned,Pune,11
FK-8004,Customer_7004,Beauty,Maybelline Lipstick,₹47685,2,07-12-25,returned,,18
FK-8005,Customer_7005,Electronics,Samsung Galaxy M14,,-1,11-05-26,Canceled,Kolkata,1
FK-8006,Customer_7006,CLOTHING,Women's Kurta,47963,1,,delivered,Kolkata,2
FK-8007,Customer_7007,,Dell Mouse,,1,31-01-26,delivered,Hyderabad,9
FK-8008,Customer_7008,ELECTRONICS,Boat Airdopes,7418,1,10-02-25,Returned,Pune,28
FK-8009,Customer_7009,Clothing,Women's Kurta,5597,1,08-02-25,Pending,BLR,5
FK-8010,Customer_7010,Beauty,Nivea Lotion,-31692,1,14-08-25,returned,Pune,2
FK-8011,Customer_7011,Books,Python Crash Course,₹33036,1,05-01-25,Returned,Chennai,24
FK-8011,Customer_7011,Books,Python Crash Course,₹33036,1,05-01-25,Returned,Chennai,24
FK-8012,Customer_7012,Home & Kitchen,Pigeon Gas Stove,69038,1,10-05-26,Shipped,Hyderabad,11
FK-8013,Customer_7013,Beauty,Nivea Lotion,57472,2,06-02-26,Canceled,Bengaluru,27
fk-8014,Customer_7014,Shoes,Puma Sneakers,-13805,1,26-01-26,Shipped,Gurgaon,12
FK-8015,Customer_7015,Clothing,Jacket,21848,one,01-08-25,delivered,BLR,0
FK-8016,Customer_7016,Shoes,Nike Running Shoes,15891,1,02-10-25,Returned,BLR,20%
8017,Customer_7017,BOOKS,Atomic Habits,46135,2,09-03-26,returned,Delhi,28
8017,Customer_7017,BOOKS,Atomic Habits,46135,2,09-03-26,returned,Delhi,28
FK-8018,Customer_7018,Beauty,Lakme Eyeliner,Rs. 26208,1,09-04-25,returned,Hyd,0
FK-8019,Customer_7019,Home & Kitchen,Prestige Cooker,62203,1,01-01-26,Delivered,Delhi,16
FK-8020,Customer_7020,Shoes,Puma Sneakers,Rs. 5457,3,Sep 15 2025,Canceled,Hyd,22
8021,Customer_7021,Shoes,Puma Sneakers,₹66946,1,12-03-26,Shipped,Chennai,2
FK-8022,Customer_7022,Clothing,Men's T-Shirt,46080,3,06-09-25,Canceled,BLR,21
FK-8023,Customer_7023,,Sony Headphones,Rs. 19284,1,04-03-25,returned,,17
FK-8024,Customer_7024,Home & Kitchen,Bajaj Iron,68531,1,01-05-26,Canceled,,9
FK-8025,Customer_7025,Beauty,Nivea Lotion,4590,1,13-11-25,Canceled,Delhi,2
FK-8026,Customer_7026,,Samsung Galaxy M14,28261,1,13-11-25,Pending,Mumbai,22
FK-8027,Customer_7027,,Boat Airdopes,26741,-1,02-07-25,delivered,Kolkata,5
FK-8028,Customer_7028,Clothing,Saree,42931,1,27-11-25,Delivered,Pune,0
FK-8029,Customer_7029,Electronics,Samsung Galaxy M14,₹10608,3,26-01-26,Shipped,Hyderabad,19
FK-8030,Customer_7030,Shoes,Nike Running Shoes,₹34788,2,Nov 22 2025,Returned,BLR,8
FK-8031,Customer_7031,Shoes,Puma Sneakers,67092,1,02-03-26,returned,Hyd,19%
FK-8032,,Books,Python Crash Course,41241,2,28-01-26,delivered,Pune,
FK-8033,Customer_7033,,Samsung Galaxy M14,2127,2,15-05-26,Returned,Hyd,12
8034,Customer_7034,Clothing,Men's T-Shirt,67656,1,06-06-25,Delivered,Mumbai,29
FK-8035,Customer_7035,beauty,Lakme Eyeliner,4253,1,09-12-25,delivered,Gurgaon,N/A
8036,Customer_7036,SHOES,Adidas Sliders,63632,1,14-10-25,Canceled,Hyderabad,23
FK-8037,Customer_7037,Home & Kitchen,Milton Thermos,Rs. 20727,1,24-08-25,Shipped,BLR,8
FK-8038,Customer_7038,Shoes,Nike Running Shoes,₹40134,1,30-01-26,returned,Hyderabad,11
FK-8039,Customer_7039,Home & Kitchen,Pigeon Gas Stove,2095,1,10-01-25,Canceled,,12
FK-8040,Customer_7040,,Boat Airdopes,28954,1,17-03-26,returned,Chennai,10
FK-8041,Customer_7041,Electronics,Samsung Galaxy M14,10712,1,13-01-25,delivered,Delhi,4%
FK-8042,Customer_7042,Books,Atomic Habits,₹31956,4,15-05-25,Delivered,Hyderabad,15
FK-8043,Customer_7043,Books,Python Crash Course,12048,4,13-03-25,Pending,BLR,5
FK-8044,Customer_7044,Books,Python Crash Course,5790,2,02-01-25,Canceled,Bengaluru,10
fk-8045,Customer_7045,Clothing,Jacket,9055,2,07-05-25,Canceled,Bengaluru,4
FK-8046,Customer_7046,Electronics,Samsung Galaxy M14,56196,1,,Shipped,Gurgaon,10
FK-8047,Customer_7047,Shoes,Adidas Sliders,74248,2,05-02-26,Delivered,Gurgaon,12
FK-8048,Customer_7048,Books,Dune,₹28138,1,04-03-25,Shipped,,3
fk-8049,Customer_7049,,Boat Airdopes,-8922,1,23-08-25,Pending,Gurgaon,N/A
FK-8050,Customer_7050,Shoes,Nike Running Shoes,₹10260,999,03-07-25,Canceled,Mumbai,17
FK-8051,Customer_7051,SHOES,Nike Running Shoes,54518,2,03-01-25,delivered,Hyd,NULL
FK-8052,Customer_7052,Beauty,Maybelline Lipstick,36595,2,14-01-26,Pending,Chennai,13
FK-8053,Customer_7053,,Sony Headphones,,5,,returned,Gurgaon,8
FK-8054,Customer_7054,Electronics,Samsung Galaxy M14,52781,1,Aug 13 2025,Delivered,Pune,1
fk-8055,Customer_7055,Electronics,Dell Mouse,-58968,1,25-01-25,Returned,Bengaluru,12
FK-8056,Customer_7056,Clothing,Saree,13307,3,30-05-25,Shipped,Hyd,12%
FK-8057,Customer_7057,Clothing,Saree,13984,1,07-08-25,Delivered,BLR,23%
FK-8058,Customer_7058,Beauty,Maybelline Lipstick,3899,1,26-10-25,Delivered,Bengaluru,4
FK-8059,Customer_7059,Electronics,Dell Mouse,33019,-1,26-01-26,Shipped,,
FK-8060,Customer_7060,Clothing,Men's T-Shirt,22642,1,27-09-25,Delivered,BLR,2
FK-8061,Customer_7061,Beauty,Nivea Lotion,17544,1,10-04-26,Pending,Delhi,24
FK-8062,Customer_7062,Books,Atomic Habits,Rs. 72718,3,29-05-25,Delivered,BLR,10%
FK-8063,Customer_7063,Clothing,Men's T-Shirt,4425,2,09-01-26,Delivered,Bengaluru,3
FK-8064,Customer_7064,clothing,Jeans,Rs. 61435,3,11-07-25,returned,Gurgaon,16%
FK-8065,Customer_7065,HOME & KITCHEN,Pigeon Gas Stove,₹2318,1,06-07-25,delivered,BLR,3
FK-8066,,Electronics,Apple iPhone 15,42762,1,23-05-25,returned,Pune,3
FK-8067,Customer_7067,Beauty,Lakme Eyeliner,64288,5,26-12-25,Canceled,BLR,7
FK-8068,Customer_7068,Beauty,Nivea Lotion,38534,1,04-05-25,Returned,Delhi,29
FK-8069,Customer_7069,Clothing,Jeans,70712,2,23-05-25,Returned,,
FK-8070,Customer_7070,Beauty,Lakme Eyeliner,40091,1,17-04-25,Shipped,Gurgaon,19
8071,Customer_7071,Shoes,Puma Sneakers,8850,1,11-09-25,delivered,Mumbai,N/A
FK-8072,Customer_7072,Clothing,Jacket,53053,1,26-09-25,Delivered,Mumbai,21
fk-8073,Customer_7073,Home & Kitchen,Pigeon Gas Stove,64000,3,11-01-25,returned,Hyd,
fk-8074,Customer_7074,Electronics,Boat Airdopes,10127,4,03-11-25,delivered,Gurgaon,2
FK-8075,Customer_7075,Shoes,Adidas Sliders,Rs. 20998,2,03-09-25,Shipped,Delhi,8
fk-8076,Customer_7076,Shoes,Puma Sneakers,56389,3,27-07-25,Delivered,Hyd,24
FK-8077,Customer_7077,,Dell Mouse,16991,1,04-12-25,Shipped,Delhi,14
FK-8078,Customer_7078,Electronics,Dell Mouse,25834,1,10-07-25,Delivered,BLR,9
FK-8079,Customer_7079,Shoes,Nike Running Shoes,1292,1,22-02-26,Shipped,Hyderabad,3
FK-8080,Customer_7080,Shoes,Puma Sneakers,-1973,1,19-09-25,Shipped,Kolkata,1
FK-8081,Customer_7081,Books,Rich Dad Poor Dad,Rs. 35458,1,06-06-25,Pending,Chennai,3
FK-8081,Customer_7081,Books,Rich Dad Poor Dad,Rs. 35458,1,06-06-25,Pending,Chennai,3
FK-8082,Customer_7082,,Dell Mouse,58879,5,13-05-25,Delivered,,23
FK-8083,Customer_7083,Home & Kitchen,Pigeon Gas Stove,2828,1,29-01-26,delivered,Mumbai,25
FK-8084,Customer_7084,Beauty,Nivea Lotion,42855,1,15-03-26,returned,Gurgaon,30
FK-8085,Customer_7085,Beauty,Nivea Lotion,Rs. 54537,1,20-01-26,Delivered,Mumbai,
FK-8086,Customer_7086,Home & Kitchen,Prestige Cooker,68216,2,,delivered,Mumbai,11
fk-8087,Customer_7087,Beauty,Nivea Lotion,44770,1,10-07-25,Returned,BLR,18
FK-8088,Customer_7088,Home & Kitchen,Prestige Cooker,27055,1,21-10-25,Shipped,Delhi,24%
FK-8089,Customer_7089,ELECTRONICS,Sony Headphones,-13031,1,07-02-25,returned,Hyderabad,29
FK-8090,Customer_7090,shoes,Adidas Sliders,73133,2,14-08-25,Shipped,Bengaluru,17
FK-8091,Customer_7091,Clothing,Men's T-Shirt,,1,15-10-25,returned,Bengaluru,7
FK-8092,Customer_7092,Beauty,Nivea Lotion,41169,2,30-04-26,delivered,Pune,28%
FK-8093,Customer_7093,Electronics,Sony Headphones,,1,08-12-25,Shipped,Mumbai,9
FK-8094,,Books,Rich Dad Poor Dad,-74199,3,02-06-25,Returned,Gurgaon,0
FK-8095,Customer_7095,Shoes,Puma Sneakers,52857,1,Jun 19 2025,Canceled,Delhi,18
FK-8096,Customer_7096,Books,Rich Dad Poor Dad,19921,1,12-04-26,Shipped,Mumbai,6
FK-8097,Customer_7097,Home & Kitchen,Prestige Cooker,12916,1,06-01-25,returned,Delhi,0
FK-8097,Customer_7097,Home & Kitchen,Prestige Cooker,12916,1,06-01-25,returned,Delhi,0
FK-8098,Customer_7098,electronics,Apple iPhone 15,Rs. 35425,2,12-11-25,Pending,Bengaluru,11
FK-8099,Customer_7099,Home & Kitchen,Bajaj Iron,39322,1,18-02-26,delivered,Hyderabad,24
FK-8100,Customer_7100,Electronics,Apple iPhone 15,,5,07-05-25,Delivered,Mumbai,8
FK-8101,Customer_7101,Beauty,Lakme Eyeliner,64869,1,16-01-26,delivered,Chennai,20
FK-8102,Customer_7102,Clothing,Jacket,Rs. 67650,1,Sep 02 2025,Shipped,Bengaluru,24
FK-8103,Customer_7103,Home & Kitchen,Pigeon Gas Stove,37576,1,29-01-26,Delivered,Gurgaon,14
FK-8104,Customer_7104,Home & Kitchen,Milton Thermos,-10538,1,20-06-25,delivered,Hyd,28%
FK-8104,Customer_7104,Home & Kitchen,Milton Thermos,-10538,1,20-06-25,delivered,Hyd,28%
FK-8105,Customer_7105,Home & Kitchen,Bajaj Iron,48476,1,12-09-25,delivered,Hyd,12%
FK-8106,Customer_7106,Shoes,Puma Sneakers,44285,1,03-01-26,Delivered,Gurgaon,13%
FK-8107,Customer_7107,Shoes,Puma Sneakers,17001,3,23-05-25,Shipped,Gurgaon,6
fk-8108,Customer_7108,CLOTHING,Jeans,₹65728,1,29-01-25,delivered,Kolkata,N/A
FK-8109,Customer_7109,Clothing,Saree,Rs. 33128,3,03-05-25,Returned,Hyderabad,4
FK-8110,Customer_7110,Beauty,Maybelline Lipstick,7597,1,01-05-25,Canceled,Bengaluru,5
FK-8111,Customer_7111,Books,Python Crash Course,62067,3,06-03-25,Canceled,BLR,14
FK-8112,Customer_7112,Electronics,Samsung Galaxy M14,19152,3,10-09-25,returned,Bengaluru,1
FK-8113,Customer_7113,Books,Rich Dad Poor Dad,1402,5,19-01-25,Pending,Chennai,1
FK-8113,Customer_7113,Books,Rich Dad Poor Dad,1402,5,19-01-25,Pending,Chennai,1
8114,Customer_7114,Electronics,Samsung Galaxy M14,₹31977,1,24-08-25,returned,Pune,N/A
FK-8115,Customer_7115,Clothing,Saree,-55152,1,03-09-25,Pending,Delhi,20
FK-8116,Customer_7116,Beauty,Maybelline Lipstick,34897,1,24-08-25,Delivered,Delhi,25%
FK-8117,Customer_7117,Books,Rich Dad Poor Dad,₹29683,one,17-08-25,Shipped,Mumbai,15
FK-8118,Customer_7118,Electronics,HP Pavilion Laptop,45238,999,24-01-25,delivered,,N/A
FK-8119,Customer_7119,Beauty,Lakme Eyeliner,44217,1,Feb 24 2025,returned,,
FK-8120,Customer_7120,Books,Dune,64086,1,02-11-25,Delivered,Hyderabad,23
FK-8121,Customer_7121,Beauty,Nivea Lotion,52151,1,01-05-25,delivered,,7
FK-8122,Customer_7122,Books,Rich Dad Poor Dad,21455,3,09-11-25,Canceled,Gurgaon,N/A
FK-8123,Customer_7123,Books,Python Crash Course,19974,2,Apr 17 2025,Canceled,Bengaluru,20
FK-8124,Customer_7124,Shoes,Adidas Sliders,Rs. 49012,1,14-10-25,returned,Kolkata,0
FK-8125,Customer_7125,Clothing,Saree,71938,1,04-08-25,Delivered,Hyd,NULL
FK-8126,Customer_7126,SHOES,Puma Sneakers,25003,4,25-01-25,Pending,Bengaluru,11
FK-8127,Customer_7127,Shoes,Puma Sneakers,31677,1,19-12-25,returned,Gurgaon,3
fk-8128,Customer_7128,,HP Pavilion Laptop,₹34128,3,31-03-26,Shipped,,16
FK-8129,Customer_7129,Home & Kitchen,Bajaj Iron,61815,1,08-06-25,Pending,Delhi,5%
8130,Customer_7130,Shoes,Adidas Sliders,14249,1,01-10-25,returned,Bengaluru,3
FK-8131,Customer_7131,Home & Kitchen,Bajaj Iron,45551,1,23-01-26,Pending,BLR,
FK-8132,Customer_7132,Books,Dune,₹15114,1,20-04-25,Shipped,,12
FK-8133,Customer_7133,books,Rich Dad Poor Dad,,1,16-10-25,delivered,Hyd,1
FK-8134,Customer_7134,Home & Kitchen,Pigeon Gas Stove,12710,2,10-07-25,delivered,Kolkata,21
FK-8135,Customer_7135,Beauty,Maybelline Lipstick,33357,1,28-08-25,Canceled,Kolkata,29
FK-8136,Customer_7136,Books,Atomic Habits,Rs. 33338,3,,Pending,BLR,16
FK-8137,Customer_7137,Clothing,Saree,Rs. 56525,1,12-05-26,Pending,BLR,22
fk-8138,Customer_7138,Electronics,Boat Airdopes,13340,1,,Pending,Hyd,6
FK-8139,Customer_7139,Clothing,Jeans,₹46951,1,06-03-26,Pending,Gurgaon,28
FK-8140,Customer_7140,Home & Kitchen,Pigeon Gas Stove,44637,1,Mar 04 2025,Delivered,Pune,2
FK-8141,Customer_7141,Clothing,Jeans,31517,1,26-12-25,delivered,,11
FK-8142,Customer_7142,Shoes,Adidas Sliders,67280,2,07-08-25,Delivered,Hyd,10
FK-8143,Customer_7143,Clothing,Jacket,65460,3,15-03-26,Delivered,Gurgaon,20
FK-8144,,Electronics,HP Pavilion Laptop,36208,3,28-06-25,Delivered,BLR,26
FK-8145,Customer_7145,Books,Rich Dad Poor Dad,52366,1,30-10-25,Pending,Kolkata,17
FK-8146,Customer_7146,home & kitchen,Pigeon Gas Stove,74554,2,23-08-25,Shipped,,22
fk-8147,Customer_7147,,Samsung Galaxy M14,42058,2,22-01-26,Returned,,23
FK-8148,,Beauty,Lakme Eyeliner,62170,1,15-05-25,returned,BLR,27
FK-8149,Customer_7149,Beauty,Lakme Eyeliner,Rs. 55690,1,10-11-25,Canceled,BLR,21
FK-8150,Customer_7150,Books,Rich Dad Poor Dad,6259,1,14-02-25,returned,Kolkata,24
FK-8151,Customer_7151,Clothing,Men's T-Shirt,,1,13-09-25,Shipped,BLR,5
FK-8152,Customer_7152,clothing,Women's Kurta,22866,2,06-03-25,returned,Kolkata,6
fk-8153,Customer_7153,Books,Dune,Rs. 60720,1,09-03-26,returned,Hyderabad,23
FK-8154,Customer_7154,shoes,Nike Running Shoes,Rs. 63502,1,20-03-26,delivered,Hyd,29
FK-8155,Customer_7155,Clothing,Saree,26538,4,09-09-25,Pending,Gurgaon,7
FK-8156,Customer_7156,Beauty,Maybelline Lipstick,Rs. 58218,1,01-05-25,Returned,Bengaluru,7
FK-8157,Customer_7157,Shoes,Nike Running Shoes,68053,1,04-03-26,Shipped,Kolkata,16
FK-8158,Customer_7158,Electronics,Apple iPhone 15,₹15757,1,25-11-25,Delivered,Gurgaon,2
8159,Customer_7159,Home & Kitchen,Bajaj Iron,716,2,11-03-25,Shipped,Gurgaon,16
FK-8160,Customer_7160,Shoes,Nike Running Shoes,54364,two,22-09-25,Shipped,Gurgaon,NULL
FK-8160,Customer_7160,Shoes,Nike Running Shoes,54364,two,22-09-25,Shipped,Gurgaon,NULL
FK-8161,Customer_7161,,Samsung Galaxy M14,,999,26-11-25,Delivered,Gurgaon,12%
FK-8161,Customer_7161,,Samsung Galaxy M14,,999,26-11-25,Delivered,Gurgaon,12%
FK-8162,Customer_7162,Electronics,Sony Headphones,48130,1,01-08-25,delivered,BLR,21
FK-8163,Customer_7163,clothing,Jeans,Rs. 31705,1,02-05-25,Pending,,3
FK-8164,Customer_7164,Electronics,Boat Airdopes,8013,1,Feb 14 2025,Delivered,Kolkata,6
FK-8165,Customer_7165,shoes,Puma Sneakers,₹71387,1,31-03-25,Shipped,Chennai,22
FK-8166,Customer_7166,Shoes,Nike Running Shoes,₹59602,3,03-07-25,delivered,Delhi,2
FK-8167,Customer_7167,Electronics,Boat Airdopes,8340,2,22-11-25,Delivered,Chennai,N/A
FK-8168,Customer_7168,Beauty,Maybelline Lipstick,67373,3,14-08-25,Canceled,BLR,20
FK-8169,Customer_7169,books,Atomic Habits,48277,2,Dec 18 2025,Returned,Hyderabad,20
fk-8170,Customer_7170,Shoes,Nike Running Shoes,9676,1,02-01-26,Shipped,Gurgaon,17
fk-8171,Customer_7171,Home & Kitchen,Prestige Cooker,65742,1,25-02-26,Pending,Bengaluru,
FK-8172,Customer_7172,Beauty,Nivea Lotion,62489,1,13-01-26,delivered,Gurgaon,22
FK-8173,Customer_7173,Shoes,Adidas Sliders,Rs. 9470,3,31-05-25,Delivered,Hyderabad,4
FK-8174,Customer_7174,,Dell Mouse,₹5285,1,Dec 27 2025,Returned,Mumbai,22
FK-8175,Customer_7175,Books,Python Crash Course,54820,1,15-02-25,delivered,Chennai,26
FK-8176,Customer_7176,Clothing,Jacket,49249,1,10-01-26,Pending,Chennai,N/A
FK-8177,Customer_7177,Beauty,Nivea Lotion,18323,1,16-12-25,Returned,Mumbai,4
FK-8178,Customer_7178,Clothing,Women's Kurta,3665,3,19-09-25,Pending,Chennai,25
FK-8179,Customer_7179,Beauty,Lakme Eyeliner,53922,1,11-01-26,Delivered,Gurgaon,13%
FK-8180,,Clothing,Men's T-Shirt,Rs. 42778,1,11-03-25,delivered,Hyd,3
FK-8181,Customer_7181,beauty,Lakme Eyeliner,36726,1,28-01-26,Pending,Hyd,1
FK-8182,Customer_7182,BEAUTY,Nivea Lotion,51300,4,01-08-25,Pending,Chennai,23
FK-8183,Customer_7183,books,Atomic Habits,Rs. 72800,1,26-03-26,Canceled,Hyderabad,18
FK-8184,Customer_7184,home & kitchen,Milton Thermos,,1,31-03-26,Pending,Bengaluru,19
fk-8185,Customer_7185,home & kitchen,Pigeon Gas Stove,56047,2,Jan 22 2025,returned,Hyderabad,16
FK-8186,Customer_7186,Books,Rich Dad Poor Dad,27740,1,,Returned,,19
FK-8187,Customer_7187,CLOTHING,Men's T-Shirt,18925,1,28-04-25,Shipped,BLR,3
FK-8188,Customer_7188,Clothing,Women's Kurta,50406,2,May 26 2025,Shipped,Delhi,19%
FK-8189,Customer_7189,Clothing,Jacket,Rs. 52099,1,03-10-25,Canceled,Mumbai,26
FK-8190,Customer_7190,Shoes,Puma Sneakers,70736,2,05-10-25,Pending,Gurgaon,NULL
FK-8191,Customer_7191,Books,Dune,19243,1,18-11-25,Shipped,Kolkata,7
FK-8192,Customer_7192,HOME & KITCHEN,Pigeon Gas Stove,38911,2,09-01-25,delivered,,27
FK-8193,Customer_7193,Clothing,Women's Kurta,20401,1,Dec 22 2025,Returned,Hyd,3
FK-8194,Customer_7194,Books,Atomic Habits,8647,1,May 11 2026,delivered,Delhi,27
FK-8195,Customer_7195,Home & Kitchen,Prestige Cooker,-66013,1,20-02-26,Pending,Gurgaon,9%
FK-8196,Customer_7196,books,Rich Dad Poor Dad,Rs. 26378,5,02-10-25,Delivered,Bengaluru,21%
FK-8197,Customer_7197,Books,Python Crash Course,50407,4,17-04-25,Returned,Bengaluru,14
FK-8198,Customer_7198,BEAUTY,Maybelline Lipstick,-3653,1,28-10-25,Pending,Bengaluru,21
FK-8199,Customer_7199,Home & Kitchen,Pigeon Gas Stove,₹67102,2,28-04-26,Pending,Hyderabad,7
FK-8200,Customer_7200,Books,Rich Dad Poor Dad,73461,1,19-07-25,Returned,Chennai,23
FK-8201,Customer_7201,Clothing,Men's T-Shirt,65409,1,09-02-25,Delivered,Gurgaon,8
FK-8202,,beauty,Nivea Lotion,25423,1,05-01-26,delivered,Gurgaon,28
FK-8203,Customer_7203,Electronics,Boat Airdopes,71439,1,Aug 25 2025,delivered,Delhi,1
FK-8204,Customer_7204,Electronics,Dell Mouse,57860,2,25-09-25,Delivered,BLR,0
FK-8205,Customer_7205,Shoes,Puma Sneakers,49409,1,19-03-26,Shipped,Mumbai,
FK-8206,Customer_7206,Beauty,Maybelline Lipstick,46841,1,Jan 01 2026,Canceled,Hyd,1
FK-8207,Customer_7207,beauty,Maybelline Lipstick,Rs. 43637,1,24-01-26,Pending,Hyderabad,10%
FK-8208,Customer_7208,Shoes,Nike Running Shoes,24371,1,21-07-25,returned,Mumbai,24%
FK-8209,Customer_7209,Shoes,Adidas Sliders,19858,1,20-04-26,Canceled,Mumbai,7%
FK-8209,Customer_7209,Shoes,Adidas Sliders,19858,1,20-04-26,Canceled,Mumbai,7%
FK-8210,Customer_7210,,Samsung Galaxy M14,,1,23-08-25,returned,Pune,21
FK-8211,Customer_7211,Home & Kitchen,Pigeon Gas Stove,Rs. 26172,1,07-02-25,delivered,Gurgaon,22
FK-8212,Customer_7212,Clothing,Men's T-Shirt,4674,1,23-07-25,Pending,Kolkata,26
FK-8213,Customer_7213,,Boat Airdopes,56131,1,02-01-25,Pending,Kolkata,0
FK-8214,Customer_7214,Beauty,Lakme Eyeliner,33512,3,18-06-25,Delivered,Pune,18
FK-8215,Customer_7215,Electronics,Boat Airdopes,37303,2,23-08-25,Pending,Delhi,4
FK-8216,Customer_7216,beauty,Maybelline Lipstick,₹31574,1,21-03-25,Shipped,Hyd,20
FK-8217,Customer_7217,Electronics,Dell Mouse,72521,3,08-05-25,Shipped,Mumbai,29
FK-8218,Customer_7218,Home & Kitchen,Pigeon Gas Stove,15015,2,Feb 20 2026,returned,Hyd,29
FK-8219,Customer_7219,Electronics,Sony Headphones,69371,1,19-06-25,Shipped,Chennai,0
FK-8220,Customer_7220,Beauty,Maybelline Lipstick,16707,2,24-04-25,Shipped,Pune,1
FK-8221,Customer_7221,Clothing,Men's T-Shirt,Rs. 48973,2,30-06-25,Delivered,BLR,22
FK-8222,Customer_7222,electronics,Boat Airdopes,22879,1,24-04-26,Returned,Hyd,15
FK-8223,Customer_7223,Clothing,Saree,40429,one,13-11-25,returned,Pune,27
FK-8224,Customer_7224,,Boat Airdopes,37485,1,Jun 25 2025,Returned,Hyd,27
FK-8225,Customer_7225,Books,Rich Dad Poor Dad,14243,2,03-04-25,Pending,Mumbai,1%
FK-8226,,Books,Rich Dad Poor Dad,,1,Sep 12 2025,delivered,Kolkata,14
FK-8227,Customer_7227,Clothing,Women's Kurta,65798,1,16-04-25,returned,Hyderabad,15
FK-8228,Customer_7228,Shoes,Nike Running Shoes,,one,Mar 17 2026,Canceled,Bengaluru,1%
FK-8229,Customer_7229,Books,Dune,,2,26-02-26,delivered,Pune,NULL
FK-8230,Customer_7230,Clothing,Men's T-Shirt,Rs. 62220,2,Jun 22 2025,delivered,Hyd,2
FK-8231,Customer_7231,Shoes,Adidas Sliders,-42216,1,Jan 23 2025,Delivered,Pune,1%
FK-8232,Customer_7232,Books,Atomic Habits,-39936,1,Jan 21 2026,Pending,BLR,11
fk-8233,Customer_7233,,Sony Headphones,,1,09-01-26,delivered,,25
FK-8234,Customer_7234,Beauty,Lakme Eyeliner,,1,02-03-25,Shipped,Chennai,NULL
FK-8235,Customer_7235,Clothing,Jacket,22356,3,Jan 07 2025,Canceled,,11
FK-8236,Customer_7236,Clothing,Women's Kurta,32545,1,21-08-25,Delivered,Chennai,3
FK-8237,Customer_7237,,Boat Airdopes,65885,1,04-09-25,Canceled,Hyd,0
FK-8238,,Electronics,Samsung Galaxy M14,64802,5,19-04-25,Canceled,Kolkata,29
FK-8239,Customer_7239,Beauty,Nivea Lotion,42588,1,03-02-25,Canceled,Delhi,23
FK-8240,Customer_7240,Beauty,Nivea Lotion,Rs. 74568,-1,07-10-25,Pending,Mumbai,NULL
FK-8241,Customer_7241,Beauty,Maybelline Lipstick,₹68772,1,04-06-25,Canceled,Hyd,25
8242,Customer_7242,Books,Python Crash Course,20014,1,22-08-25,Returned,BLR,29
FK-8243,Customer_7243,Shoes,Nike Running Shoes,14871,2,25-05-25,Pending,Gurgaon,9
FK-8244,Customer_7244,beauty,Nivea Lotion,,one,29-08-25,returned,,9
FK-8245,Customer_7245,Shoes,Nike Running Shoes,2936,1,04-05-25,Delivered,Kolkata,13%
FK-8246,Customer_7246,Beauty,Lakme Eyeliner,-42364,1,21-02-25,Canceled,Delhi,5
8247,Customer_7247,Books,Rich Dad Poor Dad,48793,1,16-02-26,Pending,Mumbai,17
FK-8248,Customer_7248,,Sony Headphones,28481,1,23-12-25,Shipped,Hyderabad,
FK-8249,Customer_7249,home & kitchen,Pigeon Gas Stove,17743,1,13-02-26,Pending,Chennai,9
FK-8250,Customer_7250,Home & Kitchen,Prestige Cooker,32011,2,13-05-25,returned,Chennai,2
FK-8250,Customer_7250,Home & Kitchen,Prestige Cooker,32011,2,13-05-25,returned,Chennai,2
8251,Customer_7251,Electronics,Sony Headphones,,1,13-02-26,delivered,Delhi,9
8251,Customer_7251,Electronics,Sony Headphones,,1,13-02-26,delivered,Delhi,9
8252,Customer_7252,Books,Rich Dad Poor Dad,41118,1,,Delivered,Hyd,12
FK-8253,Customer_7253,beauty,Maybelline Lipstick,66597,1,05-12-25,Returned,BLR,
FK-8254,Customer_7254,Electronics,Sony Headphones,-6945,1,01-04-25,Pending,Hyd,17
FK-8255,Customer_7255,,Dell Mouse,26822,1,26-09-25,Returned,Hyderabad,20
FK-8256,Customer_7256,Beauty,Nivea Lotion,14186,1,02-01-25,Delivered,BLR,23
FK-8257,,Shoes,Adidas Sliders,24217,3,May 09 2025,delivered,Mumbai,7
FK-8258,Customer_7258,Beauty,Lakme Eyeliner,56517,2,03-04-25,Returned,Bengaluru,N/A
FK-8259,Customer_7259,Electronics,Sony Headphones,46090,1,14-08-25,Pending,,1
FK-8260,Customer_7260,Books,Python Crash Course,716,1,09-02-25,Shipped,Hyderabad,10
FK-8261,Customer_7261,,Samsung Galaxy M14,765,2,06-05-26,Canceled,,N/A
FK-8262,Customer_7262,Beauty,Lakme Eyeliner,38815,1,19-09-25,Delivered,BLR,16
FK-8263,Customer_7263,beauty,Lakme Eyeliner,59860,2,24-10-25,delivered,,28
FK-8264,Customer_7264,Beauty,Lakme Eyeliner,37783,2,30-01-25,Delivered,Pune,21
FK-8265,Customer_7265,Books,Dune,49072,1,26-11-25,returned,Pune,23
FK-8266,Customer_7266,Home & Kitchen,Bajaj Iron,4830,1,23-01-26,delivered,,
FK-8267,Customer_7267,Shoes,Nike Running Shoes,11875,2,21-04-26,Shipped,Delhi,19
FK-8268,Customer_7268,Beauty,Nivea Lotion,47562,3,13-08-25,Pending,Chennai,12
FK-8269,Customer_7269,Electronics,Boat Airdopes,-27671,1,23-03-26,delivered,Hyderabad,21
FK-8270,Customer_7270,books,Rich Dad Poor Dad,24354,3,15-08-25,Pending,,19
FK-8271,Customer_7271,Home & Kitchen,Bajaj Iron,65105,4,15-07-25,Delivered,,8
FK-8272,Customer_7272,Shoes,Adidas Sliders,27198,5,04-04-25,returned,BLR,0
FK-8273,Customer_7273,Home & Kitchen,Pigeon Gas Stove,21066,1,17-03-25,Pending,,3
FK-8274,Customer_7274,Home & Kitchen,Bajaj Iron,Rs. 6026,2,Jan 23 2026,returned,Pune,2%
FK-8275,Customer_7275,Home & Kitchen,Pigeon Gas Stove,₹29349,1,Apr 30 2026,delivered,BLR,N/A
FK-8276,Customer_7276,Electronics,Dell Mouse,30631,2,15-03-25,Pending,Bengaluru,17
FK-8277,Customer_7277,Clothing,Jacket,-17604,2,02-02-26,delivered,Hyd,22
FK-8278,Customer_7278,Beauty,Lakme Eyeliner,65516,1,06-05-26,delivered,Gurgaon,26
FK-8279,Customer_7279,,Boat Airdopes,15881,1,09-03-25,Canceled,Mumbai,17
FK-8280,Customer_7280,Clothing,Women's Kurta,39608,2,17-01-26,Returned,Hyderabad,19%
FK-8281,Customer_7281,Shoes,Nike Running Shoes,68002,1,Sep 19 2025,Returned,Pune,28
FK-8282,Customer_7282,Beauty,Maybelline Lipstick,35749,one,03-02-26,Pending,Hyderabad,11%
FK-8283,Customer_7283,Books,Dune,34402,,Dec 04 2025,returned,Delhi,18
FK-8284,Customer_7284,Clothing,Saree,32232,1,31-01-25,Shipped,Hyderabad,12
FK-8285,,Electronics,Samsung Galaxy M14,Rs. 32564,1,18-02-26,Delivered,Delhi,4
FK-8286,Customer_7286,Beauty,Lakme Eyeliner,63416,1,20-08-25,Pending,Hyderabad,N/A
FK-8287,Customer_7287,Beauty,Nivea Lotion,Rs. 34725,1,16-11-25,Returned,Gurgaon,19
FK-8288,Customer_7288,Home & Kitchen,Pigeon Gas Stove,Rs. 7761,1,04-05-25,Canceled,Bengaluru,25
FK-8289,Customer_7289,BOOKS,Atomic Habits,59036,1,14-06-25,delivered,Bengaluru,2
FK-8290,Customer_7290,shoes,Nike Running Shoes,48606,5,21-02-25,Pending,Kolkata,22
FK-8290,Customer_7290,shoes,Nike Running Shoes,48606,5,21-02-25,Pending,Kolkata,22
FK-8291,Customer_7291,ELECTRONICS,Sony Headphones,Rs. 45919,3,12-01-26,Canceled,Hyd,28
8292,Customer_7292,Shoes,Adidas Sliders,58536,3,Jun 16 2025,delivered,Hyd,29%
FK-8293,Customer_7293,Electronics,Boat Airdopes,56635,1,02-02-26,delivered,Mumbai,6
FK-8294,Customer_7294,Books,Atomic Habits,61712,3,10-01-25,Returned,Chennai,8
FK-8295,Customer_7295,,Sony Headphones,13846,1,03-03-25,Canceled,BLR,24
FK-8296,Customer_7296,Shoes,Puma Sneakers,37456,2,07-05-25,Returned,Kolkata,12%
FK-8297,Customer_7297,Home & Kitchen,Pigeon Gas Stove,67245,1,09-07-25,Pending,Hyderabad,7
FK-8298,Customer_7298,,HP Pavilion Laptop,15093,1,27-09-25,Canceled,Mumbai,23
FK-8299,Customer_7299,Clothing,Saree,,1,11-01-25,Returned,Gurgaon,
FK-8300,Customer_7300,Clothing,Jeans,Rs. 46382,3,01-02-26,Delivered,Chennai,29
FK-8301,Customer_7301,Books,Rich Dad Poor Dad,₹17576,5,27-04-25,Shipped,BLR,N/A
FK-8302,Customer_7302,Books,Dune,47486,1,02-02-25,Pending,Hyderabad,22
FK-8303,Customer_7303,Clothing,Jacket,Rs. 16480,3,12-01-25,returned,Delhi,17
FK-8304,Customer_7304,Electronics,Dell Mouse,1372,1,08-04-26,Shipped,Hyderabad,19
FK-8305,Customer_7305,Home & Kitchen,Prestige Cooker,69401,1,,delivered,Kolkata,21
FK-8306,Customer_7306,Electronics,Sony Headphones,25407,one,19-01-26,Delivered,Delhi,7
FK-8307,Customer_7307,Books,Atomic Habits,-52979,one,24-03-26,returned,Hyd,12
FK-8308,Customer_7308,Books,Atomic Habits,47397,1,07-03-25,returned,Pune,N/A
FK-8309,Customer_7309,Beauty,Lakme Eyeliner,67820,1,25-01-26,Pending,Chennai,
FK-8310,Customer_7310,Shoes,Adidas Sliders,Rs. 10404,1,23-02-25,Pending,Bengaluru,16
FK-8311,Customer_7311,Clothing,Saree,6885,1,28-11-25,Pending,Kolkata,12
FK-8312,Customer_7312,Books,Atomic Habits,50087,1,04-03-25,Shipped,Mumbai,16%
FK-8313,Customer_7313,Books,Atomic Habits,₹51524,2,21-07-25,Shipped,Gurgaon,15
FK-8314,Customer_7314,Electronics,HP Pavilion Laptop,12096,2,24-03-26,Delivered,BLR,2
FK-8315,,Books,Atomic Habits,51592,two,03-07-25,delivered,Kolkata,12
FK-8316,Customer_7316,Electronics,Dell Mouse,39264,1,24-03-26,Canceled,Gurgaon,30
FK-8317,Customer_7317,clothing,Jacket,74953,1,09-04-25,Delivered,,13
FK-8318,Customer_7318,Books,Python Crash Course,17911,2,22-07-25,returned,Gurgaon,8
FK-8319,Customer_7319,Books,Dune,42003,2,11-08-25,Pending,Hyd,17
FK-8320,Customer_7320,Beauty,Lakme Eyeliner,Rs. 15976,3,13-05-26,Returned,Chennai,23
FK-8321,Customer_7321,Beauty,Maybelline Lipstick,,1,12-05-26,Delivered,Delhi,3
FK-8322,Customer_7322,Beauty,Maybelline Lipstick,Rs. 12490,1,Jul 16 2025,Pending,Bengaluru,25
FK-8323,Customer_7323,Clothing,Women's Kurta,₹48164,1,26-03-26,returned,Chennai,14%
FK-8324,Customer_7324,Beauty,Maybelline Lipstick,22169,1,12-05-26,returned,Delhi,16
FK-8325,Customer_7325,Beauty,Nivea Lotion,₹14586,2,22-07-25,Shipped,Hyderabad,12
FK-8326,Customer_7326,BEAUTY,Lakme Eyeliner,68297,1,09-01-26,Delivered,Delhi,5
FK-8327,Customer_7327,Clothing,Men's T-Shirt,73922,1,16-07-25,Delivered,,29
FK-8328,Customer_7328,Clothing,Saree,68558,1,08-11-25,returned,Pune,14
FK-8329,Customer_7329,Clothing,Women's Kurta,16364,4,02-01-26,Pending,BLR,15
FK-8330,Customer_7330,Books,Atomic Habits,₹11920,1,06-02-25,Shipped,Kolkata,
8331,Customer_7331,Clothing,Saree,22638,1,13-03-26,Canceled,,14
FK-8332,Customer_7332,Home & Kitchen,Prestige Cooker,70202,2,03-05-25,delivered,,13
FK-8333,Customer_7333,Shoes,Adidas Sliders,38297,3,16-04-25,returned,Bengaluru,19
FK-8334,Customer_7334,Beauty,Nivea Lotion,Rs. 3807,1,Feb 05 2026,Shipped,Kolkata,19
FK-8335,Customer_7335,Beauty,Maybelline Lipstick,23395,1,29-01-25,Canceled,Mumbai,4
FK-8336,Customer_7336,Books,Python Crash Course,,1,23-02-26,Shipped,BLR,11
FK-8337,Customer_7337,Electronics,HP Pavilion Laptop,49721,3,18-09-25,delivered,Kolkata,11%
FK-8338,Customer_7338,Electronics,HP Pavilion Laptop,20644,1,09-12-25,Shipped,Pune,15
FK-8339,Customer_7339,Books,Rich Dad Poor Dad,39495,1,23-02-25,delivered,Kolkata,12
FK-8340,Customer_7340,Electronics,HP Pavilion Laptop,65429,1,08-03-26,Returned,,
FK-8341,Customer_7341,Beauty,Nivea Lotion,₹48519,1,01-06-25,Returned,Gurgaon,10%
FK-8342,Customer_7342,ELECTRONICS,Dell Mouse,₹65546,2,15-06-25,returned,Kolkata,20
FK-8343,Customer_7343,Shoes,Nike Running Shoes,18444,3,14-07-25,Shipped,Gurgaon,26%
FK-8344,Customer_7344,Electronics,Sony Headphones,-35971,1,20-11-25,Canceled,Hyd,23
FK-8345,Customer_7345,Books,Atomic Habits,7587,4,Jan 23 2025,Returned,Bengaluru,13
FK-8346,Customer_7346,Electronics,Sony Headphones,₹17478,999,26-09-25,returned,Bengaluru,8
FK-8347,Customer_7347,Books,Python Crash Course,18609,1,30-04-26,Pending,Pune,7
FK-8348,Customer_7348,Beauty,Lakme Eyeliner,10861,3,01-04-25,returned,Hyderabad,21
FK-8349,Customer_7349,Clothing,Men's T-Shirt,-15168,3,26-09-25,Canceled,BLR,8
FK-8350,Customer_7350,Beauty,Nivea Lotion,,5,,Pending,Hyderabad,N/A
FK-8351,Customer_7351,Home & Kitchen,Milton Thermos,18391,1,01-09-25,Pending,Hyderabad,3
FK-8352,Customer_7352,Home & Kitchen,Milton Thermos,Rs. 53338,1,17-11-25,Canceled,Hyd,25
8353,,Clothing,Women's Kurta,₹39944,2,14-01-26,Returned,Hyd,5
FK-8354,Customer_7354,Books,Rich Dad Poor Dad,23784,1,28-03-26,Pending,Hyd,23
FK-8355,,Clothing,Jacket,51767,1,18-11-25,Pending,Delhi,8
FK-8356,Customer_7356,electronics,Apple iPhone 15,-29219,4,17-02-26,Delivered,Hyd,N/A
FK-8357,Customer_7357,Shoes,Nike Running Shoes,13717,3,Feb 15 2025,returned,Kolkata,28
FK-8358,Customer_7358,Clothing,Jacket,30255,4,,Delivered,BLR,
FK-8359,Customer_7359,Clothing,Women's Kurta,11153,1,16-10-25,Shipped,,10%
FK-8360,Customer_7360,Clothing,Jeans,54803,1,14-03-26,Delivered,Delhi,25
FK-8361,Customer_7361,Shoes,Puma Sneakers,₹17873,4,01-05-25,Delivered,Bengaluru,
FK-8362,Customer_7362,Shoes,Adidas Sliders,49291,2,,returned,Hyderabad,25
FK-8363,Customer_7363,Beauty,Maybelline Lipstick,2416,1,Nov 29 2025,Returned,Delhi,14
FK-8364,Customer_7364,Shoes,Adidas Sliders,3871,two,26-11-25,returned,Chennai,25
FK-8365,Customer_7365,Clothing,Saree,41039,1,15-07-25,Pending,Chennai,
FK-8366,Customer_7366,Shoes,Nike Running Shoes,42221,1,01-10-25,Canceled,Pune,20
FK-8367,Customer_7367,Beauty,Maybelline Lipstick,63779,4,31-07-25,Canceled,Bengaluru,4
FK-8368,,Beauty,Lakme Eyeliner,53697,4,03-08-25,returned,Hyderabad,25
FK-8369,Customer_7369,Clothing,Jeans,25153,2,07-04-25,returned,Hyderabad,10
FK-8370,Customer_7370,Books,Dune,,2,05-05-26,Delivered,Kolkata,5
FK-8370,Customer_7370,Books,Dune,,2,05-05-26,Delivered,Kolkata,5
8371,Customer_7371,Shoes,Adidas Sliders,₹2633,1,09-12-25,Delivered,Chennai,1
FK-8372,Customer_7372,Books,Atomic Habits,27216,1,08-06-25,Shipped,Bengaluru,10
FK-8373,Customer_7373,Shoes,Puma Sneakers,61980,1,Feb 23 2026,Returned,Bengaluru,16%
FK-8374,Customer_7374,clothing,Women's Kurta,36260,1,15-01-26,delivered,Chennai,26
FK-8375,Customer_7375,Home & Kitchen,Bajaj Iron,67342,1,09-04-25,Returned,Delhi,7
FK-8376,Customer_7376,Clothing,Jeans,23849,1,08-03-25,Shipped,BLR,1
fk-8377,Customer_7377,Home & Kitchen,Bajaj Iron,24911,1,30-09-25,Pending,Kolkata,N/A
fk-8378,Customer_7378,,HP Pavilion Laptop,57139,one,Sep 28 2025,Canceled,Mumbai,0
FK-8379,Customer_7379,Electronics,Samsung Galaxy M14,71802,2,26-12-25,Shipped,BLR,16
FK-8380,Customer_7380,Shoes,Puma Sneakers,₹12324,1,13-02-25,returned,Gurgaon,10
FK-8381,Customer_7381,Beauty,Nivea Lotion,₹69714,1,,delivered,BLR,10
FK-8382,Customer_7382,Shoes,Puma Sneakers,9764,4,05-12-25,Delivered,,15
FK-8383,Customer_7383,Clothing,Saree,-68874,1,07-03-25,Pending,Gurgaon,12%
FK-8384,Customer_7384,electronics,HP Pavilion Laptop,Rs. 43153,1,08-01-25,Shipped,BLR,17
FK-8385,Customer_7385,Clothing,Saree,23383,1,27-04-25,delivered,Mumbai,1
FK-8386,Customer_7386,Books,Rich Dad Poor Dad,53891,1,08-09-25,Canceled,Delhi,12
FK-8387,Customer_7387,Books,Python Crash Course,65877,1,28-09-25,Shipped,Hyd,23
FK-8388,Customer_7388,Shoes,Nike Running Shoes,₹52997,2,23-01-26,delivered,Pune,5
FK-8389,Customer_7389,Clothing,Women's Kurta,23433,3,May 18 2025,returned,Mumbai,25
FK-8390,Customer_7390,,Dell Mouse,-67333,2,22-02-26,Shipped,Chennai,13%
FK-8390,Customer_7390,,Dell Mouse,-67333,2,22-02-26,Shipped,Chennai,13%
FK-8391,Customer_7391,Electronics,Sony Headphones,41289,1,19-03-25,Delivered,,20%
FK-8392,Customer_7392,beauty,Maybelline Lipstick,65902,1,11-05-25,Canceled,BLR,30
FK-8393,Customer_7393,Beauty,Nivea Lotion,66623,1,05-05-26,returned,BLR,2
FK-8394,Customer_7394,Books,Rich Dad Poor Dad,Rs. 19042,1,22-10-25,Returned,Kolkata,N/A
FK-8395,Customer_7395,Shoes,Adidas Sliders,52644,1,05-08-25,Pending,Hyderabad,NULL
8396,Customer_7396,CLOTHING,Men's T-Shirt,67427,2,31-03-25,Pending,Pune,8
FK-8397,Customer_7397,Clothing,Men's T-Shirt,24796,4,Aug 08 2025,delivered,,N/A
FK-8398,Customer_7398,Clothing,Saree,71082,3,13-06-25,delivered,Mumbai,0
FK-8399,Customer_7399,Shoes,Nike Running Shoes,51659,4,,Pending,,18
FK-8400,Customer_7400,Shoes,Adidas Sliders,18455,999,28-01-25,Shipped,Hyd,2
FK-8401,Customer_7401,Clothing,Jacket,57761,1,13-06-25,returned,,29
FK-8402,Customer_7402,Clothing,Men's T-Shirt,-40209,1,02-10-25,Canceled,Gurgaon,6
FK-8403,Customer_7403,CLOTHING,Women's Kurta,2054,1,17-05-25,returned,Hyd,5%
FK-8404,Customer_7404,Beauty,Maybelline Lipstick,56300,1,14-09-25,Canceled,Pune,8
FK-8405,Customer_7405,Home & Kitchen,Pigeon Gas Stove,-52755,2,30-09-25,Returned,Mumbai,4
FK-8406,Customer_7406,Books,Rich Dad Poor Dad,-17241,1,30-04-26,Shipped,,21
FK-8407,Customer_7407,Shoes,Puma Sneakers,61374,1,29-08-25,Shipped,Kolkata,5
FK-8408,Customer_7408,Clothing,Men's T-Shirt,8100,3,,Canceled,Bengaluru,
FK-8409,Customer_7409,Electronics,Samsung Galaxy M14,25542,4,04-10-25,delivered,Mumbai,6
FK-8410,Customer_7410,Clothing,Men's T-Shirt,57819,1,20-02-26,returned,Delhi,NULL
FK-8411,Customer_7411,electronics,Dell Mouse,44193,1,05-08-25,Canceled,,10
FK-8412,Customer_7412,Home & Kitchen,Prestige Cooker,Rs. 42958,5,07-05-25,Canceled,Pune,10
FK-8413,Customer_7413,home & kitchen,Bajaj Iron,,1,16-10-25,Returned,Delhi,5
FK-8414,Customer_7414,Home & Kitchen,Prestige Cooker,17756,3,May 01 2026,delivered,Hyderabad,N/A
FK-8415,Customer_7415,Clothing,Jeans,-53473,1,24-02-26,returned,Hyd,3
fk-8416,Customer_7416,Home & Kitchen,Prestige Cooker,70612,1,04-04-26,Pending,Bengaluru,NULL
FK-8417,Customer_7417,Electronics,Sony Headphones,57180,2,06-05-26,Returned,Chennai,11
FK-8418,Customer_7418,Clothing,Jeans,₹54435,2,Sep 26 2025,Shipped,Delhi,3
FK-8419,Customer_7419,Clothing,Women's Kurta,66936,1,27-04-26,Pending,Delhi,26
FK-8420,Customer_7420,home & kitchen,Prestige Cooker,8185,-1,30-01-25,Pending,BLR,17
FK-8421,Customer_7421,ELECTRONICS,Sony Headphones,28053,4,15-01-26,Delivered,Pune,17
FK-8422,Customer_7422,Home & Kitchen,Pigeon Gas Stove,28111,3,26-10-25,returned,Mumbai,8
FK-8423,Customer_7423,Beauty,Lakme Eyeliner,₹30849,1,,Delivered,,15
FK-8424,Customer_7424,Electronics,Dell Mouse,10191,1,25-01-26,Pending,Pune,4
FK-8424,Customer_7424,Electronics,Dell Mouse,10191,1,25-01-26,Pending,Pune,4
FK-8425,Customer_7425,Clothing,Saree,52349,3,24-01-26,delivered,Hyd,10
FK-8426,Customer_7426,,Sony Headphones,64450,1,19-04-26,Delivered,Chennai,9
fk-8427,,books,Atomic Habits,20452,1,29-03-26,Pending,Mumbai,10
FK-8428,Customer_7428,clothing,Women's Kurta,33199,1,03-04-26,Canceled,Hyd,4
FK-8429,Customer_7429,Electronics,Apple iPhone 15,4723,,,Shipped,Kolkata,25
FK-8430,Customer_7430,Beauty,Maybelline Lipstick,19219,1,01-05-26,Canceled,BLR,27
FK-8431,Customer_7431,Clothing,Jacket,71130,1,Sep 10 2025,Delivered,Delhi,18
FK-8432,Customer_7432,Beauty,Nivea Lotion,56929,1,19-07-25,returned,Hyd,22
FK-8433,Customer_7433,Clothing,Women's Kurta,24426,1,11-04-25,Delivered,BLR,5
8434,Customer_7434,Clothing,Women's Kurta,74928,1,Feb 13 2025,returned,Gurgaon,25
FK-8435,Customer_7435,Beauty,Nivea Lotion,71190,1,17-05-25,returned,,
FK-8436,Customer_7436,Clothing,Men's T-Shirt,46857,1,11-01-26,Delivered,Chennai,N/A
FK-8437,Customer_7437,Books,Dune,66884,1,29-06-25,Returned,Delhi,13
FK-8438,Customer_7438,electronics,Dell Mouse,9235,1,02-06-25,Canceled,Hyderabad,30%
FK-8439,Customer_7439,Beauty,Nivea Lotion,9077,two,01-01-26,Returned,Mumbai,15
8440,Customer_7440,Beauty,Nivea Lotion,58461,1,16-04-26,Shipped,BLR,
FK-8441,Customer_7441,,Apple iPhone 15,63819,2,12-12-25,Shipped,Delhi,17
FK-8442,Customer_7442,Electronics,Apple iPhone 15,29276,4,22-01-25,Returned,Hyd,25
FK-8443,Customer_7443,Shoes,Adidas Sliders,48374,1,23-09-25,Shipped,Mumbai,NULL
8444,Customer_7444,Books,Dune,63910,two,11-10-25,Shipped,Gurgaon,4
FK-8445,Customer_7445,Beauty,Lakme Eyeliner,38451,1,12-07-25,Delivered,Delhi,0
FK-8446,Customer_7446,Shoes,Puma Sneakers,52221,-1,Mar 31 2025,Canceled,Hyd,9
8447,Customer_7447,Books,Rich Dad Poor Dad,22335,1,12-04-25,Canceled,Pune,29
fk-8448,Customer_7448,Home & Kitchen,Milton Thermos,41775,1,07-01-26,Returned,Gurgaon,28
FK-8449,Customer_7449,Books,Atomic Habits,₹36891,1,05-03-25,returned,Bengaluru,14
FK-8450,Customer_7450,Home & Kitchen,Prestige Cooker,60263,1,20-04-26,Delivered,Hyderabad,2
FK-8451,Customer_7451,Shoes,Nike Running Shoes,3100,1,31-01-26,Pending,,11
FK-8452,Customer_7452,Home & Kitchen,Prestige Cooker,64850,1,18-03-25,Returned,Bengaluru,8%
FK-8453,Customer_7453,Electronics,Apple iPhone 15,-69271,1,13-04-26,delivered,Hyderabad,NULL
FK-8454,Customer_7454,Home & Kitchen,Bajaj Iron,52551,1,21-03-26,delivered,BLR,16
FK-8455,Customer_7455,Clothing,Women's Kurta,50612,1,23-12-25,Shipped,,27
FK-8456,Customer_7456,Books,Python Crash Course,15787,2,03-02-25,Canceled,Bengaluru,6%
FK-8457,Customer_7457,Shoes,Nike Running Shoes,33094,1,18-11-25,delivered,Bengaluru,25
FK-8458,Customer_7458,Beauty,Lakme Eyeliner,10663,1,18-12-25,delivered,BLR,0
FK-8459,Customer_7459,,Boat Airdopes,Rs. 10618,1,12-03-25,Canceled,BLR,22
FK-8460,Customer_7460,ELECTRONICS,Sony Headphones,₹39442,1,Jun 03 2025,Delivered,,17
FK-8461,Customer_7461,Electronics,HP Pavilion Laptop,10840,5,,Shipped,Pune,25
8462,Customer_7462,Electronics,HP Pavilion Laptop,10594,two,06-01-25,Shipped,,14
8463,Customer_7463,Shoes,Adidas Sliders,71354,2,,Returned,Hyderabad,8
FK-8464,Customer_7464,Books,Atomic Habits,,2,13-03-25,Pending,BLR,23%
FK-8465,Customer_7465,Home & Kitchen,Prestige Cooker,59079,1,05-03-25,Delivered,,26
FK-8466,Customer_7466,Beauty,Nivea Lotion,41824,1,18-12-25,Returned,Pune,5
FK-8467,Customer_7467,Clothing,Women's Kurta,-42307,2,31-01-25,returned,BLR,14
FK-8468,Customer_7468,Shoes,Adidas Sliders,42584,4,12-03-25,Delivered,Bengaluru,N/A
8469,Customer_7469,Beauty,Maybelline Lipstick,32212,1,28-04-25,Returned,Delhi,7%
FK-8470,Customer_7470,Home & Kitchen,Bajaj Iron,11508,1,01-07-25,delivered,Hyderabad,26%
8471,Customer_7471,Electronics,Dell Mouse,46140,1,13-12-25,Returned,Hyderabad,7
FK-8472,Customer_7472,Shoes,Nike Running Shoes,26616,3,06-09-25,Canceled,Hyd,13
8473,Customer_7473,Shoes,Adidas Sliders,57460,1,19-01-26,delivered,Hyderabad,2
FK-8474,Customer_7474,clothing,Men's T-Shirt,35044,1,17-03-26,Delivered,Kolkata,30%
FK-8475,Customer_7475,Shoes,Puma Sneakers,₹34812,1,11-12-25,returned,Pune,3
FK-8476,Customer_7476,Shoes,Nike Running Shoes,39175,2,07-04-26,returned,Bengaluru,22
FK-8476,Customer_7476,Shoes,Nike Running Shoes,39175,2,07-04-26,returned,Bengaluru,22
FK-8477,Customer_7477,Beauty,Nivea Lotion,6357,1,09-11-25,Delivered,BLR,17
FK-8478,Customer_7478,Books,Rich Dad Poor Dad,₹21019,1,19-03-26,delivered,Pune,8
FK-8479,Customer_7479,Electronics,HP Pavilion Laptop,2482,999,19-01-25,Shipped,Bengaluru,9
FK-8480,Customer_7480,Clothing,Jeans,69001,1,28-08-25,Shipped,,8
FK-8481,Customer_7481,Home & Kitchen,Milton Thermos,,4,Jun 20 2025,Pending,Pune,6
FK-8482,Customer_7482,HOME & KITCHEN,Pigeon Gas Stove,Rs. 61422,1,07-08-25,Pending,Bengaluru,N/A
FK-8483,,Beauty,Maybelline Lipstick,45156,1,19-01-25,Returned,Bengaluru,1
FK-8484,Customer_7484,Beauty,Maybelline Lipstick,₹14168,5,07-03-26,Shipped,Pune,23
FK-8485,Customer_7485,Books,Python Crash Course,₹40069,1,25-01-25,Returned,Kolkata,23
FK-8486,Customer_7486,books,Rich Dad Poor Dad,68715,2,Nov 28 2025,returned,Bengaluru,N/A
8487,Customer_7487,Books,Python Crash Course,73960,1,19-11-25,Pending,Mumbai,29
FK-8488,Customer_7488,Electronics,Apple iPhone 15,3077,4,26-04-26,delivered,Mumbai,21
FK-8489,Customer_7489,Books,Atomic Habits,19107,1,,returned,Chennai,10
FK-8490,Customer_7490,Shoes,Nike Running Shoes,₹62032,1,19-01-25,Shipped,Delhi,27
FK-8491,Customer_7491,books,Rich Dad Poor Dad,32112,1,25-11-25,returned,Delhi,20
FK-8492,Customer_7492,Beauty,Maybelline Lipstick,₹37184,2,30-01-26,returned,Delhi,2
FK-8493,Customer_7493,Home & Kitchen,Milton Thermos,6531,1,28-05-25,delivered,Hyderabad,8
FK-8494,Customer_7494,Shoes,Adidas Sliders,9082,1,30-06-25,Delivered,Hyd,1
FK-8495,Customer_7495,Electronics,Boat Airdopes,28152,1,,Delivered,Hyd,1%
FK-8496,,Home & Kitchen,Prestige Cooker,Rs. 15535,1,23-04-26,Canceled,Bengaluru,0
FK-8497,Customer_7497,Home & Kitchen,Milton Thermos,48623,2,29-01-26,delivered,Delhi,23
8498,Customer_7498,electronics,HP Pavilion Laptop,4728,2,Apr 17 2026,Shipped,Gurgaon,N/A
FK-8499,Customer_7499,Clothing,Saree,72639,2,12-05-25,delivered,Gurgaon,29
FK-8500,Customer_7500,books,Python Crash Course,Rs. 49386,1,01-12-25,Canceled,Mumbai,18
FK-8501,,SHOES,Adidas Sliders,-37355,2,12-10-25,Pending,,22
FK-8502,Customer_7502,Clothing,Saree,40873,1,06-03-25,Returned,BLR,12
FK-8503,Customer_7503,Electronics,Sony Headphones,Rs. 33939,1,31-08-25,delivered,,N/A
FK-8504,Customer_7504,Electronics,HP Pavilion Laptop,30286,1,02-05-26,Pending,Gurgaon,12
FK-8505,Customer_7505,Electronics,Apple iPhone 15,23034,4,31-03-26,delivered,Kolkata,NULL
FK-8506,Customer_7506,Clothing,Jacket,₹29055,2,06-10-25,Shipped,,17%
FK-8507,Customer_7507,Home & Kitchen,Bajaj Iron,,1,16-10-25,Pending,Chennai,20
FK-8508,Customer_7508,Beauty,Nivea Lotion,1818,1,29-03-25,Returned,,21
FK-8509,Customer_7509,Electronics,Samsung Galaxy M14,73202,2,Jan 09 2026,delivered,Gurgaon,16
FK-8510,Customer_7510,home & kitchen,Milton Thermos,7194,1,11-04-25,Returned,,N/A
FK-8511,Customer_7511,Home & Kitchen,Prestige Cooker,45336,2,07-09-25,delivered,Gurgaon,10
FK-8512,Customer_7512,Clothing,Saree,55539,1,Mar 28 2026,Delivered,Delhi,23
fk-8513,Customer_7513,books,Dune,13990,1,28-10-25,Returned,Delhi,25%
FK-8514,Customer_7514,,Apple iPhone 15,₹38312,3,20-11-25,Shipped,Chennai,2
FK-8515,Customer_7515,Beauty,Nivea Lotion,31898,1,27-03-26,returned,Delhi,12
FK-8516,,clothing,Jacket,34607,1,03-02-26,delivered,Gurgaon,23
fk-8517,Customer_7517,Beauty,Nivea Lotion,₹42947,1,03-05-26,Returned,BLR,8
FK-8518,Customer_7518,Beauty,Lakme Eyeliner,Rs. 10902,1,17-12-25,Delivered,Kolkata,17
FK-8519,Customer_7519,Home & Kitchen,Pigeon Gas Stove,52871,2,11-12-25,returned,Mumbai,26
FK-8520,Customer_7520,Beauty,Maybelline Lipstick,Rs. 64216,1,Mar 19 2025,Returned,BLR,12
FK-8521,Customer_7521,Books,Dune,-2368,1,,delivered,Pune,8%
FK-8522,Customer_7522,Books,Atomic Habits,2857,1,12-11-25,Delivered,Hyd,30
FK-8523,Customer_7523,Beauty,Nivea Lotion,27508,1,05-07-25,delivered,Pune,27
FK-8524,Customer_7524,Books,Atomic Habits,₹71153,1,,delivered,Gurgaon,6
FK-8525,Customer_7525,Books,Dune,49639,1,Apr 04 2026,Returned,Chennai,4
FK-8526,Customer_7526,Electronics,Sony Headphones,54860,3,21-10-25,Returned,Hyderabad,30
FK-8527,Customer_7527,Books,Python Crash Course,59561,1,20-04-26,Canceled,Hyderabad,16%
8528,Customer_7528,Beauty,Lakme Eyeliner,32085,two,,Returned,Chennai,10
FK-8529,Customer_7529,Home & Kitchen,Pigeon Gas Stove,71496,1,18-02-26,Canceled,Mumbai,15
FK-8530,Customer_7530,Home & Kitchen,Pigeon Gas Stove,31926,1,09-12-25,returned,Chennai,27
FK-8531,Customer_7531,Clothing,Jeans,28282,1,29-12-25,Canceled,Bengaluru,2
FK-8532,Customer_7532,Beauty,Nivea Lotion,13804,1,10-02-25,Canceled,Hyderabad,2
FK-8533,Customer_7533,Home & Kitchen,Prestige Cooker,44942,3,05-02-26,Shipped,Gurgaon,25
FK-8534,Customer_7534,clothing,Jacket,60798,,04-09-25,Delivered,Pune,30
FK-8535,Customer_7535,Home & Kitchen,Pigeon Gas Stove,3307,two,10-05-26,Delivered,Hyd,5
FK-8536,,Home & Kitchen,Milton Thermos,73830,3,24-06-25,Shipped,Bengaluru,9
FK-8536,,Home & Kitchen,Milton Thermos,73830,3,24-06-25,Shipped,Bengaluru,9
FK-8537,Customer_7537,,Apple iPhone 15,64927,1,18-10-25,Delivered,Chennai,13
FK-8538,Customer_7538,Clothing,Women's Kurta,22425,1,,Shipped,BLR,9
FK-8539,Customer_7539,Books,Dune,₹1588,1,23-02-26,Pending,Delhi,18
FK-8540,Customer_7540,Home & Kitchen,Bajaj Iron,32652,3,Oct 21 2025,delivered,,23
FK-8541,Customer_7541,Books,Atomic Habits,63359,1,09-02-26,Delivered,Hyd,7
FK-8542,Customer_7542,Clothing,Jeans,,1,23-08-25,Pending,Chennai,27
FK-8543,Customer_7543,Home & Kitchen,Prestige Cooker,29809,1,03-08-25,Canceled,Mumbai,0
FK-8544,Customer_7544,Clothing,Jeans,26060,3,Apr 01 2025,delivered,Chennai,24
FK-8545,Customer_7545,Books,Rich Dad Poor Dad,31578,5,,Delivered,Hyderabad,12
8546,Customer_7546,Shoes,Adidas Sliders,14078,2,04-12-25,Shipped,Gurgaon,19
FK-8547,Customer_7547,ELECTRONICS,Dell Mouse,,2,06-10-25,Canceled,Hyd,NULL
FK-8548,Customer_7548,Shoes,Puma Sneakers,4769,1,24-09-25,Delivered,Delhi,9
FK-8549,Customer_7549,Home & Kitchen,Bajaj Iron,Rs. 12981,1,12-12-25,Canceled,,N/A
FK-8550,Customer_7550,Beauty,Nivea Lotion,₹2716,2,27-04-26,Pending,Bengaluru,5
FK-8551,Customer_7551,Clothing,Jeans,₹10134,,Dec 23 2025,Returned,Delhi,10%
FK-8552,,Clothing,Women's Kurta,₹15155,1,20-06-25,delivered,Hyderabad,22
FK-8553,Customer_7553,Shoes,Nike Running Shoes,₹34678,1,26-01-25,Pending,Delhi,10
FK-8554,Customer_7554,Books,Dune,,5,21-06-25,Returned,Mumbai,23
FK-8555,Customer_7555,electronics,Boat Airdopes,44605,1,16-09-25,Pending,,0
FK-8556,Customer_7556,Books,Atomic Habits,53127,1,07-07-25,Pending,Mumbai,11
FK-8557,Customer_7557,clothing,Women's Kurta,Rs. 2590,2,23-06-25,Delivered,Pune,23
FK-8558,Customer_7558,Home & Kitchen,Prestige Cooker,42006,1,Dec 02 2025,Delivered,,0
FK-8559,Customer_7559,electronics,Sony Headphones,58682,1,02-06-25,Delivered,,0
FK-8560,Customer_7560,Electronics,HP Pavilion Laptop,3180,2,13-02-26,returned,Mumbai,11
FK-8561,Customer_7561,Home & Kitchen,Milton Thermos,,,,delivered,Kolkata,15
FK-8562,Customer_7562,Clothing,Jacket,₹58538,1,28-09-25,Returned,,26
FK-8563,Customer_7563,Books,Python Crash Course,13860,1,02-09-25,returned,Gurgaon,30
FK-8564,,Beauty,Nivea Lotion,45083,1,26-03-26,returned,Mumbai,10
FK-8565,Customer_7565,Home & Kitchen,Milton Thermos,67470,4,18-02-25,Shipped,Mumbai,17
FK-8566,Customer_7566,Electronics,HP Pavilion Laptop,32064,2,27-03-25,Delivered,Delhi,6
FK-8567,Customer_7567,Clothing,Jeans,31361,1,22-08-25,Canceled,Chennai,N/A
FK-8568,Customer_7568,Shoes,Puma Sneakers,19800,2,Jan 03 2026,Shipped,Delhi,9
FK-8569,Customer_7569,Electronics,Samsung Galaxy M14,₹24832,3,20-04-25,delivered,Hyderabad,25
FK-8570,Customer_7570,Electronics,Apple iPhone 15,15198,1,14-11-25,Delivered,Bengaluru,15
FK-8571,Customer_7571,Home & Kitchen,Bajaj Iron,Rs. 65628,2,05-05-26,Returned,Pune,29%
FK-8572,,Beauty,Maybelline Lipstick,21613,2,03-04-26,Shipped,Mumbai,7
FK-8573,,shoes,Nike Running Shoes,26612,1,23-02-26,delivered,,0
FK-8574,Customer_7574,Home & Kitchen,Prestige Cooker,62719,1,06-09-25,Pending,Bengaluru,8
FK-8575,Customer_7575,Beauty,Lakme Eyeliner,4991,1,31-01-26,Pending,Mumbai,24
FK-8576,Customer_7576,Books,Rich Dad Poor Dad,Rs. 54868,1,08-10-25,Shipped,Gurgaon,30
FK-8577,Customer_7577,Beauty,Maybelline Lipstick,19311,1,02-07-25,Canceled,,30
FK-8578,Customer_7578,Home & Kitchen,Milton Thermos,9448,1,05-07-25,Delivered,Hyderabad,1
FK-8579,,beauty,Maybelline Lipstick,16735,2,,Delivered,Chennai,29
8580,Customer_7580,Beauty,Nivea Lotion,3657,1,06-01-25,Shipped,Bengaluru,NULL
FK-8581,Customer_7581,Electronics,Sony Headphones,₹38164,1,19-03-26,Shipped,Gurgaon,16
FK-8582,Customer_7582,clothing,Jacket,44966,1,06-05-25,Delivered,BLR,17
FK-8582,Customer_7582,clothing,Jacket,44966,1,06-05-25,Delivered,BLR,17
FK-8583,Customer_7583,clothing,Jeans,-42261,one,05-09-25,Canceled,Mumbai,27
FK-8584,Customer_7584,Beauty,Maybelline Lipstick,42008,1,14-09-25,returned,Mumbai,NULL
FK-8585,Customer_7585,ELECTRONICS,HP Pavilion Laptop,9307,3,Feb 02 2025,Pending,Hyderabad,1
FK-8586,Customer_7586,Books,Atomic Habits,28502,1,07-02-26,Returned,Delhi,0
FK-8587,Customer_7587,HOME & KITCHEN,Prestige Cooker,Rs. 63285,3,10-03-25,delivered,Mumbai,4
FK-8588,Customer_7588,Shoes,Nike Running Shoes,32653,2,07-11-25,Pending,Mumbai,NULL
FK-8589,Customer_7589,Books,Dune,28780,2,Apr 26 2025,delivered,Chennai,19
FK-8590,Customer_7590,Shoes,Adidas Sliders,15508,1,01-01-25,Returned,Hyd,27
FK-8591,Customer_7591,Home & Kitchen,Prestige Cooker,20394,1,26-04-25,Canceled,Gurgaon,3
FK-8592,Customer_7592,Beauty,Lakme Eyeliner,74209,2,06-10-25,Pending,Kolkata,NULL
FK-8593,Customer_7593,beauty,Lakme Eyeliner,Rs. 45903,2,05-02-25,Shipped,BLR,23
FK-8594,Customer_7594,Clothing,Jeans,-43075,,17-02-26,Canceled,Gurgaon,N/A
FK-8595,Customer_7595,Beauty,Lakme Eyeliner,41599,1,03-12-25,Canceled,Gurgaon,9
FK-8596,Customer_7596,Home & Kitchen,Bajaj Iron,4614,1,11-01-26,Pending,Chennai,
FK-8597,Customer_7597,Shoes,Adidas Sliders,69443,1,23-01-26,delivered,Hyd,2
FK-8598,Customer_7598,Clothing,Saree,Rs. 15530,1,,Delivered,Chennai,19
FK-8599,Customer_7599,Clothing,Saree,26554,999,18-01-26,delivered,Gurgaon,5
FK-8600,Customer_7600,Shoes,Puma Sneakers,₹56591,1,09-06-25,Canceled,,11
FK-8601,Customer_7601,Clothing,Women's Kurta,24322,-1,10-04-26,Pending,,NULL
FK-8602,Customer_7602,ELECTRONICS,Sony Headphones,5385,4,19-04-26,delivered,Bengaluru,27
FK-8603,Customer_7603,Shoes,Puma Sneakers,64285,3,22-11-25,delivered,Hyderabad,17%
fk-8604,Customer_7604,Shoes,Adidas Sliders,,1,12-03-25,delivered,Bengaluru,11%
fk-8605,Customer_7605,Clothing,Jacket,48125,1,08-09-25,returned,Delhi,13
FK-8606,Customer_7606,clothing,Jeans,Rs. 71758,1,14-04-26,Shipped,Bengaluru,11%
FK-8607,Customer_7607,Shoes,Adidas Sliders,55348,1,15-07-25,Pending,Mumbai,0
FK-8608,Customer_7608,Shoes,Puma Sneakers,46498,1,27-01-26,Pending,,9
FK-8609,,Electronics,HP Pavilion Laptop,7929,2,27-11-25,Returned,BLR,22
fk-8610,Customer_7610,Home & Kitchen,Pigeon Gas Stove,26660,3,,Returned,Pune,14
FK-8611,Customer_7611,Electronics,HP Pavilion Laptop,62900,5,09-08-25,delivered,Mumbai,N/A
FK-8612,Customer_7612,Clothing,Jeans,43288,3,11-05-25,Shipped,Gurgaon,16
FK-8613,Customer_7613,Beauty,Nivea Lotion,26637,3,07-07-25,delivered,Delhi,7
fk-8614,Customer_7614,Clothing,Men's T-Shirt,50644,1,17-04-25,Shipped,,4
fk-8615,Customer_7615,Electronics,Sony Headphones,58862,5,24-02-25,returned,Chennai,9
FK-8616,Customer_7616,Clothing,Jacket,-41266,2,31-01-26,Delivered,Delhi,11
FK-8617,Customer_7617,Home & Kitchen,Bajaj Iron,56434,2,Sep 25 2025,Returned,Hyd,9%
FK-8618,Customer_7618,Clothing,Saree,66761,1,31-03-25,returned,BLR,2
FK-8619,Customer_7619,shoes,Puma Sneakers,-11215,4,25-01-25,delivered,,
FK-8620,Customer_7620,Home & Kitchen,Milton Thermos,11122,2,Apr 27 2025,Canceled,Delhi,NULL
FK-8621,,Clothing,Women's Kurta,56313,2,26-09-25,returned,Kolkata,3
FK-8622,Customer_7622,HOME & KITCHEN,Bajaj Iron,1052,1,02-02-25,Canceled,Delhi,18
FK-8623,Customer_7623,Shoes,Adidas Sliders,52403,1,03-01-25,Delivered,Kolkata,30
FK-8624,Customer_7624,Clothing,Saree,Rs. 74570,1,14-03-26,Delivered,BLR,22
FK-8625,Customer_7625,Clothing,Men's T-Shirt,14387,1,12-04-26,Returned,,15
FK-8626,Customer_7626,clothing,Men's T-Shirt,74309,1,07-10-25,Delivered,Delhi,28
8627,Customer_7627,Clothing,Men's T-Shirt,Rs. 45385,,21-03-26,Returned,Gurgaon,1
FK-8628,,Home & Kitchen,Prestige Cooker,73323,2,05-07-25,Canceled,Chennai,8
FK-8629,Customer_7629,Electronics,Apple iPhone 15,32944,1,,delivered,Gurgaon,29
FK-8630,Customer_7630,BOOKS,Dune,,2,27-01-26,Delivered,Kolkata,24
FK-8631,Customer_7631,Books,Atomic Habits,-38375,4,10-07-25,Shipped,Hyd,17
FK-8632,Customer_7632,Electronics,Dell Mouse,38399,1,20-01-25,Shipped,,N/A
FK-8633,Customer_7633,Shoes,Puma Sneakers,₹58770,2,15-02-26,returned,Bengaluru,30
FK-8634,Customer_7634,Beauty,Lakme Eyeliner,30819,1,11-02-25,delivered,Mumbai,21
FK-8635,Customer_7635,Books,Python Crash Course,₹44445,3,24-01-25,Shipped,Pune,27
FK-8636,Customer_7636,Shoes,Adidas Sliders,20466,2,26-03-26,Shipped,Hyderabad,N/A
FK-8637,Customer_7637,Books,Rich Dad Poor Dad,55128,two,09-08-25,Returned,Pune,2
FK-8638,Customer_7638,HOME & KITCHEN,Pigeon Gas Stove,47550,1,19-09-25,Shipped,Hyd,4
FK-8639,Customer_7639,Clothing,Saree,Rs. 65815,2,,Returned,Kolkata,25
FK-8640,Customer_7640,,Dell Mouse,8575,2,27-01-26,Returned,Mumbai,14
FK-8641,Customer_7641,Beauty,Maybelline Lipstick,42381,3,03-12-25,Shipped,Gurgaon,0
FK-8642,Customer_7642,,Sony Headphones,70038,2,15-01-25,delivered,BLR,13%
FK-8643,Customer_7643,Books,Dune,₹10029,3,05-04-25,Shipped,Hyd,16
8644,Customer_7644,Clothing,Women's Kurta,7925,1,27-01-25,Shipped,Bengaluru,30
FK-8645,Customer_7645,beauty,Lakme Eyeliner,52861,1,13-07-25,Shipped,Chennai,8
fk-8646,Customer_7646,electronics,Dell Mouse,66822,1,30-08-25,Shipped,,9
FK-8647,Customer_7647,Clothing,Jeans,38478,3,20-03-26,Canceled,Chennai,3
FK-8648,Customer_7648,beauty,Maybelline Lipstick,625,3,,Pending,Hyderabad,
FK-8649,Customer_7649,Shoes,Adidas Sliders,34555,1,20-02-25,Returned,Delhi,N/A
FK-8650,Customer_7650,Electronics,Sony Headphones,30627,1,03-01-26,Returned,Pune,23
FK-8651,Customer_7651,Beauty,Nivea Lotion,,1,06-08-25,delivered,Hyd,18
FK-8652,Customer_7652,Clothing,Jacket,₹58056,1,02-04-26,Canceled,Mumbai,15
FK-8653,Customer_7653,Clothing,Jacket,Rs. 64322,4,07-01-26,Pending,Pune,19
FK-8654,Customer_7654,Shoes,Adidas Sliders,₹73370,1,23-01-25,delivered,Pune,22
FK-8655,Customer_7655,,Dell Mouse,40499,1,13-03-26,Shipped,Hyderabad,8%
FK-8656,Customer_7656,Shoes,Puma Sneakers,55592,1,28-03-25,Delivered,Bengaluru,18
FK-8657,,Books,Rich Dad Poor Dad,44633,1,16-03-26,delivered,Gurgaon,9
8658,Customer_7658,Shoes,Nike Running Shoes,5279,1,30-03-26,Shipped,Bengaluru,30
FK-8659,Customer_7659,Home & Kitchen,Prestige Cooker,15192,1,Mar 30 2025,Returned,Kolkata,15
FK-8660,Customer_7660,Shoes,Nike Running Shoes,45925,3,29-11-25,Delivered,BLR,6
FK-8661,Customer_7661,Beauty,Lakme Eyeliner,34782,1,17-02-25,Pending,Hyderabad,8
FK-8662,Customer_7662,Clothing,Jeans,,1,Feb 20 2025,delivered,Pune,19
FK-8663,Customer_7663,beauty,Maybelline Lipstick,72958,1,20-02-25,returned,,19
FK-8664,,,Boat Airdopes,₹68469,3,01-05-25,delivered,Hyd,12
FK-8665,Customer_7665,Electronics,HP Pavilion Laptop,52533,1,10-06-25,Canceled,,29
FK-8665,Customer_7665,Electronics,HP Pavilion Laptop,52533,1,10-06-25,Canceled,,29
FK-8666,Customer_7666,beauty,Lakme Eyeliner,₹20511,1,13-05-26,Canceled,BLR,29
FK-8667,Customer_7667,books,Dune,74872,1,27-05-25,Canceled,Chennai,16%
FK-8668,,Home & Kitchen,Prestige Cooker,62157,3,22-10-25,Delivered,Pune,17
FK-8669,Customer_7669,Books,Dune,8465,1,27-07-25,Returned,Bengaluru,4
FK-8670,Customer_7670,Beauty,Lakme Eyeliner,Rs. 7843,1,09-10-25,Canceled,Gurgaon,12
FK-8671,Customer_7671,Books,Rich Dad Poor Dad,₹69265,1,03-01-25,Canceled,Mumbai,1
FK-8672,Customer_7672,electronics,Boat Airdopes,74650,1,15-08-25,returned,Bengaluru,NULL
FK-8673,Customer_7673,Beauty,Nivea Lotion,₹23911,two,08-12-25,Pending,BLR,N/A
FK-8674,Customer_7674,Home & Kitchen,Prestige Cooker,-44649,,,delivered,Mumbai,27
FK-8675,Customer_7675,Books,Dune,,1,Feb 27 2025,Shipped,Mumbai,27
FK-8676,Customer_7676,Books,Python Crash Course,Rs. 10501,,02-03-26,returned,Chennai,
FK-8677,Customer_7677,shoes,Adidas Sliders,60470,1,19-06-25,Shipped,Mumbai,22
FK-8678,Customer_7678,Home & Kitchen,Prestige Cooker,72020,1,11-09-25,Canceled,Gurgaon,30
FK-8679,Customer_7679,Clothing,Men's T-Shirt,45570,1,18-07-25,delivered,Pune,9
FK-8680,Customer_7680,HOME & KITCHEN,Bajaj Iron,72002,1,28-02-25,returned,,9
FK-8681,Customer_7681,HOME & KITCHEN,Bajaj Iron,23061,1,22-07-25,Canceled,Pune,3%
FK-8682,,BEAUTY,Lakme Eyeliner,26680,2,13-03-25,Shipped,Pune,27
FK-8683,Customer_7683,Home & Kitchen,Bajaj Iron,25129,2,14-10-25,delivered,BLR,8
FK-8684,Customer_7684,Electronics,Dell Mouse,27836,2,20-06-25,delivered,Hyderabad,11%
FK-8685,Customer_7685,Electronics,Samsung Galaxy M14,66127,1,14-02-26,Canceled,Bengaluru,24
FK-8686,Customer_7686,Electronics,Boat Airdopes,1592,1,08-01-26,delivered,,1%
FK-8687,Customer_7687,Electronics,Sony Headphones,62963,1,12-08-25,Shipped,BLR,26
FK-8688,Customer_7688,Home & Kitchen,Bajaj Iron,₹51883,1,27-06-25,Shipped,,24
FK-8689,Customer_7689,Home & Kitchen,Pigeon Gas Stove,4430,999,15-07-25,Returned,BLR,26
FK-8690,Customer_7690,Electronics,Boat Airdopes,43008,1,31-08-25,Shipped,Chennai,21
FK-8691,Customer_7691,Home & Kitchen,Prestige Cooker,71142,1,09-06-25,returned,Hyd,2
FK-8692,Customer_7692,Home & Kitchen,Milton Thermos,16175,2,02-05-25,Shipped,Kolkata,10%
FK-8693,Customer_7693,Shoes,Adidas Sliders,-47618,1,Mar 10 2025,Shipped,Pune,2
fk-8694,Customer_7694,Clothing,Saree,Rs. 6742,4,30-03-25,Pending,Gurgaon,20
FK-8695,Customer_7695,Home & Kitchen,Bajaj Iron,43365,3,19-10-25,Canceled,BLR,8
FK-8696,Customer_7696,Shoes,Nike Running Shoes,52579,4,02-02-25,Shipped,Kolkata,N/A
FK-8697,Customer_7697,Shoes,Adidas Sliders,62819,1,19-02-25,returned,Pune,11
FK-8698,Customer_7698,Clothing,Jeans,61235,3,09-02-25,delivered,BLR,19
FK-8699,Customer_7699,Shoes,Adidas Sliders,69381,1,20-01-25,delivered,Mumbai,28
FK-8700,Customer_7700,Shoes,Puma Sneakers,31919,1,23-03-25,Delivered,,NULL
FK-8701,Customer_7701,Electronics,Sony Headphones,-15414,1,09-11-25,Pending,Hyd,NULL
fk-8702,Customer_7702,Beauty,Maybelline Lipstick,30725,2,,Returned,Gurgaon,0
FK-8703,Customer_7703,Electronics,Apple iPhone 15,₹982,2,31-07-25,returned,,9
FK-8704,Customer_7704,Beauty,Maybelline Lipstick,₹70574,1,14-05-25,Shipped,Chennai,7
FK-8705,Customer_7705,Books,Dune,Rs. 70668,1,05-08-25,Pending,BLR,2
FK-8706,Customer_7706,home & kitchen,Pigeon Gas Stove,24269,,11-10-25,Pending,,23
FK-8707,Customer_7707,,HP Pavilion Laptop,26891,1,Jan 31 2025,Canceled,Bengaluru,0
FK-8708,Customer_7708,Electronics,Dell Mouse,28915,1,23-10-25,delivered,Gurgaon,14
FK-8709,Customer_7709,Beauty,Lakme Eyeliner,26120,1,21-09-25,Delivered,Bengaluru,23
FK-8710,Customer_7710,Clothing,Jeans,29791,1,23-05-25,delivered,Gurgaon,NULL
FK-8711,Customer_7711,Electronics,Sony Headphones,53602,4,Nov 02 2025,Shipped,Delhi,20
FK-8712,Customer_7712,Clothing,Women's Kurta,5666,1,23-03-25,Shipped,Hyd,2
FK-8713,Customer_7713,,Samsung Galaxy M14,58367,1,02-02-26,Canceled,Chennai,20
FK-8714,Customer_7714,Home & Kitchen,Milton Thermos,20825,1,Aug 12 2025,Delivered,,16%
FK-8715,Customer_7715,electronics,Dell Mouse,₹74817,1,06-06-25,delivered,Hyderabad,9
FK-8716,Customer_7716,Home & Kitchen,Milton Thermos,58209,1,Aug 11 2025,Canceled,Kolkata,23
fk-8717,Customer_7717,Shoes,Puma Sneakers,59384,1,05-12-25,Pending,Hyd,28
fk-8718,Customer_7718,Beauty,Maybelline Lipstick,Rs. 73653,1,Apr 22 2025,Returned,Gurgaon,10
FK-8719,Customer_7719,Electronics,Apple iPhone 15,-567,1,,returned,Delhi,0
FK-8720,Customer_7720,beauty,Maybelline Lipstick,67033,1,27-09-25,Delivered,Hyd,0
FK-8721,Customer_7721,Beauty,Maybelline Lipstick,66882,1,09-02-26,Shipped,Mumbai,8%
FK-8722,Customer_7722,Shoes,Puma Sneakers,39468,1,30-03-26,Pending,Bengaluru,15
FK-8723,Customer_7723,Electronics,Boat Airdopes,67904,1,25-02-26,returned,,6
FK-8724,Customer_7724,Clothing,Saree,1282,1,23-06-25,Shipped,Kolkata,19
FK-8725,Customer_7725,Beauty,Nivea Lotion,53884,1,17-03-25,Delivered,Hyd,30
fk-8726,Customer_7726,Clothing,Saree,43934,1,08-02-25,Returned,Gurgaon,16
FK-8727,Customer_7727,Clothing,Jeans,Rs. 39056,1,21-10-25,returned,Pune,8
FK-8728,Customer_7728,Clothing,Men's T-Shirt,54469,2,12-03-25,Shipped,Kolkata,19
8729,Customer_7729,Clothing,Jacket,20196,,04-05-26,Returned,Mumbai,NULL
FK-8730,Customer_7730,Clothing,Jeans,16578,,01-03-26,Returned,Pune,17
FK-8731,Customer_7731,Books,Rich Dad Poor Dad,Rs. 45437,1,30-11-25,Pending,Bengaluru,16
FK-8732,Customer_7732,Home & Kitchen,Milton Thermos,₹29820,1,31-01-26,Returned,Gurgaon,
FK-8733,Customer_7733,Electronics,Boat Airdopes,-10763,1,04-02-26,Returned,Hyderabad,25
FK-8734,Customer_7734,Beauty,Nivea Lotion,58331,3,03-05-25,Delivered,Hyd,30
FK-8735,,Clothing,Women's Kurta,32758,999,13-01-25,Returned,Chennai,2
FK-8736,Customer_7736,shoes,Adidas Sliders,44490,2,30-01-25,Canceled,Bengaluru,25
FK-8737,Customer_7737,Shoes,Nike Running Shoes,44212,1,11-11-25,Canceled,Kolkata,7
FK-8738,Customer_7738,Clothing,Saree,,-1,Jan 08 2025,Returned,Bengaluru,18
FK-8739,Customer_7739,Home & Kitchen,Milton Thermos,71224,1,09-02-25,returned,Gurgaon,20%
fk-8740,Customer_7740,Books,Python Crash Course,35367,2,05-05-26,Pending,Pune,26
FK-8741,Customer_7741,Shoes,Adidas Sliders,₹21825,4,05-05-25,Pending,Hyd,NULL
FK-8742,Customer_7742,Books,Rich Dad Poor Dad,₹40401,1,14-05-26,returned,Gurgaon,28
FK-8743,Customer_7743,Books,Rich Dad Poor Dad,44479,1,16-10-25,Pending,Bengaluru,6
FK-8744,Customer_7744,Clothing,Jacket,24973,4,23-02-26,Delivered,Chennai,
FK-8745,Customer_7745,Electronics,Boat Airdopes,7280,1,29-07-25,Delivered,Bengaluru,5
FK-8746,Customer_7746,BOOKS,Python Crash Course,₹56183,1,10-10-25,Returned,,15
FK-8747,Customer_7747,books,Atomic Habits,26553,1,11-02-26,Delivered,,3
FK-8748,Customer_7748,Clothing,Jeans,61642,1,25-04-25,Pending,Mumbai,27%
FK-8749,Customer_7749,Beauty,Maybelline Lipstick,Rs. 1703,1,27-01-25,returned,Hyd,6
FK-8750,Customer_7750,Clothing,Jacket,33792,2,16-11-25,Returned,Hyderabad,10
FK-8751,Customer_7751,ELECTRONICS,Sony Headphones,43706,2,15-06-25,returned,BLR,16
8752,,Shoes,Puma Sneakers,53138,1,22-11-25,Delivered,Kolkata,15
FK-8753,Customer_7753,Electronics,Sony Headphones,22735,2,11-05-26,Shipped,Delhi,12
FK-8754,Customer_7754,Home & Kitchen,Milton Thermos,-58036,1,19-04-26,Returned,BLR,6
FK-8755,Customer_7755,Books,Atomic Habits,43131,3,17-09-25,Pending,,9%
FK-8756,Customer_7756,Home & Kitchen,Prestige Cooker,9133,4,05-02-26,returned,Gurgaon,15
FK-8757,Customer_7757,Beauty,Maybelline Lipstick,2019,2,31-03-25,delivered,,13
fk-8758,Customer_7758,Beauty,Nivea Lotion,66652,,14-11-25,Returned,Chennai,10
fk-8758,Customer_7758,Beauty,Nivea Lotion,66652,,14-11-25,Returned,Chennai,10
FK-8759,Customer_7759,Beauty,Nivea Lotion,50848,1,18-12-25,delivered,Pune,26
FK-8760,Customer_7760,Electronics,Sony Headphones,2017,1,Apr 09 2026,Shipped,Chennai,9
FK-8761,Customer_7761,Books,Python Crash Course,26975,1,26-11-25,Delivered,Mumbai,12
FK-8762,Customer_7762,Electronics,Sony Headphones,₹31197,3,10-01-26,Canceled,Mumbai,25
fk-8763,Customer_7763,BOOKS,Python Crash Course,1025,1,04-07-25,Returned,Delhi,7
FK-8764,Customer_7764,Beauty,Lakme Eyeliner,-1606,3,,Returned,Mumbai,N/A
FK-8765,Customer_7765,Electronics,HP Pavilion Laptop,,1,15-11-25,returned,Bengaluru,2
fk-8766,,Electronics,Dell Mouse,36494,5,27-07-25,Delivered,Kolkata,13
FK-8767,Customer_7767,Electronics,Dell Mouse,,2,02-01-26,returned,Delhi,19
FK-8767,Customer_7767,Electronics,Dell Mouse,,2,02-01-26,returned,Delhi,19
FK-8768,Customer_7768,Electronics,Boat Airdopes,34924,1,07-04-25,returned,Hyd,14
FK-8769,Customer_7769,books,Dune,49025,1,28-03-25,Returned,Chennai,21
FK-8770,Customer_7770,Shoes,Nike Running Shoes,418,2,,delivered,Chennai,22
FK-8771,Customer_7771,Electronics,Sony Headphones,13462,2,08-01-26,Shipped,Pune,3
FK-8772,Customer_7772,Shoes,Puma Sneakers,73771,2,07-03-25,Canceled,Pune,19
fk-8773,Customer_7773,Clothing,Jeans,42835,2,13-04-26,Pending,Gurgaon,10
FK-8774,Customer_7774,Beauty,Maybelline Lipstick,Rs. 63502,4,08-03-25,delivered,Hyderabad,23
FK-8775,Customer_7775,shoes,Adidas Sliders,₹10469,1,16-03-26,Canceled,Gurgaon,27
FK-8776,Customer_7776,Electronics,Boat Airdopes,35425,1,08-05-26,Shipped,BLR,3
FK-8777,Customer_7777,Electronics,Apple iPhone 15,Rs. 45857,1,29-06-25,Shipped,Hyderabad,19
FK-8778,Customer_7778,Shoes,Nike Running Shoes,65780,1,09-01-25,returned,,
FK-8779,Customer_7779,Books,Rich Dad Poor Dad,Rs. 68814,4,21-04-26,Delivered,Kolkata,10
FK-8780,Customer_7780,Books,Python Crash Course,-49771,one,05-01-26,Returned,Kolkata,27
FK-8781,,,Samsung Galaxy M14,3120,1,30-03-26,Returned,Hyd,7
FK-8782,Customer_7782,Home & Kitchen,Pigeon Gas Stove,-47827,1,12-03-25,Canceled,Chennai,24
FK-8783,Customer_7783,Clothing,Women's Kurta,53822,1,20-03-25,Canceled,,20
FK-8784,Customer_7784,Home & Kitchen,Bajaj Iron,39661,1,18-06-25,Delivered,Kolkata,NULL
FK-8785,Customer_7785,Home & Kitchen,Prestige Cooker,,2,13-04-25,Returned,Mumbai,24
FK-8786,Customer_7786,Shoes,Adidas Sliders,69205,1,20-01-25,Delivered,,17
FK-8787,Customer_7787,Books,Atomic Habits,Rs. 41182,1,15-10-25,Canceled,,1
FK-8788,Customer_7788,home & kitchen,Milton Thermos,24381,2,06-06-25,Delivered,Mumbai,2%
FK-8789,Customer_7789,Beauty,Nivea Lotion,26331,2,01-04-25,returned,Pune,25
FK-8790,Customer_7790,Shoes,Adidas Sliders,51744,2,19-03-25,Pending,Hyderabad,27
FK-8791,Customer_7791,Books,Rich Dad Poor Dad,19392,1,09-01-26,Pending,BLR,17
FK-8792,,Home & Kitchen,Milton Thermos,24133,1,22-03-25,Shipped,Pune,
fk-8793,Customer_7793,Books,Dune,25680,4,21-06-25,Canceled,Hyderabad,23
FK-8794,Customer_7794,Books,Atomic Habits,15975,1,11-07-25,Pending,Mumbai,25
FK-8795,Customer_7795,Books,Atomic Habits,30766,1,03-03-26,delivered,Chennai,23
FK-8796,Customer_7796,Home & Kitchen,Prestige Cooker,-36794,1,09-02-25,Delivered,Bengaluru,10
FK-8797,Customer_7797,Books,Atomic Habits,64555,,,delivered,Hyderabad,15
FK-8798,Customer_7798,Clothing,Men's T-Shirt,28928,2,29-01-26,Pending,Mumbai,N/A
FK-8799,Customer_7799,Clothing,Men's T-Shirt,23976,1,28-04-26,Shipped,Delhi,
FK-8800,Customer_7800,Beauty,Nivea Lotion,-50395,1,06-06-25,Delivered,Pune,17
FK-8801,Customer_7801,Books,Atomic Habits,59308,1,19-03-26,Delivered,Mumbai,12
FK-8802,Customer_7802,Books,Rich Dad Poor Dad,73026,2,04-11-25,Delivered,Chennai,22
FK-8803,Customer_7803,Home & Kitchen,Pigeon Gas Stove,10876,1,10-04-25,Delivered,Gurgaon,11
FK-8804,Customer_7804,Electronics,HP Pavilion Laptop,6081,1,Jan 04 2025,Shipped,BLR,16
fk-8805,Customer_7805,Shoes,Puma Sneakers,₹60670,3,23-04-25,returned,Bengaluru,0%
FK-8806,Customer_7806,Books,Dune,2328,1,17-04-25,Shipped,,13
fk-8807,Customer_7807,beauty,Nivea Lotion,Rs. 43460,1,Feb 27 2025,returned,Hyd,30
FK-8808,Customer_7808,beauty,Lakme Eyeliner,17895,1,03-02-25,Delivered,,11
FK-8808,Customer_7808,beauty,Lakme Eyeliner,17895,1,03-02-25,Delivered,,11
FK-8809,Customer_7809,,Sony Headphones,Rs. 34459,5,04-11-25,returned,,22
FK-8810,Customer_7810,Electronics,Boat Airdopes,52558,1,25-05-25,Pending,Bengaluru,29
FK-8811,Customer_7811,,Boat Airdopes,17654,1,19-08-25,delivered,Mumbai,0
FK-8812,Customer_7812,Clothing,Jeans,51221,1,,delivered,Kolkata,21
FK-8813,Customer_7813,Clothing,Jacket,18740,1,Jun 05 2025,Canceled,Pune,5
FK-8814,Customer_7814,Beauty,Lakme Eyeliner,Rs. 63695,4,11-05-25,returned,Gurgaon,20
FK-8815,Customer_7815,Shoes,Puma Sneakers,62457,1,04-12-25,delivered,Kolkata,24
FK-8816,,Electronics,Apple iPhone 15,Rs. 1712,1,11-05-26,Pending,Gurgaon,17
FK-8817,Customer_7817,Beauty,Maybelline Lipstick,29233,1,08-04-26,Shipped,Hyd,
FK-8818,Customer_7818,Electronics,Samsung Galaxy M14,18588,1,02-05-25,Pending,Chennai,1
FK-8819,Customer_7819,Home & Kitchen,Bajaj Iron,64844,1,27-01-26,Shipped,Delhi,24
FK-8820,Customer_7820,home & kitchen,Pigeon Gas Stove,71580,1,27-11-25,Pending,Pune,27
FK-8821,Customer_7821,,Boat Airdopes,67266,1,24-04-26,returned,BLR,7
FK-8822,Customer_7822,Electronics,Samsung Galaxy M14,74220,-1,Feb 11 2025,delivered,,11
8823,Customer_7823,Clothing,Men's T-Shirt,66077,1,07-08-25,Delivered,Kolkata,22
FK-8824,Customer_7824,BOOKS,Rich Dad Poor Dad,18158,1,06-08-25,returned,Gurgaon,7
FK-8825,Customer_7825,Shoes,Puma Sneakers,28909,2,18-10-25,Pending,Chennai,13
FK-8826,Customer_7826,BOOKS,Dune,₹53797,1,27-02-26,Shipped,Gurgaon,11
FK-8827,Customer_7827,ELECTRONICS,Boat Airdopes,39040,1,30-08-25,delivered,Hyd,9%
FK-8828,Customer_7828,Clothing,Men's T-Shirt,₹28224,1,23-11-25,Returned,BLR,1
FK-8829,Customer_7829,Beauty,Maybelline Lipstick,16294,2,28-08-25,Shipped,Chennai,4
FK-8830,Customer_7830,Books,Rich Dad Poor Dad,42114,1,31-08-25,Returned,Mumbai,18%
FK-8831,Customer_7831,Beauty,Nivea Lotion,40564,1,13-11-25,Canceled,,3%
FK-8832,Customer_7832,,Samsung Galaxy M14,56552,1,May 22 2025,Delivered,Mumbai,27
FK-8833,Customer_7833,BEAUTY,Nivea Lotion,43684,1,,delivered,Mumbai,6
FK-8834,Customer_7834,beauty,Nivea Lotion,61185,1,05-02-25,Pending,Kolkata,20%
FK-8835,Customer_7835,BOOKS,Dune,34554,1,Aug 19 2025,Pending,Bengaluru,NULL
FK-8836,Customer_7836,BOOKS,Rich Dad Poor Dad,Rs. 15747,1,20-09-25,Returned,Pune,8
FK-8837,Customer_7837,Clothing,Jacket,28894,1,09-03-26,Canceled,Pune,N/A
FK-8838,Customer_7838,Home & Kitchen,Prestige Cooker,566,2,16-02-25,Returned,Mumbai,3
FK-8839,,Shoes,Adidas Sliders,63264,1,06-12-25,Delivered,BLR,12
FK-8840,Customer_7840,Electronics,Sony Headphones,52842,1,12-02-25,Shipped,Hyderabad,9
FK-8841,Customer_7841,Electronics,Sony Headphones,35047,1,May 13 2025,Shipped,BLR,22
FK-8842,Customer_7842,Home & Kitchen,Milton Thermos,,1,29-10-25,Canceled,Pune,8
FK-8843,Customer_7843,Shoes,Adidas Sliders,43170,5,10-01-26,Canceled,Chennai,7
FK-8844,Customer_7844,Books,Dune,₹12408,2,23-05-25,Delivered,BLR,23
FK-8845,Customer_7845,Electronics,Dell Mouse,60057,5,14-03-25,Delivered,Mumbai,26
FK-8846,Customer_7846,,Sony Headphones,8347,two,08-10-25,Returned,Hyderabad,26
FK-8847,Customer_7847,Clothing,Jacket,55167,2,15-01-26,Shipped,Chennai,23
FK-8848,Customer_7848,,Sony Headphones,-65213,1,04-01-26,Canceled,Mumbai,NULL
fk-8849,Customer_7849,Clothing,Women's Kurta,49499,1,,Returned,Chennai,5
FK-8850,Customer_7850,SHOES,Nike Running Shoes,30522,4,06-10-25,delivered,Kolkata,5
FK-8851,Customer_7851,Beauty,Nivea Lotion,10542,1,Oct 06 2025,Delivered,BLR,7
FK-8852,Customer_7852,home & kitchen,Milton Thermos,13002,2,30-04-25,Pending,Gurgaon,N/A
FK-8853,Customer_7853,Books,Dune,28869,1,21-07-25,Delivered,Mumbai,20
FK-8854,Customer_7854,clothing,Women's Kurta,20237,2,05-03-25,Pending,Hyderabad,22
FK-8855,Customer_7855,home & kitchen,Milton Thermos,44280,1,05-02-25,Shipped,Hyd,23
FK-8856,Customer_7856,Beauty,Lakme Eyeliner,3405,4,15-02-25,delivered,Bengaluru,10
FK-8857,Customer_7857,Electronics,Boat Airdopes,Rs. 27757,-1,02-08-25,Pending,BLR,3
fk-8858,Customer_7858,Books,Rich Dad Poor Dad,23519,1,06-05-26,returned,Pune,2
FK-8859,Customer_7859,Home & Kitchen,Prestige Cooker,Rs. 23330,1,30-08-25,Canceled,Mumbai,7
8860,Customer_7860,Books,Python Crash Course,12239,1,Feb 26 2025,delivered,Gurgaon,3%
FK-8861,Customer_7861,beauty,Maybelline Lipstick,4901,2,05-02-25,delivered,Bengaluru,24
FK-8862,Customer_7862,Shoes,Nike Running Shoes,4212,2,24-01-25,delivered,Kolkata,5
FK-8863,Customer_7863,Books,Dune,Rs. 55319,2,Dec 20 2025,delivered,BLR,11
FK-8864,Customer_7864,Clothing,Women's Kurta,-54974,1,10-01-26,delivered,Chennai,6
FK-8865,Customer_7865,CLOTHING,Men's T-Shirt,18635,1,29-03-25,Returned,Pune,8
fk-8866,,Electronics,Boat Airdopes,Rs. 68352,2,25-03-25,Shipped,Mumbai,3
FK-8867,Customer_7867,Home & Kitchen,Prestige Cooker,62133,4,Feb 25 2025,Canceled,Hyderabad,28
FK-8868,Customer_7868,HOME & KITCHEN,Pigeon Gas Stove,25641,1,29-09-25,Delivered,Mumbai,11
FK-8869,Customer_7869,Shoes,Adidas Sliders,8759,3,06-02-25,Pending,Mumbai,NULL
FK-8870,Customer_7870,Books,Python Crash Course,₹8844,1,08-06-25,Pending,Hyd,15%
FK-8871,Customer_7871,Home & Kitchen,Prestige Cooker,3495,1,29-01-25,Pending,Gurgaon,30
fk-8872,Customer_7872,Shoes,Adidas Sliders,₹36298,1,15-03-25,delivered,Bengaluru,5
FK-8873,Customer_7873,Clothing,Jeans,,1,14-05-26,delivered,Chennai,15
FK-8874,Customer_7874,books,Rich Dad Poor Dad,2877,1,15-02-25,Canceled,Gurgaon,2
FK-8875,Customer_7875,,Dell Mouse,14780,1,22-06-25,Pending,Hyderabad,17
FK-8875,Customer_7875,,Dell Mouse,14780,1,22-06-25,Pending,Hyderabad,17
8876,Customer_7876,Home & Kitchen,Bajaj Iron,-14737,1,13-01-25,Delivered,Hyderabad,0%
FK-8877,Customer_7877,Home & Kitchen,Milton Thermos,54134,1,30-05-25,Canceled,Hyderabad,11
FK-8878,Customer_7878,Beauty,Lakme Eyeliner,₹70728,5,14-05-25,Returned,Delhi,15
FK-8879,Customer_7879,Electronics,Sony Headphones,24043,1,02-10-25,Pending,Hyderabad,29
FK-8880,Customer_7880,Clothing,Men's T-Shirt,19954,4,15-12-25,delivered,Gurgaon,3
FK-8881,Customer_7881,Electronics,Boat Airdopes,35955,1,14-06-25,Returned,Kolkata,20
8882,Customer_7882,Clothing,Men's T-Shirt,Rs. 65393,999,18-02-25,Delivered,Gurgaon,23
FK-8883,Customer_7883,Electronics,Apple iPhone 15,Rs. 46103,1,25-12-25,Returned,Bengaluru,7%
FK-8883,Customer_7883,Electronics,Apple iPhone 15,Rs. 46103,1,25-12-25,Returned,Bengaluru,7%
FK-8884,Customer_7884,Home & Kitchen,Pigeon Gas Stove,11820,2,07-10-25,delivered,Hyd,13
FK-8885,,home & kitchen,Bajaj Iron,69180,one,17-08-25,delivered,Delhi,9
8886,Customer_7886,Beauty,Maybelline Lipstick,1926,1,09-01-26,Shipped,Bengaluru,25
FK-8887,Customer_7887,Electronics,HP Pavilion Laptop,4726,2,16-01-25,Pending,BLR,7
FK-8888,Customer_7888,ELECTRONICS,Dell Mouse,67260,1,05-03-25,Canceled,Kolkata,0
FK-8889,Customer_7889,Home & Kitchen,Milton Thermos,25523,2,12-05-26,Canceled,Kolkata,20
FK-8890,Customer_7890,Shoes,Nike Running Shoes,₹60314,-1,07-03-25,Pending,Hyd,17
FK-8891,Customer_7891,Books,Dune,30420,999,31-12-25,delivered,Delhi,14
FK-8892,,shoes,Puma Sneakers,-18384,3,25-09-25,Pending,Bengaluru,8
FK-8893,Customer_7893,Books,Dune,-5658,1,Sep 25 2025,Delivered,Kolkata,N/A
8894,Customer_7894,Books,Atomic Habits,-54111,1,08-05-25,Shipped,Hyd,19
FK-8895,Customer_7895,Clothing,Men's T-Shirt,74653,2,Jan 23 2025,Returned,Hyd,10
FK-8896,Customer_7896,home & kitchen,Bajaj Iron,65562,1,Mar 31 2025,Returned,,11
FK-8897,Customer_7897,Electronics,HP Pavilion Laptop,7530,3,10-02-26,returned,Hyderabad,23
FK-8898,Customer_7898,Clothing,Women's Kurta,70955,4,30-08-25,Pending,Chennai,9
FK-8899,,Home & Kitchen,Bajaj Iron,Rs. 51092,1,09-02-26,Delivered,Gurgaon,25
FK-8900,Customer_7900,Home & Kitchen,Pigeon Gas Stove,61477,3,19-01-26,Returned,Pune,25%
FK-8901,Customer_7901,BEAUTY,Maybelline Lipstick,₹46319,2,25-05-25,Shipped,Gurgaon,24%
FK-8902,,BOOKS,Python Crash Course,₹38153,3,01-04-25,Delivered,Bengaluru,7
FK-8903,,Books,Atomic Habits,61864,2,28-02-25,Delivered,Kolkata,2%
fk-8904,Customer_7904,Beauty,Maybelline Lipstick,17898,1,28-06-25,Delivered,Hyd,21%
FK-8905,Customer_7905,Clothing,Men's T-Shirt,52217,1,Sep 29 2025,Shipped,Hyderabad,
FK-8906,,Electronics,Boat Airdopes,50763,2,Apr 02 2026,Shipped,Delhi,11
FK-8907,Customer_7907,Home & Kitchen,Bajaj Iron,60905,1,,Pending,Hyd,8
FK-8908,Customer_7908,,Apple iPhone 15,73739,1,05-05-26,Pending,Bengaluru,7
FK-8909,Customer_7909,Shoes,Nike Running Shoes,₹4400,1,15-02-25,delivered,Bengaluru,N/A
FK-8910,Customer_7910,BOOKS,Python Crash Course,Rs. 56225,999,Jan 05 2026,Returned,Mumbai,5
FK-8911,Customer_7911,Electronics,Sony Headphones,22356,4,18-03-25,Shipped,Hyd,NULL
FK-8912,Customer_7912,Books,Atomic Habits,48393,1,10-04-25,Canceled,Mumbai,20%
FK-8913,Customer_7913,Clothing,Saree,31641,2,22-02-25,Delivered,Mumbai,13%
fk-8914,Customer_7914,Beauty,Lakme Eyeliner,Rs. 25368,one,05-04-25,returned,Mumbai,3
8915,Customer_7915,,Dell Mouse,₹51936,1,,Returned,Hyderabad,6%
FK-8916,,Clothing,Women's Kurta,Rs. 28414,1,24-03-25,returned,Kolkata,21
FK-8917,Customer_7917,Clothing,Women's Kurta,38226,1,12-05-26,Shipped,Delhi,13
FK-8918,Customer_7918,Home & Kitchen,Milton Thermos,32694,3,17-04-25,Canceled,Kolkata,1
FK-8919,Customer_7919,Electronics,Samsung Galaxy M14,22495,3,23-03-26,Pending,Bengaluru,26%
FK-8920,Customer_7920,Electronics,Sony Headphones,22376,1,09-01-25,Delivered,Gurgaon,30
FK-8921,Customer_7921,Shoes,Puma Sneakers,,1,20-11-25,Delivered,Mumbai,22
FK-8922,Customer_7922,home & kitchen,Prestige Cooker,Rs. 15786,1,27-04-26,Delivered,Hyderabad,10
FK-8923,Customer_7923,Shoes,Nike Running Shoes,56569,2,07-04-25,Returned,Hyd,8
FK-8924,Customer_7924,Electronics,Dell Mouse,₹66689,3,28-01-25,delivered,Chennai,25
FK-8925,Customer_7925,,Samsung Galaxy M14,32951,1,02-01-25,delivered,Bengaluru,N/A
FK-8926,Customer_7926,Home & Kitchen,Prestige Cooker,32474,1,19-05-25,Canceled,Delhi,13
FK-8927,Customer_7927,Beauty,Maybelline Lipstick,,5,26-09-25,Shipped,Kolkata,16
FK-8928,Customer_7928,Beauty,Nivea Lotion,16598,1,17-08-25,Shipped,Kolkata,13
FK-8929,,Electronics,Sony Headphones,42496,3,20-04-26,Canceled,Hyd,13
FK-8930,Customer_7930,Books,Rich Dad Poor Dad,42406,1,25-10-25,Shipped,,27
FK-8931,Customer_7931,Books,Atomic Habits,21642,3,21-12-25,Canceled,Hyderabad,2
FK-8932,Customer_7932,Beauty,Lakme Eyeliner,41025,1,06-03-25,Returned,Hyd,19
FK-8933,Customer_7933,Home & Kitchen,Bajaj Iron,52899,2,06-04-26,Canceled,Hyd,N/A
FK-8934,Customer_7934,Home & Kitchen,Pigeon Gas Stove,₹39954,1,23-12-25,Shipped,BLR,29
FK-8935,Customer_7935,,Samsung Galaxy M14,26507,1,24-08-25,Shipped,,12
FK-8936,,Shoes,Adidas Sliders,52407,1,08-04-26,Delivered,Bengaluru,24%
FK-8937,Customer_7937,Shoes,Adidas Sliders,Rs. 17952,2,21-03-25,Returned,Hyd,N/A
fk-8938,Customer_7938,Books,Atomic Habits,7541,1,23-12-25,delivered,Hyd,NULL
FK-8939,Customer_7939,Beauty,Nivea Lotion,₹6525,1,02-11-25,Shipped,Delhi,30%
FK-8940,Customer_7940,Electronics,Boat Airdopes,₹38384,3,10-12-25,Canceled,Delhi,27%
FK-8941,Customer_7941,Electronics,Boat Airdopes,71860,1,28-03-26,returned,Hyd,28
FK-8942,Customer_7942,electronics,Dell Mouse,₹30307,1,01-03-25,Returned,Kolkata,27%
8943,,ELECTRONICS,Apple iPhone 15,-19034,1,26-07-25,Delivered,BLR,28
FK-8944,Customer_7944,books,Dune,25537,1,20-02-26,Returned,Chennai,7%
FK-8945,Customer_7945,Home & Kitchen,Pigeon Gas Stove,38633,1,,delivered,,11
FK-8946,Customer_7946,Books,Python Crash Course,4546,1,,returned,BLR,17%
FK-8947,Customer_7947,BEAUTY,Nivea Lotion,₹11221,1,,Canceled,BLR,0
8948,Customer_7948,BOOKS,Atomic Habits,27560,2,25-01-26,Pending,Pune,20
8948,Customer_7948,BOOKS,Atomic Habits,27560,2,25-01-26,Pending,Pune,20
FK-8949,Customer_7949,Clothing,Men's T-Shirt,13896,1,Oct 01 2025,Delivered,Hyderabad,16
FK-8950,,Beauty,Lakme Eyeliner,7590,2,02-05-25,Returned,Chennai,16
FK-8951,Customer_7951,Home & Kitchen,Prestige Cooker,18165,2,21-06-25,delivered,Hyd,18
FK-8952,Customer_7952,Clothing,Jeans,17529,1,17-01-26,Returned,Chennai,24
FK-8953,Customer_7953,Beauty,Nivea Lotion,Rs. 51901,3,01-05-25,Delivered,,1
FK-8954,Customer_7954,Books,Dune,Rs. 35680,1,12-05-25,Pending,,26
FK-8955,Customer_7955,Books,Dune,Rs. 1841,1,21-04-25,Returned,Chennai,13%
FK-8956,,Clothing,Men's T-Shirt,70917,2,09-04-25,delivered,Bengaluru,12
FK-8957,Customer_7957,Beauty,Nivea Lotion,1983,1,11-06-25,Canceled,Hyd,N/A
FK-8958,Customer_7958,Electronics,Boat Airdopes,26241,1,11-05-26,delivered,Kolkata,13
FK-8959,Customer_7959,Shoes,Nike Running Shoes,40223,one,May 25 2025,Pending,Delhi,
FK-8959,Customer_7959,Shoes,Nike Running Shoes,40223,one,May 25 2025,Pending,Delhi,
FK-8960,Customer_7960,Books,Python Crash Course,,1,22-03-26,Canceled,Chennai,19
FK-8961,Customer_7961,Clothing,Jeans,57925,1,11-10-25,Shipped,Gurgaon,N/A
FK-8962,Customer_7962,Books,Dune,₹26789,1,07-04-26,returned,Hyderabad,14
FK-8963,Customer_7963,,HP Pavilion Laptop,₹33936,2,15-03-25,Shipped,Chennai,7
FK-8964,Customer_7964,Shoes,Puma Sneakers,Rs. 4915,2,10-05-26,returned,Bengaluru,0
FK-8965,Customer_7965,Beauty,Nivea Lotion,26844,,01-10-25,Returned,Gurgaon,
FK-8966,Customer_7966,Electronics,Apple iPhone 15,Rs. 54303,1,,Shipped,Bengaluru,4
FK-8967,Customer_7967,Books,Rich Dad Poor Dad,29060,2,,Shipped,Chennai,11%
FK-8968,Customer_7968,beauty,Lakme Eyeliner,Rs. 5707,1,16-09-25,Pending,Bengaluru,
FK-8969,Customer_7969,Home & Kitchen,Prestige Cooker,49306,1,29-03-26,Pending,Chennai,23
FK-8970,Customer_7970,Clothing,Jacket,50242,1,04-03-25,returned,Hyd,10
FK-8971,Customer_7971,Clothing,Jacket,₹5587,2,01-05-25,Canceled,Pune,25
FK-8972,Customer_7972,Books,Rich Dad Poor Dad,34035,1,18-09-25,Canceled,,8
FK-8973,Customer_7973,Beauty,Lakme Eyeliner,30348,2,15-02-25,Shipped,Chennai,11%
FK-8974,Customer_7974,Clothing,Jacket,24871,1,11-05-25,delivered,Hyd,N/A
FK-8975,Customer_7975,home & kitchen,Milton Thermos,28201,3,25-11-25,returned,,23
FK-8976,Customer_7976,SHOES,Adidas Sliders,28413,1,02-02-26,Returned,Chennai,21
FK-8977,Customer_7977,Clothing,Saree,30850,1,03-08-25,returned,Kolkata,21
FK-8978,Customer_7978,Beauty,Maybelline Lipstick,7060,1,01-03-26,Returned,Hyd,19%
FK-8979,Customer_7979,Home & Kitchen,Pigeon Gas Stove,Rs. 59829,3,02-06-25,Shipped,,22
FK-8980,Customer_7980,Books,Atomic Habits,63765,1,16-05-25,Canceled,BLR,26
FK-8981,Customer_7981,Clothing,Saree,19101,-1,24-05-25,Returned,Pune,5
FK-8982,Customer_7982,beauty,Nivea Lotion,Rs. 9488,1,Apr 21 2025,Canceled,Bengaluru,20
FK-8983,Customer_7983,Home & Kitchen,Bajaj Iron,42121,1,25-10-25,delivered,BLR,11
FK-8984,Customer_7984,Shoes,Adidas Sliders,73375,2,10-02-26,delivered,Gurgaon,16
fk-8985,Customer_7985,Electronics,Boat Airdopes,39540,1,19-03-26,Delivered,Bengaluru,28
FK-8986,Customer_7986,Books,Rich Dad Poor Dad,56682,1,01-09-25,Canceled,Bengaluru,
FK-8987,Customer_7987,Shoes,Puma Sneakers,2961,3,26-11-25,Delivered,Mumbai,N/A
FK-8988,Customer_7988,Electronics,HP Pavilion Laptop,16682,1,27-04-26,Pending,Chennai,29
FK-8989,Customer_7989,Books,Python Crash Course,38349,4,03-04-25,Canceled,Pune,N/A
FK-8990,Customer_7990,Home & Kitchen,Prestige Cooker,₹40256,3,04-05-25,delivered,Delhi,6
FK-8991,Customer_7991,Shoes,Adidas Sliders,46897,1,09-07-25,Canceled,Kolkata,11
FK-8992,Customer_7992,Books,Rich Dad Poor Dad,41434,2,19-07-25,Canceled,Delhi,NULL
FK-8993,Customer_7993,Books,Dune,-37066,1,26-01-25,Shipped,Hyderabad,12
8994,Customer_7994,Beauty,Lakme Eyeliner,7696,1,May 21 2025,Returned,,
FK-8995,Customer_7995,Electronics,Apple iPhone 15,₹46410,1,24-04-26,Shipped,Delhi,9
FK-8996,Customer_7996,Shoes,Adidas Sliders,₹31029,1,20-02-25,Delivered,,24
FK-8997,Customer_7997,SHOES,Puma Sneakers,3668,999,17-03-26,Delivered,Hyderabad,6
FK-8998,Customer_7998,electronics,Dell Mouse,37861,1,,delivered,Bengaluru,9
FK-8999,Customer_7999,Clothing,Jacket,27301,1,29-01-25,Returned,Pune,1
FK-9000,Customer_8000,Beauty,Lakme Eyeliner,43945,two,18-08-25,delivered,Hyderabad,2
9001,Customer_8001,Books,Dune,14779,1,03-01-25,returned,,
FK-9002,Customer_8002,,HP Pavilion Laptop,18983,4,12-11-25,Returned,Hyd,13
FK-9003,Customer_8003,Beauty,Lakme Eyeliner,₹51063,3,10-09-25,Delivered,Hyderabad,24
fk-9004,Customer_8004,Books,Dune,74521,one,19-04-26,Pending,Chennai,N/A
FK-9005,Customer_8005,Beauty,Maybelline Lipstick,60426,1,22-02-26,Canceled,Bengaluru,10
9006,Customer_8006,Home & Kitchen,Bajaj Iron,72762,1,Jan 08 2026,Returned,BLR,13
FK-9007,Customer_8007,Shoes,Adidas Sliders,₹55484,-1,26-12-25,Canceled,Delhi,28
FK-9008,Customer_8008,Shoes,Nike Running Shoes,7570,2,16-03-25,Pending,Gurgaon,N/A
FK-9009,Customer_8009,Shoes,Adidas Sliders,38360,4,18-05-25,Returned,Kolkata,22
FK-9010,Customer_8010,Home & Kitchen,Bajaj Iron,62598,2,18-11-25,Shipped,Mumbai,5
FK-9011,Customer_8011,Beauty,Maybelline Lipstick,,1,15-08-25,Returned,BLR,0%
FK-9012,Customer_8012,beauty,Maybelline Lipstick,64179,1,18-05-25,returned,Hyd,26
FK-9013,Customer_8013,shoes,Adidas Sliders,55576,5,03-10-25,Shipped,Mumbai,16%
FK-9014,Customer_8014,Clothing,Saree,71193,3,09-05-26,returned,Pune,9
FK-9015,Customer_8015,Home & Kitchen,Pigeon Gas Stove,58338,3,23-01-26,Shipped,Kolkata,27
fk-9016,Customer_8016,Clothing,Jeans,6024,1,15-06-25,delivered,Hyderabad,9
FK-9017,Customer_8017,Beauty,Nivea Lotion,38083,1,21-08-25,Canceled,Kolkata,N/A
FK-9018,Customer_8018,Home & Kitchen,Pigeon Gas Stove,71795,,19-12-25,Shipped,Gurgaon,21%
9019,Customer_8019,Electronics,Apple iPhone 15,-71793,1,14-10-25,delivered,Hyd,0
9020,Customer_8020,Electronics,HP Pavilion Laptop,37436,1,19-08-25,Delivered,,22
FK-9021,Customer_8021,books,Dune,69345,1,21-11-25,returned,Mumbai,3
FK-9022,Customer_8022,Clothing,Jacket,18116,1,07-09-25,returned,Hyderabad,7
FK-9023,Customer_8023,Beauty,Nivea Lotion,48513,1,Mar 26 2025,returned,Bengaluru,15
FK-9024,Customer_8024,Books,Rich Dad Poor Dad,₹34060,3,16-05-25,Delivered,,23
FK-9025,Customer_8025,beauty,Nivea Lotion,-7562,1,09-04-26,returned,Gurgaon,9
FK-9026,Customer_8026,Electronics,Apple iPhone 15,65815,1,05-08-25,Pending,Chennai,20
FK-9027,Customer_8027,Beauty,Maybelline Lipstick,66143,3,22-05-25,returned,Mumbai,6
FK-9028,Customer_8028,Clothing,Jacket,₹60069,,31-12-25,Canceled,Delhi,24
FK-9029,Customer_8029,Books,Dune,59438,2,14-04-25,delivered,Gurgaon,24%
FK-9030,Customer_8030,clothing,Saree,40988,1,14-01-25,Shipped,Bengaluru,1
FK-9031,Customer_8031,Books,Dune,67096,1,07-03-25,delivered,Mumbai,17
FK-9032,Customer_8032,shoes,Puma Sneakers,16421,3,Aug 22 2025,Shipped,,11
FK-9033,Customer_8033,,Boat Airdopes,,2,11-03-25,Delivered,Delhi,25
FK-9034,Customer_8034,books,Rich Dad Poor Dad,21330,1,17-10-25,Shipped,Bengaluru,2
FK-9035,Customer_8035,Beauty,Maybelline Lipstick,27107,5,,Delivered,Delhi,2
FK-9036,Customer_8036,Clothing,Jeans,30370,1,25-10-25,Pending,,22
FK-9037,Customer_8037,Home & Kitchen,Milton Thermos,,1,Feb 02 2025,Returned,Bengaluru,6%
FK-9038,Customer_8038,Home & Kitchen,Pigeon Gas Stove,44734,1,22-07-25,Shipped,Delhi,N/A
FK-9039,Customer_8039,Beauty,Nivea Lotion,38870,3,28-07-25,Pending,Pune,9
FK-9040,Customer_8040,Books,Python Crash Course,₹8244,1,May 01 2025,Delivered,Chennai,4
FK-9041,Customer_8041,Books,Dune,25650,1,20-08-25,delivered,Pune,14
FK-9042,Customer_8042,Books,Dune,51821,1,24-05-25,Returned,Mumbai,26
FK-9043,Customer_8043,Electronics,Dell Mouse,35826,1,16-04-25,Shipped,Hyderabad,21
FK-9044,Customer_8044,Home & Kitchen,Bajaj Iron,23555,1,04-08-25,delivered,BLR,11%
9045,Customer_8045,beauty,Nivea Lotion,74399,1,24-09-25,Shipped,Pune,4
FK-9046,,Electronics,Apple iPhone 15,30238,2,18-06-25,Pending,,19%
FK-9047,Customer_8047,Beauty,Lakme Eyeliner,-10620,1,03-04-25,Shipped,Hyd,5
FK-9048,Customer_8048,Electronics,Apple iPhone 15,39892,1,01-08-25,Shipped,Delhi,11
FK-9049,Customer_8049,Electronics,Samsung Galaxy M14,54061,2,02-11-25,Returned,Gurgaon,3
fk-9050,Customer_8050,Shoes,Nike Running Shoes,6171,999,19-09-25,Canceled,Bengaluru,24
FK-9051,Customer_8051,Books,Rich Dad Poor Dad,11106,1,27-12-25,delivered,Hyd,27
FK-9052,Customer_8052,Books,Atomic Habits,29814,1,24-04-25,Pending,Mumbai,5
FK-9053,Customer_8053,Shoes,Puma Sneakers,62460,1,28-01-26,delivered,Kolkata,3
9054,Customer_8054,Books,Rich Dad Poor Dad,17462,3,17-11-25,returned,Chennai,15
FK-9055,Customer_8055,Clothing,Jeans,62104,1,23-07-25,returned,Mumbai,19
9056,Customer_8056,Beauty,Lakme Eyeliner,55710,1,12-10-25,Shipped,Kolkata,7
FK-9057,,Electronics,Samsung Galaxy M14,-53786,4,12-07-25,Pending,Hyd,13
FK-9058,Customer_8058,Books,Python Crash Course,16963,3,May 12 2026,delivered,Chennai,21
FK-9059,Customer_8059,Shoes,Adidas Sliders,33888,1,19-01-26,Canceled,Mumbai,0
FK-9060,Customer_8060,Electronics,Samsung Galaxy M14,67483,2,10-12-25,Returned,Hyderabad,25
FK-9061,Customer_8061,Home & Kitchen,Pigeon Gas Stove,-32672,1,13-04-26,Canceled,BLR,7
FK-9062,Customer_8062,Home & Kitchen,Prestige Cooker,-46303,2,12-06-25,Shipped,Hyd,23
FK-9063,Customer_8063,Shoes,Nike Running Shoes,48630,4,08-03-25,Shipped,Mumbai,6
FK-9064,,Electronics,HP Pavilion Laptop,58802,2,Nov 24 2025,delivered,BLR,8%
FK-9065,Customer_8065,beauty,Nivea Lotion,61642,1,12-08-25,Canceled,Mumbai,29
FK-9066,Customer_8066,Beauty,Lakme Eyeliner,33626,,16-07-25,Delivered,Hyderabad,30
FK-9067,Customer_8067,Beauty,Nivea Lotion,,2,09-03-25,Delivered,Bengaluru,29%
FK-9068,Customer_8068,Books,Python Crash Course,39376,1,19-10-25,Returned,Hyd,28
FK-9069,Customer_8069,Shoes,Nike Running Shoes,35329,1,22-08-25,Shipped,BLR,30
FK-9070,Customer_8070,electronics,HP Pavilion Laptop,348,2,18-05-25,delivered,,28
FK-9071,Customer_8071,books,Dune,65255,3,03-02-26,Delivered,Pune,10
fk-9072,Customer_8072,Books,Atomic Habits,50403,1,21-11-25,Shipped,Hyderabad,6
FK-9073,Customer_8073,Electronics,Samsung Galaxy M14,5743,1,12-02-25,returned,Kolkata,16%
FK-9074,Customer_8074,Shoes,Nike Running Shoes,32593,4,16-01-26,returned,Bengaluru,20
FK-9075,Customer_8075,books,Python Crash Course,₹69252,1,03-12-25,Pending,,15
FK-9076,Customer_8076,Books,Atomic Habits,₹9205,1,11-07-25,Delivered,Chennai,10
FK-9077,Customer_8077,Electronics,Samsung Galaxy M14,27570,3,02-02-26,Delivered,,16
FK-9078,Customer_8078,books,Python Crash Course,49185,1,24-02-25,returned,Mumbai,2
FK-9079,Customer_8079,Home & Kitchen,Prestige Cooker,51201,1,21-04-25,delivered,Hyd,25
FK-9080,,Clothing,Jeans,10971,,27-10-25,Delivered,Bengaluru,19
FK-9081,Customer_8081,Beauty,Nivea Lotion,-7866,1,05-05-26,Shipped,,NULL
FK-9082,Customer_8082,Beauty,Maybelline Lipstick,7477,1,22-01-25,Delivered,Bengaluru,15%
FK-9083,Customer_8083,Home & Kitchen,Pigeon Gas Stove,12610,3,03-11-25,delivered,Kolkata,N/A
FK-9084,Customer_8084,Home & Kitchen,Bajaj Iron,13849,1,16-03-26,Returned,Chennai,
FK-9085,Customer_8085,Clothing,Men's T-Shirt,31057,3,16-11-25,Shipped,Gurgaon,2
FK-9086,Customer_8086,ELECTRONICS,Apple iPhone 15,-62733,2,16-02-26,returned,Gurgaon,29
9087,,,Dell Mouse,20769,1,31-01-25,Canceled,Delhi,27
FK-9088,Customer_8088,Books,Atomic Habits,58005,1,04-12-25,Shipped,Bengaluru,0%
FK-9089,Customer_8089,Books,Rich Dad Poor Dad,64567,4,08-12-25,Canceled,Hyderabad,7
FK-9090,Customer_8090,,Samsung Galaxy M14,-33063,1,06-07-25,Canceled,Bengaluru,25
FK-9091,Customer_8091,Clothing,Saree,-25302,2,28-05-25,delivered,Kolkata,7
FK-9092,Customer_8092,Books,Dune,4148,4,,returned,Bengaluru,5
9093,Customer_8093,Books,Dune,66967,1,Apr 24 2025,Canceled,Bengaluru,26
fk-9094,Customer_8094,Shoes,Nike Running Shoes,46880,1,11-02-25,Shipped,Hyd,15
FK-9095,Customer_8095,Shoes,Adidas Sliders,Rs. 32545,two,23-08-25,Delivered,Pune,18
FK-9096,Customer_8096,shoes,Nike Running Shoes,60027,3,,delivered,Mumbai,21
9097,Customer_8097,Beauty,Nivea Lotion,71159,4,15-10-25,Shipped,Kolkata,NULL
FK-9098,Customer_8098,,Samsung Galaxy M14,,4,03-04-25,delivered,BLR,20
fk-9099,Customer_8099,Beauty,Lakme Eyeliner,16345,2,03-03-25,Returned,BLR,N/A
FK-9100,Customer_8100,Home & Kitchen,Bajaj Iron,70522,3,20-11-25,Returned,Hyd,9
FK-9101,Customer_8101,Books,Atomic Habits,₹4592,1,22-01-25,returned,Mumbai,18
FK-9102,Customer_8102,beauty,Nivea Lotion,10891,1,15-03-25,Canceled,BLR,6
FK-9103,Customer_8103,Books,Python Crash Course,4743,1,01-07-25,returned,Bengaluru,20
FK-9104,Customer_8104,Electronics,Dell Mouse,14243,3,Sep 09 2025,Pending,Chennai,22
FK-9105,Customer_8105,Shoes,Adidas Sliders,18991,,23-02-26,Canceled,Bengaluru,4
FK-9106,Customer_8106,BOOKS,Python Crash Course,19950,1,07-07-25,returned,BLR,5
fk-9107,Customer_8107,Shoes,Puma Sneakers,74979,1,29-01-25,returned,Hyderabad,2
FK-9108,Customer_8108,Home & Kitchen,Prestige Cooker,-19118,1,Sep 09 2025,Canceled,Delhi,28%
FK-9109,Customer_8109,Shoes,Puma Sneakers,63862,1,20-04-25,Pending,Pune,0
FK-9110,Customer_8110,Electronics,Sony Headphones,56184,4,12-08-25,Returned,Hyderabad,7
FK-9111,Customer_8111,Electronics,Boat Airdopes,15890,4,15-08-25,Returned,,11
FK-9112,Customer_8112,Books,Python Crash Course,Rs. 16903,2,24-01-26,Delivered,Chennai,26
fk-9113,Customer_8113,Shoes,Nike Running Shoes,35953,1,04-03-25,Delivered,Mumbai,29
FK-9114,Customer_8114,Beauty,Lakme Eyeliner,,1,24-02-25,Delivered,Gurgaon,4
FK-9115,Customer_8115,Beauty,Maybelline Lipstick,42859,1,01-03-25,returned,BLR,5
FK-9116,Customer_8116,Shoes,Nike Running Shoes,38805,1,13-07-25,delivered,Delhi,26
FK-9117,Customer_8117,Home & Kitchen,Prestige Cooker,65185,1,Sep 14 2025,Pending,Delhi,27
FK-9118,Customer_8118,Books,Rich Dad Poor Dad,51726,1,05-04-26,Pending,BLR,30
FK-9119,Customer_8119,Beauty,Lakme Eyeliner,₹12815,1,02-04-26,Delivered,Pune,4
FK-9120,Customer_8120,Shoes,Adidas Sliders,2015,3,May 04 2026,returned,Delhi,1
FK-9121,Customer_8121,Electronics,Samsung Galaxy M14,65378,1,19-02-25,Shipped,Mumbai,7
9122,Customer_8122,Shoes,Adidas Sliders,-12149,1,20-01-25,delivered,Hyd,10
fk-9123,Customer_8123,Beauty,Lakme Eyeliner,14513,1,Jun 23 2025,Pending,Kolkata,30
FK-9124,Customer_8124,CLOTHING,Saree,Rs. 10998,1,,Canceled,Chennai,22
FK-9125,Customer_8125,Shoes,Nike Running Shoes,63676,1,Oct 21 2025,Canceled,Hyd,29
FK-9126,Customer_8126,Clothing,Men's T-Shirt,26228,1,,Canceled,Delhi,13
FK-9127,Customer_8127,Beauty,Nivea Lotion,66491,1,04-10-25,Returned,Hyderabad,8
9128,Customer_8128,Beauty,Maybelline Lipstick,Rs. 57683,1,06-01-26,Canceled,Pune,5
FK-9129,Customer_8129,home & kitchen,Milton Thermos,72421,1,31-10-25,returned,Bengaluru,22%
FK-9130,Customer_8130,Clothing,Men's T-Shirt,-22602,2,25-01-26,Pending,Kolkata,2
fk-9131,Customer_8131,Clothing,Jacket,14515,1,24-08-25,returned,Bengaluru,26
FK-9132,Customer_8132,Clothing,Women's Kurta,54095,1,02-05-26,Pending,Delhi,8
FK-9133,Customer_8133,Clothing,Women's Kurta,,2,11-04-25,returned,Bengaluru,29
FK-9134,Customer_8134,Books,Atomic Habits,6012,1,Aug 18 2025,Shipped,Hyderabad,13
FK-9135,Customer_8135,Home & Kitchen,Pigeon Gas Stove,20900,1,27-03-25,Shipped,Chennai,7
FK-9136,Customer_8136,Books,Python Crash Course,51531,1,29-05-25,Delivered,Bengaluru,7
FK-9137,Customer_8137,Home & Kitchen,Pigeon Gas Stove,₹29441,3,,Returned,Mumbai,5
FK-9138,Customer_8138,Beauty,Nivea Lotion,43111,1,07-03-25,returned,Bengaluru,1
FK-9139,Customer_8139,Electronics,Boat Airdopes,58374,1,02-10-25,delivered,Chennai,16
FK-9140,,electronics,Samsung Galaxy M14,15402,1,19-05-25,returned,Gurgaon,26%
FK-9141,Customer_8141,Clothing,Men's T-Shirt,2593,1,23-08-25,Canceled,Mumbai,16
FK-9142,Customer_8142,Beauty,Nivea Lotion,-1693,1,07-08-25,Delivered,Chennai,27
FK-9143,Customer_8143,Clothing,Women's Kurta,30684,,13-11-25,Shipped,Delhi,21
FK-9144,Customer_8144,Books,Dune,Rs. 72233,2,27-02-26,Pending,Hyd,12
FK-9145,Customer_8145,Beauty,Nivea Lotion,47096,1,20-04-26,Pending,Pune,29
FK-9146,Customer_8146,Electronics,Dell Mouse,45628,1,13-03-25,Returned,Hyderabad,7
FK-9147,Customer_8147,Beauty,Maybelline Lipstick,-43372,1,14-11-25,returned,Kolkata,28
FK-9148,Customer_8148,BOOKS,Rich Dad Poor Dad,₹44255,1,19-06-25,Delivered,,
FK-9149,Customer_8149,Shoes,Puma Sneakers,2588,1,03-03-26,Canceled,Bengaluru,10
FK-9150,Customer_8150,Books,Rich Dad Poor Dad,38283,1,09-05-26,Delivered,Hyd,21
FK-9151,Customer_8151,Electronics,Boat Airdopes,56525,1,02-05-26,Returned,Pune,N/A
9152,Customer_8152,Books,Dune,Rs. 31493,2,25-04-25,Returned,Chennai,14%
FK-9153,Customer_8153,Clothing,Jacket,-60617,1,21-04-25,Returned,Hyderabad,4
FK-9154,Customer_8154,Shoes,Nike Running Shoes,50697,one,01-11-25,Shipped,,17
FK-9155,Customer_8155,Electronics,Samsung Galaxy M14,Rs. 23073,1,13-01-25,delivered,BLR,25
FK-9156,Customer_8156,Books,Python Crash Course,72933,,31-01-25,Pending,Bengaluru,6
FK-9157,Customer_8157,Beauty,Lakme Eyeliner,53954,3,10-02-25,Pending,,2
FK-9158,Customer_8158,Books,Rich Dad Poor Dad,Rs. 69074,1,05-12-25,Returned,BLR,8
FK-9159,Customer_8159,Beauty,Nivea Lotion,6608,2,31-12-25,Canceled,Hyd,11
FK-9160,Customer_8160,Clothing,Jeans,,1,16-10-25,delivered,Mumbai,21%
FK-9161,,Shoes,Adidas Sliders,Rs. 41894,1,07-02-25,Shipped,,28%
FK-9162,Customer_8162,Electronics,Dell Mouse,27225,2,29-01-25,Shipped,Mumbai,NULL
FK-9163,Customer_8163,Beauty,Maybelline Lipstick,₹55862,1,05-01-25,Shipped,Bengaluru,
FK-9164,Customer_8164,Shoes,Adidas Sliders,53233,3,17-02-25,Pending,Bengaluru,9
fk-9165,Customer_8165,Electronics,HP Pavilion Laptop,73430,1,,Returned,BLR,26
FK-9166,,Clothing,Jacket,16337,3,09-06-25,returned,Delhi,27
fk-9167,Customer_8167,Books,Python Crash Course,70624,1,18-04-25,Pending,BLR,7
FK-9168,Customer_8168,Electronics,HP Pavilion Laptop,₹53835,1,Jun 13 2025,Shipped,Mumbai,19
FK-9169,Customer_8169,,Sony Headphones,16140,one,03-11-25,Shipped,,19
FK-9170,Customer_8170,BEAUTY,Maybelline Lipstick,5023,one,25-06-25,Delivered,Hyderabad,3
FK-9171,Customer_8171,SHOES,Puma Sneakers,66829,1,Sep 18 2025,Shipped,Gurgaon,
FK-9172,Customer_8172,HOME & KITCHEN,Bajaj Iron,,1,25-04-26,Pending,Bengaluru,1
9173,Customer_8173,Clothing,Jacket,Rs. 7190,4,Jun 29 2025,Returned,Bengaluru,N/A
FK-9174,Customer_8174,shoes,Adidas Sliders,Rs. 39464,one,10-01-25,Returned,Hyd,9%
FK-9175,Customer_8175,electronics,Boat Airdopes,19329,1,19-07-25,Returned,BLR,10
FK-9176,Customer_8176,Home & Kitchen,Prestige Cooker,10342,1,02-02-26,delivered,Bengaluru,28
FK-9177,Customer_8177,BOOKS,Dune,28964,1,Jan 04 2025,Pending,BLR,NULL
FK-9178,Customer_8178,Shoes,Adidas Sliders,58618,1,26-11-25,Shipped,Pune,23
FK-9179,Customer_8179,,HP Pavilion Laptop,56609,1,11-03-26,Delivered,Hyderabad,27
FK-9180,Customer_8180,home & kitchen,Pigeon Gas Stove,,1,08-10-25,delivered,Pune,30
FK-9181,Customer_8181,electronics,Samsung Galaxy M14,52398,2,24-03-25,Canceled,BLR,26
FK-9182,Customer_8182,Clothing,Jeans,-12435,2,26-09-25,Returned,,29
FK-9183,Customer_8183,Electronics,Dell Mouse,3243,2,25-06-25,Shipped,Gurgaon,11
FK-9184,Customer_8184,Electronics,Boat Airdopes,5147,2,Apr 11 2025,delivered,BLR,15
FK-9185,Customer_8185,Shoes,Puma Sneakers,55557,1,Jan 10 2025,returned,Hyd,22
FK-9186,Customer_8186,Beauty,Lakme Eyeliner,68978,2,Apr 18 2025,delivered,Mumbai,1
FK-9187,Customer_8187,Clothing,Men's T-Shirt,41346,one,20-01-26,delivered,Gurgaon,18
FK-9188,,Beauty,Maybelline Lipstick,36376,one,29-05-25,Canceled,Mumbai,9
FK-9189,Customer_8189,Electronics,Dell Mouse,₹583,1,20-07-25,returned,,14%
FK-9190,Customer_8190,Electronics,Samsung Galaxy M14,2307,1,05-05-26,Shipped,BLR,18
FK-9191,Customer_8191,Shoes,Adidas Sliders,Rs. 46697,1,03-09-25,delivered,Kolkata,13
FK-9192,Customer_8192,Clothing,Jacket,59186,1,19-02-25,Delivered,Delhi,18
FK-9193,Customer_8193,Beauty,Nivea Lotion,68820,1,03-08-25,Canceled,Hyderabad,17
FK-9194,Customer_8194,Electronics,Dell Mouse,-59899,3,16-09-25,Canceled,Gurgaon,1
FK-9195,Customer_8195,Shoes,Adidas Sliders,2402,1,19-04-25,Shipped,Mumbai,6
FK-9196,Customer_8196,Home & Kitchen,Bajaj Iron,20809,2,Mar 30 2026,returned,Delhi,18
FK-9197,Customer_8197,beauty,Nivea Lotion,-17714,1,,delivered,Chennai,25
FK-9198,Customer_8198,Electronics,Boat Airdopes,53853,-1,26-08-25,returned,Gurgaon,9
FK-9199,Customer_8199,Shoes,Nike Running Shoes,50954,2,15-12-25,Canceled,BLR,3
FK-9200,Customer_8200,Books,Atomic Habits,69601,1,31-10-25,returned,Chennai,8
FK-9201,Customer_8201,Shoes,Nike Running Shoes,10753,1,11-08-25,Canceled,Kolkata,26%
FK-9202,Customer_8202,,Boat Airdopes,,1,Mar 06 2026,delivered,Kolkata,8
FK-9203,,Books,Dune,₹5768,two,05-10-25,Delivered,BLR,0
FK-9203,,Books,Dune,₹5768,two,05-10-25,Delivered,BLR,0
FK-9204,Customer_8204,CLOTHING,Women's Kurta,70769,2,23-06-25,Delivered,Kolkata,20
FK-9205,Customer_8205,Electronics,Sony Headphones,Rs. 55797,1,13-01-26,Pending,Kolkata,18
FK-9206,Customer_8206,Beauty,Maybelline Lipstick,70005,1,18-01-25,returned,Mumbai,6
FK-9207,Customer_8207,CLOTHING,Men's T-Shirt,Rs. 53043,1,23-02-26,Shipped,Hyderabad,10
FK-9208,Customer_8208,Books,Python Crash Course,,2,12-01-25,Returned,Kolkata,23
FK-9209,,Electronics,Boat Airdopes,1057,2,20-05-25,Shipped,Hyd,19
FK-9210,Customer_8210,Home & Kitchen,Bajaj Iron,22364,3,27-08-25,Returned,Gurgaon,13
FK-9211,,Shoes,Nike Running Shoes,11143,1,24-03-26,delivered,Gurgaon,8
FK-9212,Customer_8212,ELECTRONICS,Sony Headphones,15644,2,05-07-25,Returned,Chennai,21
FK-9213,Customer_8213,,HP Pavilion Laptop,24892,3,03-12-25,Shipped,BLR,NULL
FK-9214,Customer_8214,Electronics,HP Pavilion Laptop,,1,05-06-25,returned,,26
FK-9215,Customer_8215,Shoes,Puma Sneakers,7398,3,06-08-25,Delivered,Gurgaon,7
FK-9216,Customer_8216,beauty,Lakme Eyeliner,15506,4,24-02-25,Canceled,Delhi,24
FK-9217,Customer_8217,Books,Rich Dad Poor Dad,74990,1,20-07-25,Delivered,Mumbai,N/A
FK-9218,Customer_8218,Beauty,Nivea Lotion,12760,1,08-02-25,Pending,Chennai,
FK-9219,Customer_8219,beauty,Nivea Lotion,70070,1,,Canceled,Delhi,20
FK-9220,Customer_8220,Shoes,Puma Sneakers,₹11179,2,,Returned,Gurgaon,28
FK-9221,Customer_8221,Electronics,Sony Headphones,Rs. 47309,one,01-04-25,Delivered,Hyd,8
FK-9222,Customer_8222,Books,Atomic Habits,,1,18-06-25,Shipped,Pune,30
FK-9223,,Home & Kitchen,Prestige Cooker,70851,2,Dec 11 2025,Delivered,Pune,1
FK-9224,Customer_8224,,Dell Mouse,-50569,1,14-06-25,Canceled,Pune,19
FK-9225,Customer_8225,books,Atomic Habits,,1,11-06-25,Delivered,Mumbai,22
FK-9226,Customer_8226,,HP Pavilion Laptop,2311,5,27-07-25,Pending,Kolkata,22%
FK-9227,Customer_8227,Beauty,Lakme Eyeliner,36379,1,16-05-26,Canceled,Bengaluru,24%
FK-9228,Customer_8228,Books,Dune,68181,1,,Pending,Bengaluru,14%
FK-9229,Customer_8229,Beauty,Lakme Eyeliner,35497,1,13-02-26,Pending,BLR,19
FK-9230,Customer_8230,Books,Dune,37730,2,21-01-26,Delivered,Hyderabad,21
FK-9231,Customer_8231,Shoes,Adidas Sliders,56709,999,,delivered,BLR,16
FK-9232,Customer_8232,Home & Kitchen,Prestige Cooker,16192,2,09-05-26,Canceled,Hyd,16
FK-9233,Customer_8233,Beauty,Lakme Eyeliner,60802,3,02-05-26,returned,Mumbai,26
FK-9234,Customer_8234,Clothing,Saree,41400,3,23-10-25,Pending,Gurgaon,10
FK-9235,Customer_8235,Electronics,HP Pavilion Laptop,,1,04-02-25,Shipped,Gurgaon,N/A
FK-9236,Customer_8236,Books,Atomic Habits,45845,999,15-11-25,Returned,Gurgaon,30
FK-9237,Customer_8237,Beauty,Lakme Eyeliner,Rs. 36452,1,06-01-26,Pending,Hyderabad,9
FK-9238,,Shoes,Puma Sneakers,50752,1,21-09-25,returned,Delhi,30
FK-9239,Customer_8239,Shoes,Adidas Sliders,66277,2,06-01-25,Canceled,Mumbai,11
FK-9240,Customer_8240,Electronics,Samsung Galaxy M14,20782,,27-05-25,Canceled,Hyderabad,7
FK-9241,,home & kitchen,Prestige Cooker,22072,1,27-06-25,Shipped,Mumbai,0
FK-9242,Customer_8242,,Boat Airdopes,4117,2,05-08-25,Shipped,Mumbai,13
FK-9243,Customer_8243,Books,Rich Dad Poor Dad,32184,2,19-10-25,Returned,BLR,22
FK-9244,Customer_8244,Clothing,Jeans,₹20131,2,04-03-26,Pending,Chennai,2
FK-9245,Customer_8245,Beauty,Maybelline Lipstick,70903,,21-06-25,Pending,Delhi,NULL
FK-9246,Customer_8246,Shoes,Puma Sneakers,40655,1,18-11-25,Canceled,Chennai,8
FK-9247,Customer_8247,Home & Kitchen,Prestige Cooker,2229,1,10-05-26,Canceled,Chennai,3
FK-9248,Customer_8248,Shoes,Puma Sneakers,9363,4,22-06-25,returned,Gurgaon,26
FK-9249,Customer_8249,Electronics,Boat Airdopes,42923,,01-02-26,Returned,Bengaluru,6
FK-9250,Customer_8250,Books,Atomic Habits,Rs. 13434,5,01-03-26,Canceled,BLR,16
FK-9251,Customer_8251,Books,Dune,29331,1,Apr 07 2026,Returned,Mumbai,30
fk-9252,Customer_8252,shoes,Puma Sneakers,54602,1,16-02-26,Delivered,Chennai,30
FK-9253,Customer_8253,shoes,Adidas Sliders,21442,1,03-07-25,Pending,BLR,21
FK-9254,Customer_8254,Electronics,Boat Airdopes,39213,,31-07-25,delivered,Chennai,16
FK-9255,Customer_8255,Clothing,Men's T-Shirt,56447,999,21-04-26,returned,Mumbai,6
fk-9256,Customer_8256,Clothing,Saree,48138,,Oct 10 2025,Pending,Bengaluru,8
FK-9257,Customer_8257,Shoes,Adidas Sliders,36766,1,Mar 24 2025,returned,Chennai,12
FK-9258,Customer_8258,shoes,Adidas Sliders,-22460,4,22-05-25,delivered,Bengaluru,2
FK-9259,Customer_8259,Beauty,Nivea Lotion,51446,3,21-06-25,Pending,Hyderabad,0
FK-9260,Customer_8260,home & kitchen,Milton Thermos,Rs. 64444,5,27-02-26,Canceled,Hyd,10%
FK-9261,Customer_8261,Electronics,Sony Headphones,31208,1,28-05-25,returned,Chennai,19
FK-9262,Customer_8262,Shoes,Adidas Sliders,36243,1,13-03-26,Canceled,Hyderabad,6
FK-9263,Customer_8263,Clothing,Jeans,65505,1,28-12-25,Delivered,Kolkata,20
FK-9264,Customer_8264,Electronics,Dell Mouse,6104,2,05-05-25,Returned,BLR,22
FK-9265,Customer_8265,,Boat Airdopes,21418,1,04-10-25,Canceled,Kolkata,9
FK-9266,Customer_8266,Beauty,Nivea Lotion,39393,one,Jan 31 2026,Delivered,Kolkata,15%
FK-9266,Customer_8266,Beauty,Nivea Lotion,39393,one,Jan 31 2026,Delivered,Kolkata,15%
FK-9267,Customer_8267,Beauty,Nivea Lotion,20995,1,Apr 19 2025,Delivered,Mumbai,20
FK-9268,Customer_8268,Clothing,Saree,₹23116,1,15-04-25,Canceled,Hyd,
FK-9269,Customer_8269,Beauty,Nivea Lotion,59802,2,Apr 16 2025,returned,Hyd,17
FK-9270,Customer_8270,Shoes,Puma Sneakers,4053,-1,16-03-26,Canceled,,25
FK-9271,Customer_8271,Beauty,Maybelline Lipstick,33665,2,14-04-26,Pending,Chennai,12
FK-9272,Customer_8272,beauty,Nivea Lotion,Rs. 41994,1,14-08-25,delivered,Mumbai,11
FK-9273,Customer_8273,shoes,Adidas Sliders,48858,1,24-01-25,returned,Chennai,
FK-9274,Customer_8274,BOOKS,Python Crash Course,66659,1,31-01-25,delivered,Hyderabad,28
FK-9275,Customer_8275,Shoes,Puma Sneakers,30437,1,10-03-25,Delivered,Delhi,23
FK-9276,Customer_8276,Electronics,HP Pavilion Laptop,Rs. 35314,1,09-12-25,Shipped,Chennai,16
9277,Customer_8277,Clothing,Saree,61382,1,15-06-25,Returned,BLR,19
FK-9278,Customer_8278,Shoes,Puma Sneakers,20202,,06-12-25,delivered,Kolkata,15
FK-9279,Customer_8279,Beauty,Nivea Lotion,1062,1,29-12-25,Delivered,Gurgaon,27
9280,Customer_8280,Beauty,Nivea Lotion,₹62345,2,29-03-26,Shipped,Bengaluru,27
FK-9281,Customer_8281,Electronics,HP Pavilion Laptop,Rs. 1313,1,31-08-25,delivered,BLR,
9282,Customer_8282,BEAUTY,Nivea Lotion,35575,2,Apr 30 2025,Delivered,BLR,12
FK-9283,Customer_8283,Beauty,Nivea Lotion,Rs. 3321,1,23-12-25,returned,Delhi,NULL
FK-9284,Customer_8284,ELECTRONICS,Dell Mouse,₹55030,one,20-08-25,Shipped,Delhi,28
FK-9285,Customer_8285,Beauty,Nivea Lotion,31246,1,,Shipped,Chennai,3
FK-9286,Customer_8286,clothing,Women's Kurta,44825,1,Mar 01 2026,delivered,BLR,NULL
FK-9287,Customer_8287,Shoes,Nike Running Shoes,,3,Feb 17 2025,Delivered,,29
FK-9288,Customer_8288,Clothing,Women's Kurta,16182,999,22-11-25,returned,Hyd,24
FK-9289,Customer_8289,Clothing,Women's Kurta,20887,2,27-10-25,Shipped,Gurgaon,12
FK-9290,Customer_8290,clothing,Women's Kurta,46640,2,12-04-26,Pending,Bengaluru,18
FK-9291,Customer_8291,Books,Dune,Rs. 46360,1,20-09-25,Canceled,Chennai,15
FK-9292,Customer_8292,Books,Python Crash Course,Rs. 47451,1,24-05-25,Pending,Hyd,12
FK-9293,Customer_8293,,Samsung Galaxy M14,28887,1,23-01-26,Returned,Pune,N/A
FK-9294,Customer_8294,Beauty,Maybelline Lipstick,66802,1,24-05-25,returned,Pune,26
FK-9295,Customer_8295,Clothing,Jacket,58341,1,20-06-25,Returned,Hyd,29
FK-9296,Customer_8296,electronics,Dell Mouse,,1,06-02-26,Pending,,22
FK-9297,Customer_8297,Electronics,Sony Headphones,47185,3,31-03-25,delivered,Chennai,21
FK-9298,Customer_8298,Electronics,Samsung Galaxy M14,66764,1,26-12-25,Returned,Chennai,25
FK-9299,Customer_8299,Home & Kitchen,Pigeon Gas Stove,20245,1,08-01-25,delivered,Pune,NULL
FK-9300,Customer_8300,Clothing,Jacket,60130,3,03-01-26,Delivered,Delhi,19
FK-9301,Customer_8301,clothing,Jacket,22048,4,08-04-25,Shipped,Hyd,N/A
FK-9302,Customer_8302,Electronics,Sony Headphones,62307,1,02-01-26,Returned,Chennai,1
FK-9303,Customer_8303,Electronics,Samsung Galaxy M14,38169,1,24-03-25,Shipped,,0
FK-9304,,Beauty,Nivea Lotion,56151,1,10-10-25,Returned,Hyd,10
FK-9305,Customer_8305,Electronics,Samsung Galaxy M14,56624,2,06-04-26,Shipped,BLR,25
FK-9306,Customer_8306,Electronics,Dell Mouse,₹3318,1,04-02-25,returned,,3
FK-9307,Customer_8307,Clothing,Men's T-Shirt,69923,5,11-05-25,Shipped,Hyd,26
FK-9308,Customer_8308,Books,Atomic Habits,₹53778,5,01-10-25,delivered,Chennai,1%
FK-9309,Customer_8309,Electronics,Apple iPhone 15,62301,4,06-02-26,delivered,Hyderabad,20
FK-9310,Customer_8310,Home & Kitchen,Prestige Cooker,₹21581,1,23-05-25,Shipped,Pune,11
FK-9311,Customer_8311,Shoes,Adidas Sliders,73716,3,Mar 29 2025,Delivered,Bengaluru,8
FK-9311,Customer_8311,Shoes,Adidas Sliders,73716,3,Mar 29 2025,Delivered,Bengaluru,8
FK-9312,Customer_8312,Beauty,Lakme Eyeliner,59170,999,22-04-25,Delivered,Delhi,2
fk-9313,Customer_8313,Shoes,Nike Running Shoes,65073,1,02-05-26,returned,BLR,4
FK-9314,Customer_8314,Beauty,Lakme Eyeliner,35344,1,23-04-26,delivered,Hyd,28%
FK-9315,Customer_8315,Electronics,Sony Headphones,₹2018,2,07-01-26,Delivered,Kolkata,9
FK-9316,Customer_8316,clothing,Saree,20712,two,03-10-25,Pending,Hyderabad,11
FK-9317,Customer_8317,Shoes,Puma Sneakers,10585,1,29-06-25,Pending,Chennai,18%
FK-9318,Customer_8318,Clothing,Men's T-Shirt,52454,2,29-01-25,Returned,Kolkata,15
FK-9319,Customer_8319,Beauty,Maybelline Lipstick,₹64564,3,20-01-26,Returned,Hyd,15
FK-9320,Customer_8320,Shoes,Adidas Sliders,22538,4,27-03-25,delivered,,18%
FK-9321,Customer_8321,Beauty,Lakme Eyeliner,62505,3,12-09-25,Pending,Pune,NULL
FK-9322,Customer_8322,Home & Kitchen,Bajaj Iron,51075,one,,Delivered,,21%
FK-9323,Customer_8323,Clothing,Men's T-Shirt,₹62003,1,27-07-25,delivered,,3
FK-9324,Customer_8324,Books,Atomic Habits,,2,19-01-26,Shipped,Pune,12
FK-9325,Customer_8325,Clothing,Jeans,1576,1,25-03-26,Pending,Hyderabad,N/A
FK-9326,Customer_8326,home & kitchen,Milton Thermos,₹62862,1,14-01-26,Returned,Kolkata,13
FK-9327,Customer_8327,Electronics,HP Pavilion Laptop,18692,3,16-05-26,delivered,Hyderabad,N/A
FK-9328,Customer_8328,Electronics,Dell Mouse,-64614,1,19-03-26,returned,Kolkata,15
FK-9329,Customer_8329,Electronics,Dell Mouse,3306,1,26-11-25,Delivered,BLR,17
FK-9330,Customer_8330,Home & Kitchen,Pigeon Gas Stove,1638,1,08-04-25,Canceled,Hyd,23
FK-9331,Customer_8331,Electronics,Samsung Galaxy M14,50591,4,12-07-25,Returned,Delhi,27
FK-9332,Customer_8332,Books,Atomic Habits,72648,1,06-11-25,Pending,Chennai,14
FK-9333,Customer_8333,Beauty,Lakme Eyeliner,₹56492,1,12-10-25,Delivered,Hyderabad,20
FK-9334,Customer_8334,Home & Kitchen,Milton Thermos,54409,1,16-04-26,Pending,Chennai,3
FK-9335,Customer_8335,,Dell Mouse,67091,3,23-02-25,Pending,,10
FK-9336,Customer_8336,Books,Atomic Habits,₹7720,2,08-12-25,Pending,Chennai,7
FK-9336,Customer_8336,Books,Atomic Habits,₹7720,2,08-12-25,Pending,Chennai,7
FK-9337,Customer_8337,Clothing,Saree,14577,1,24-02-26,Returned,Chennai,1
FK-9338,Customer_8338,Home & Kitchen,Milton Thermos,10803,-1,22-01-26,Shipped,Delhi,11
9339,Customer_8339,Home & Kitchen,Prestige Cooker,51068,1,09-11-25,Pending,Kolkata,18%
FK-9340,Customer_8340,Beauty,Maybelline Lipstick,-36129,1,15-09-25,Canceled,Chennai,23
FK-9341,Customer_8341,Electronics,Boat Airdopes,Rs. 7695,1,07-07-25,returned,,11
FK-9342,Customer_8342,Books,Python Crash Course,50680,1,07-07-25,Pending,Hyd,28
FK-9343,Customer_8343,Electronics,Apple iPhone 15,31251,,06-09-25,Pending,Kolkata,4
FK-9344,Customer_8344,Clothing,Men's T-Shirt,19150,2,08-09-25,Pending,Chennai,6
fk-9345,Customer_8345,Books,Python Crash Course,Rs. 57122,2,24-11-25,Canceled,,20
FK-9346,Customer_8346,shoes,Nike Running Shoes,-41236,2,28-01-26,Pending,BLR,12
FK-9347,Customer_8347,Beauty,Maybelline Lipstick,,3,19-05-25,Shipped,Mumbai,17
FK-9348,,Home & Kitchen,Bajaj Iron,39341,2,16-03-25,delivered,Bengaluru,NULL
fk-9349,Customer_8349,Clothing,Men's T-Shirt,-27573,1,Nov 27 2025,Delivered,BLR,N/A
FK-9350,Customer_8350,,HP Pavilion Laptop,54763,1,20-06-25,Returned,Delhi,2
FK-9351,Customer_8351,HOME & KITCHEN,Milton Thermos,₹43542,3,20-04-25,Shipped,,10
FK-9352,Customer_8352,Beauty,Lakme Eyeliner,₹13571,2,10-01-26,Delivered,Bengaluru,14%
FK-9353,,Books,Rich Dad Poor Dad,₹50061,2,27-02-26,Shipped,BLR,19
FK-9354,Customer_8354,Shoes,Puma Sneakers,70099,1,Jun 09 2025,Delivered,Mumbai,30
FK-9355,Customer_8355,Shoes,Adidas Sliders,25685,1,12-03-26,Pending,BLR,7
FK-9356,Customer_8356,Electronics,Sony Headphones,3445,2,03-06-25,returned,,9
fk-9357,Customer_8357,Home & Kitchen,Milton Thermos,15354,,16-02-26,Returned,,6
FK-9358,,Electronics,HP Pavilion Laptop,₹59054,1,24-02-25,Canceled,,29%
FK-9359,Customer_8359,Electronics,Apple iPhone 15,13391,2,14-02-26,Canceled,Pune,30%
FK-9360,Customer_8360,Books,Python Crash Course,70559,1,30-04-26,Returned,Kolkata,27
FK-9361,Customer_8361,Shoes,Nike Running Shoes,57280,1,25-07-25,Canceled,,17
FK-9362,Customer_8362,,Apple iPhone 15,40502,1,12-12-25,Canceled,Pune,11
FK-9363,Customer_8363,Beauty,Maybelline Lipstick,Rs. 74545,1,21-05-25,Shipped,Chennai,24%
FK-9364,Customer_8364,Beauty,Maybelline Lipstick,₹55794,1,20-04-26,Returned,Kolkata,N/A
FK-9365,Customer_8365,Books,Rich Dad Poor Dad,21755,1,20-05-25,delivered,BLR,22
FK-9366,Customer_8366,Beauty,Nivea Lotion,63825,4,Jan 24 2025,returned,Pune,22
FK-9367,Customer_8367,Shoes,Adidas Sliders,53472,1,08-11-25,returned,Bengaluru,0
FK-9368,Customer_8368,Clothing,Women's Kurta,₹41594,1,07-05-26,Shipped,Gurgaon,7
FK-9369,Customer_8369,Electronics,Sony Headphones,8471,1,13-07-25,Canceled,Kolkata,NULL
FK-9370,Customer_8370,Home & Kitchen,Milton Thermos,56298,999,27-02-26,Returned,Bengaluru,18
FK-9371,,Electronics,Dell Mouse,-33297,1,,Shipped,Gurgaon,8%
FK-9372,Customer_8372,Home & Kitchen,Prestige Cooker,,two,May 06 2025,Pending,Delhi,25
FK-9373,Customer_8373,Shoes,Puma Sneakers,₹51117,2,30-06-25,Shipped,Gurgaon,NULL
FK-9374,Customer_8374,Books,Dune,57673,2,27-11-25,Canceled,Mumbai,5
FK-9375,Customer_8375,Books,Python Crash Course,25259,2,14-05-25,delivered,Chennai,13
FK-9376,Customer_8376,BOOKS,Rich Dad Poor Dad,,1,20-07-25,Canceled,BLR,10%
FK-9377,Customer_8377,Home & Kitchen,Milton Thermos,60181,,19-04-26,Pending,Mumbai,NULL
FK-9378,Customer_8378,Home & Kitchen,Bajaj Iron,46314,2,16-02-25,Pending,Hyd,N/A
FK-9379,Customer_8379,Beauty,Lakme Eyeliner,,1,28-03-26,returned,Mumbai,6
FK-9380,Customer_8380,Beauty,Lakme Eyeliner,Rs. 65983,1,02-01-26,Pending,Gurgaon,29
FK-9381,Customer_8381,Beauty,Nivea Lotion,10224,1,27-07-25,delivered,Bengaluru,23
FK-9382,Customer_8382,Books,Python Crash Course,Rs. 18065,2,15-11-25,Returned,Delhi,1
FK-9383,Customer_8383,Beauty,Maybelline Lipstick,22495,1,28-12-25,Canceled,Hyderabad,28
FK-9384,Customer_8384,,Samsung Galaxy M14,29033,2,Apr 27 2025,Pending,Pune,22
FK-9385,Customer_8385,Clothing,Men's T-Shirt,16000,1,17-01-26,Canceled,Bengaluru,9
FK-9386,Customer_8386,Books,Python Crash Course,61749,1,Jun 21 2025,returned,Kolkata,NULL
FK-9387,,Books,Dune,-73420,2,16-01-25,delivered,Gurgaon,19
FK-9388,Customer_8388,Electronics,Boat Airdopes,51775,1,04-05-26,delivered,BLR,10
FK-9389,Customer_8389,Home & Kitchen,Bajaj Iron,1326,1,,delivered,Hyd,
fk-9390,Customer_8390,books,Python Crash Course,57870,2,,Shipped,Mumbai,7
FK-9391,Customer_8391,Home & Kitchen,Milton Thermos,14149,1,Jul 12 2025,Delivered,Gurgaon,0
FK-9392,Customer_8392,Beauty,Maybelline Lipstick,61174,1,28-06-25,Returned,Hyd,17
FK-9393,Customer_8393,Home & Kitchen,Pigeon Gas Stove,₹29563,2,04-01-25,Canceled,Bengaluru,13
FK-9394,Customer_8394,Beauty,Lakme Eyeliner,3641,1,12-03-26,returned,Pune,5
FK-9395,Customer_8395,Home & Kitchen,Bajaj Iron,Rs. 45884,2,19-07-25,Canceled,,7
fk-9396,Customer_8396,Shoes,Puma Sneakers,Rs. 32765,1,24-02-26,Pending,Kolkata,12
FK-9397,Customer_8397,clothing,Women's Kurta,65851,2,05-08-25,Returned,BLR,13
FK-9397,Customer_8397,clothing,Women's Kurta,65851,2,05-08-25,Returned,BLR,13
FK-9398,Customer_8398,electronics,Boat Airdopes,45557,1,20-03-26,Canceled,Kolkata,11
fk-9399,Customer_8399,Beauty,Nivea Lotion,Rs. 56116,2,08-02-25,Returned,Kolkata,26
FK-9400,Customer_8400,Electronics,Apple iPhone 15,62742,,29-11-25,Shipped,,14
FK-9401,Customer_8401,Clothing,Jacket,26396,1,Jun 21 2025,delivered,Pune,6
FK-9402,Customer_8402,Beauty,Nivea Lotion,43137,2,09-04-25,Canceled,Hyd,20
FK-9403,Customer_8403,Electronics,Boat Airdopes,35928,1,06-07-25,Returned,Mumbai,22
FK-9404,Customer_8404,Clothing,Women's Kurta,1338,4,02-11-25,Canceled,,19
FK-9405,Customer_8405,Beauty,Nivea Lotion,Rs. 42685,2,20-03-26,Shipped,Mumbai,25
fk-9406,Customer_8406,Home & Kitchen,Prestige Cooker,-19421,2,15-02-25,Canceled,Gurgaon,25
9407,Customer_8407,Books,Rich Dad Poor Dad,-29610,2,26-11-25,Pending,Kolkata,NULL
FK-9408,Customer_8408,,Sony Headphones,24075,2,28-11-25,Shipped,Hyd,18
FK-9409,Customer_8409,Beauty,Nivea Lotion,-18332,1,11-05-26,Shipped,Pune,
FK-9410,Customer_8410,Books,Python Crash Course,-5781,2,,Returned,Hyderabad,6
FK-9411,Customer_8411,Books,Rich Dad Poor Dad,19034,2,29-01-26,Pending,Bengaluru,26
FK-9412,Customer_8412,shoes,Adidas Sliders,-21282,3,03-04-26,Canceled,BLR,3
FK-9413,Customer_8413,Beauty,Lakme Eyeliner,40224,2,27-02-25,delivered,BLR,N/A
FK-9414,Customer_8414,Home & Kitchen,Bajaj Iron,₹38979,1,21-01-25,returned,BLR,11
FK-9415,Customer_8415,Clothing,Saree,31197,1,03-03-26,Delivered,Hyd,N/A
FK-9416,Customer_8416,Clothing,Men's T-Shirt,62953,1,03-03-26,Shipped,BLR,24%
FK-9417,Customer_8417,Home & Kitchen,Pigeon Gas Stove,Rs. 44446,1,23-12-25,Delivered,Bengaluru,12
fk-9418,Customer_8418,shoes,Nike Running Shoes,Rs. 7335,1,22-09-25,Shipped,,11
FK-9419,Customer_8419,Shoes,Adidas Sliders,,2,01-01-26,Canceled,Mumbai,NULL
FK-9420,Customer_8420,Shoes,Nike Running Shoes,30958,2,May 03 2025,Returned,Hyderabad,N/A
FK-9421,Customer_8421,Clothing,Men's T-Shirt,Rs. 67949,1,Jul 07 2025,Delivered,Hyd,4
FK-9422,Customer_8422,Electronics,Sony Headphones,19078,2,09-11-25,Delivered,Kolkata,19
FK-9423,Customer_8423,Beauty,Lakme Eyeliner,66340,1,22-04-26,Pending,BLR,18
FK-9424,Customer_8424,Clothing,Jacket,27215,1,21-01-25,returned,BLR,7
9425,Customer_8425,Books,Python Crash Course,₹44495,1,02-10-25,Returned,Hyderabad,17
FK-9426,Customer_8426,Beauty,Lakme Eyeliner,47682,,01-03-26,Shipped,Pune,24
FK-9427,Customer_8427,Electronics,Samsung Galaxy M14,Rs. 66731,2,16-06-25,returned,Pune,3
FK-9428,Customer_8428,HOME & KITCHEN,Bajaj Iron,38714,1,Mar 22 2025,Shipped,Mumbai,2
FK-9429,Customer_8429,Beauty,Lakme Eyeliner,47976,1,May 20 2025,returned,BLR,6
FK-9430,Customer_8430,CLOTHING,Jacket,₹74002,5,10-03-25,Canceled,Delhi,17
FK-9431,,Shoes,Adidas Sliders,14244,1,27-04-25,Delivered,Bengaluru,12
FK-9432,Customer_8432,Beauty,Lakme Eyeliner,49049,1,16-09-25,Shipped,Hyderabad,2
FK-9433,Customer_8433,Books,Atomic Habits,₹65900,1,Dec 21 2025,Delivered,Delhi,25
FK-9434,,shoes,Adidas Sliders,,3,01-03-25,Returned,Hyd,22
FK-9435,Customer_8435,Shoes,Puma Sneakers,-50477,1,24-11-25,Shipped,Chennai,30
FK-9436,,Home & Kitchen,Bajaj Iron,2816,1,06-08-25,Shipped,,11
FK-9437,Customer_8437,,Dell Mouse,17532,1,09-05-26,Delivered,Bengaluru,20%
FK-9438,Customer_8438,Electronics,Samsung Galaxy M14,35875,1,21-08-25,Pending,Chennai,22
FK-9439,Customer_8439,Beauty,Nivea Lotion,₹19797,3,30-08-25,Canceled,Hyd,N/A
FK-9440,Customer_8440,Beauty,Maybelline Lipstick,51812,2,11-05-25,Pending,,28
FK-9441,Customer_8441,Shoes,Nike Running Shoes,40478,5,Mar 18 2025,Delivered,Delhi,NULL
FK-9442,Customer_8442,SHOES,Puma Sneakers,22180,1,26-03-26,delivered,Delhi,6
FK-9443,,Books,Rich Dad Poor Dad,3271,1,29-03-25,Pending,Hyd,13
FK-9444,Customer_8444,Beauty,Maybelline Lipstick,Rs. 9627,1,20-09-25,Delivered,Hyderabad,15
FK-9445,Customer_8445,Clothing,Jacket,26094,999,07-03-26,Returned,Pune,20
fk-9446,,Beauty,Maybelline Lipstick,₹40644,1,21-07-25,returned,Delhi,19
FK-9447,Customer_8447,Electronics,Sony Headphones,-18884,3,13-07-25,Shipped,Bengaluru,18
FK-9448,Customer_8448,Home & Kitchen,Prestige Cooker,24453,1,20-04-26,Delivered,Bengaluru,5%
FK-9449,Customer_8449,Beauty,Lakme Eyeliner,22950,999,15-09-25,Returned,Delhi,21
FK-9450,Customer_8450,HOME & KITCHEN,Bajaj Iron,5179,1,28-03-26,Returned,Mumbai,11
FK-9451,Customer_8451,Home & Kitchen,Milton Thermos,₹63175,1,17-02-25,Returned,Kolkata,1
FK-9452,,Clothing,Jacket,5746,2,22-02-26,returned,Kolkata,7
FK-9453,Customer_8453,Beauty,Lakme Eyeliner,63526,1,08-02-26,Delivered,Gurgaon,16
FK-9454,Customer_8454,Books,Rich Dad Poor Dad,47380,1,11-11-25,Shipped,Pune,4%
FK-9455,Customer_8455,,HP Pavilion Laptop,38765,1,05-03-26,delivered,Delhi,29
FK-9456,,Shoes,Nike Running Shoes,34696,1,06-06-25,Pending,Hyderabad,19
FK-9457,Customer_8457,Electronics,Sony Headphones,47457,4,Feb 01 2026,returned,Delhi,1
FK-9458,Customer_8458,Beauty,Lakme Eyeliner,42387,1,19-07-25,Returned,Pune,23
FK-9459,Customer_8459,Clothing,Women's Kurta,-51019,1,13-04-26,Delivered,Chennai,29
fk-9460,Customer_8460,Shoes,Puma Sneakers,₹51912,2,28-02-25,Delivered,Pune,
FK-9461,Customer_8461,Books,Atomic Habits,Rs. 30185,3,15-03-25,Canceled,,18
FK-9462,,Electronics,Sony Headphones,33485,4,28-01-25,delivered,BLR,14
FK-9463,Customer_8463,Home & Kitchen,Bajaj Iron,7970,1,06-12-25,Pending,Delhi,12
FK-9464,Customer_8464,Books,Python Crash Course,63022,2,24-04-26,Shipped,Gurgaon,14%
9465,Customer_8465,Books,Python Crash Course,32581,1,21-04-25,delivered,Bengaluru,1
FK-9466,Customer_8466,Books,Rich Dad Poor Dad,66069,-1,28-04-26,Delivered,Hyderabad,12
FK-9467,,,Samsung Galaxy M14,-18366,1,04-09-25,Canceled,Delhi,N/A
FK-9468,Customer_8468,Beauty,Maybelline Lipstick,71225,1,24-01-25,returned,BLR,
fk-9469,Customer_8469,Home & Kitchen,Prestige Cooker,43791,2,27-03-25,delivered,Mumbai,18
FK-9470,,BOOKS,Rich Dad Poor Dad,12049,4,24-03-25,Pending,Mumbai,30
FK-9471,Customer_8471,Beauty,Nivea Lotion,34837,1,16-09-25,Canceled,Kolkata,12
FK-9472,Customer_8472,Books,Rich Dad Poor Dad,19281,1,Dec 29 2025,Returned,Hyderabad,18
9473,,books,Dune,55634,4,10-07-25,delivered,Bengaluru,8
FK-9474,Customer_8474,CLOTHING,Jacket,8993,4,10-09-25,Canceled,Chennai,3
FK-9475,Customer_8475,beauty,Nivea Lotion,21498,one,23-02-26,Shipped,Mumbai,23
FK-9476,Customer_8476,Clothing,Women's Kurta,50991,1,09-02-26,Shipped,Hyd,13
FK-9477,Customer_8477,Home & Kitchen,Bajaj Iron,59512,3,25-01-25,Canceled,Delhi,12
FK-9478,Customer_8478,shoes,Nike Running Shoes,-42732,1,05-12-25,delivered,Chennai,12
FK-9479,Customer_8479,Clothing,Saree,68146,1,13-05-25,Shipped,Hyderabad,24
FK-9480,Customer_8480,Home & Kitchen,Bajaj Iron,-45746,2,25-05-25,Delivered,Gurgaon,13
9481,Customer_8481,Electronics,Sony Headphones,₹45853,1,21-05-25,Shipped,Hyderabad,15
FK-9482,Customer_8482,Beauty,Nivea Lotion,25070,1,16-05-25,Shipped,Delhi,8
FK-9483,Customer_8483,Clothing,Saree,67404,1,03-02-25,delivered,Gurgaon,0
FK-9484,Customer_8484,Shoes,Puma Sneakers,24668,1,07-11-25,Delivered,Bengaluru,23
fk-9485,Customer_8485,Clothing,Jacket,50787,2,18-03-25,Returned,Hyderabad,29
FK-9486,Customer_8486,Beauty,Nivea Lotion,42558,1,06-09-25,Returned,Hyderabad,25
FK-9487,Customer_8487,Beauty,Lakme Eyeliner,63656,1,20-03-26,returned,Chennai,7
FK-9488,Customer_8488,Home & Kitchen,Bajaj Iron,65505,1,29-04-26,Pending,Bengaluru,17
FK-9489,Customer_8489,books,Atomic Habits,11918,1,18-01-25,Pending,Mumbai,12
FK-9490,Customer_8490,Shoes,Puma Sneakers,Rs. 68863,1,10-11-25,Pending,Bengaluru,20
FK-9491,Customer_8491,Electronics,Dell Mouse,60306,1,06-05-25,Delivered,,
FK-9492,Customer_8492,Electronics,Apple iPhone 15,51067,1,27-05-25,Returned,Mumbai,11%
9493,Customer_8493,Shoes,Nike Running Shoes,34354,2,15-02-25,Shipped,Bengaluru,4
9494,Customer_8494,Books,Dune,58353,1,23-07-25,Shipped,Delhi,14
FK-9495,Customer_8495,shoes,Puma Sneakers,26815,2,Apr 10 2025,returned,Hyderabad,8%
FK-9496,Customer_8496,Shoes,Nike Running Shoes,₹54568,1,15-08-25,Returned,,10
FK-9497,Customer_8497,Books,Atomic Habits,52942,3,Jul 29 2025,Shipped,Kolkata,3
FK-9498,Customer_8498,Home & Kitchen,Pigeon Gas Stove,26240,1,19-07-25,Delivered,Mumbai,NULL
FK-9499,Customer_8499,Electronics,Apple iPhone 15,73147,1,14-07-25,delivered,BLR,6
FK-9500,Customer_8500,Books,Atomic Habits,42364,1,08-05-26,Delivered,Hyderabad,
FK-9501,Customer_8501,Electronics,Boat Airdopes,35443,2,12-04-26,Shipped,Hyd,21
FK-9502,Customer_8502,electronics,Samsung Galaxy M14,19845,5,20-03-25,returned,Mumbai,NULL
FK-9503,Customer_8503,Shoes,Puma Sneakers,36367,2,20-11-25,Pending,Pune,5
FK-9504,Customer_8504,Beauty,Lakme Eyeliner,₹43637,4,26-04-25,delivered,Mumbai,15
FK-9505,Customer_8505,Beauty,Nivea Lotion,₹23940,5,10-01-25,Returned,Chennai,
FK-9506,Customer_8506,Books,Rich Dad Poor Dad,24815,2,28-09-25,Canceled,Bengaluru,14
FK-9507,Customer_8507,Clothing,Men's T-Shirt,Rs. 41500,2,,Canceled,,10
FK-9508,Customer_8508,electronics,Boat Airdopes,Rs. 12611,1,28-02-25,Pending,Mumbai,12
FK-9509,Customer_8509,Electronics,Sony Headphones,Rs. 20987,1,04-04-26,Canceled,Kolkata,1
FK-9510,Customer_8510,shoes,Puma Sneakers,9440,-1,23-05-25,Shipped,Hyd,16
FK-9511,Customer_8511,Electronics,Boat Airdopes,-62609,1,07-03-26,Delivered,Hyd,8
FK-9512,Customer_8512,Books,Atomic Habits,20189,4,17-01-25,Returned,BLR,8
FK-9513,Customer_8513,Clothing,Jacket,8120,1,04-01-25,Pending,Bengaluru,4
FK-9514,,Clothing,Jeans,42945,1,18-10-25,returned,,27
FK-9515,Customer_8515,Electronics,Sony Headphones,5245,3,11-08-25,Shipped,Chennai,13
9516,Customer_8516,shoes,Puma Sneakers,22393,1,Aug 07 2025,Returned,Kolkata,11%
FK-9517,Customer_8517,home & kitchen,Prestige Cooker,8177,2,08-01-26,Pending,Pune,16
FK-9518,Customer_8518,Electronics,Sony Headphones,Rs. 49431,3,12-04-25,Delivered,Delhi,N/A
FK-9518,Customer_8518,Electronics,Sony Headphones,Rs. 49431,3,12-04-25,Delivered,Delhi,N/A
FK-9519,Customer_8519,Electronics,Boat Airdopes,37106,1,27-06-25,Pending,Delhi,25
FK-9520,Customer_8520,Home & Kitchen,Bajaj Iron,,2,21-11-25,returned,Delhi,12
FK-9521,Customer_8521,Shoes,Nike Running Shoes,14162,1,25-11-25,delivered,Pune,
FK-9522,Customer_8522,Beauty,Maybelline Lipstick,Rs. 13038,2,Feb 25 2025,Delivered,Gurgaon,16
FK-9523,Customer_8523,Clothing,Saree,44652,1,14-03-25,Pending,Chennai,26
FK-9524,,Clothing,Women's Kurta,14284,one,20-12-25,Shipped,,12%
FK-9525,Customer_8525,Electronics,Samsung Galaxy M14,34233,1,16-01-25,delivered,Mumbai,22%
fk-9526,Customer_8526,Shoes,Nike Running Shoes,54166,4,10-01-25,Shipped,Gurgaon,16
FK-9527,Customer_8527,Home & Kitchen,Prestige Cooker,1819,1,03-04-25,Delivered,Chennai,25
FK-9528,Customer_8528,Home & Kitchen,Bajaj Iron,Rs. 73981,1,10-12-25,Canceled,Kolkata,17
FK-9529,Customer_8529,Electronics,Apple iPhone 15,36246,1,06-02-26,Returned,Pune,NULL
FK-9530,Customer_8530,ELECTRONICS,Samsung Galaxy M14,Rs. 4892,1,14-11-25,Canceled,BLR,7
FK-9531,Customer_8531,Beauty,Nivea Lotion,12364,1,Jan 08 2026,Shipped,Pune,20
FK-9532,Customer_8532,,Sony Headphones,,3,27-08-25,Shipped,Hyderabad,21
FK-9533,Customer_8533,Shoes,Adidas Sliders,5529,one,11-12-25,Canceled,Bengaluru,N/A
FK-9534,Customer_8534,Home & Kitchen,Prestige Cooker,9714,3,01-03-26,delivered,Mumbai,3
FK-9535,Customer_8535,,HP Pavilion Laptop,34132,1,01-03-25,Shipped,Kolkata,10
FK-9536,Customer_8536,beauty,Maybelline Lipstick,34470,1,May 09 2025,Canceled,Chennai,10
FK-9537,Customer_8537,Beauty,Nivea Lotion,Rs. 40666,1,22-04-26,delivered,Gurgaon,12
FK-9538,,Clothing,Men's T-Shirt,-14925,2,Jul 14 2025,Delivered,Pune,8
FK-9539,Customer_8539,ELECTRONICS,Samsung Galaxy M14,27782,1,Sep 16 2025,returned,Delhi,8
fk-9540,Customer_8540,Beauty,Lakme Eyeliner,1146,3,10-09-25,Shipped,Bengaluru,20
9541,Customer_8541,Home & Kitchen,Milton Thermos,8791,3,11-04-26,Canceled,Mumbai,5
FK-9542,Customer_8542,Beauty,Maybelline Lipstick,6238,1,08-01-26,delivered,Chennai,N/A
FK-9543,Customer_8543,Home & Kitchen,Milton Thermos,42191,1,10-06-25,Canceled,Hyd,9
FK-9544,Customer_8544,Home & Kitchen,Pigeon Gas Stove,50904,3,16-10-25,Pending,Mumbai,NULL
9545,Customer_8545,Shoes,Nike Running Shoes,47565,1,27-06-25,Pending,Chennai,20
FK-9546,Customer_8546,Shoes,Adidas Sliders,Rs. 16520,1,09-03-25,Pending,Pune,5
FK-9547,Customer_8547,Electronics,Apple iPhone 15,74158,,17-02-26,Pending,Chennai,NULL
FK-9548,Customer_8548,Electronics,Apple iPhone 15,9595,,10-04-25,Canceled,Gurgaon,5
9549,Customer_8549,Clothing,Jacket,-37089,1,22-11-25,Pending,Bengaluru,16
fk-9550,Customer_8550,BOOKS,Python Crash Course,-41966,1,22-07-25,Pending,Pune,14
FK-9551,Customer_8551,Electronics,Samsung Galaxy M14,Rs. 71303,2,07-02-25,Pending,,17
FK-9552,Customer_8552,,Sony Headphones,,1,08-06-25,returned,Delhi,1
FK-9553,Customer_8553,BOOKS,Rich Dad Poor Dad,₹43624,3,Jan 18 2025,returned,Pune,23
FK-9554,Customer_8554,Beauty,Nivea Lotion,13147,,Jan 02 2026,Pending,BLR,27
FK-9555,Customer_8555,Clothing,Jacket,5078,2,03-11-25,Shipped,Mumbai,
FK-9556,Customer_8556,Electronics,HP Pavilion Laptop,46708,1,05-12-25,Shipped,Kolkata,19
FK-9557,Customer_8557,Home & Kitchen,Bajaj Iron,67912,2,19-11-25,Delivered,Delhi,N/A
FK-9558,Customer_8558,Electronics,Dell Mouse,Rs. 46867,1,20-09-25,Shipped,Kolkata,28
FK-9559,Customer_8559,Shoes,Nike Running Shoes,₹58463,1,,Returned,BLR,14
9560,Customer_8560,HOME & KITCHEN,Bajaj Iron,17588,1,14-01-25,Canceled,Mumbai,28
FK-9561,Customer_8561,Shoes,Nike Running Shoes,9747,1,07-11-25,Returned,Kolkata,20
FK-9562,Customer_8562,Books,Python Crash Course,54203,1,24-03-26,Pending,Hyderabad,24%
fk-9563,Customer_8563,Books,Rich Dad Poor Dad,,5,21-03-26,Canceled,BLR,2
FK-9564,Customer_8564,BOOKS,Atomic Habits,₹35273,1,23-03-25,returned,Delhi,27
FK-9565,,Books,Atomic Habits,56775,1,06-09-25,delivered,,29
FK-9566,Customer_8566,Beauty,Lakme Eyeliner,14482,2,14-03-25,Delivered,Chennai,6
FK-9567,Customer_8567,Books,Atomic Habits,63351,1,Feb 18 2026,delivered,Gurgaon,17
FK-9568,Customer_8568,Clothing,Saree,Rs. 71962,1,28-10-25,Delivered,Hyd,N/A
FK-9569,Customer_8569,Clothing,Jacket,61522,2,12-12-25,Delivered,Chennai,3
FK-9570,Customer_8570,Home & Kitchen,Prestige Cooker,13408,3,25-06-25,Canceled,Bengaluru,7
FK-9571,Customer_8571,Shoes,Puma Sneakers,23882,1,25-11-25,Pending,Chennai,22
FK-9572,Customer_8572,beauty,Maybelline Lipstick,-13379,1,25-04-26,Delivered,Kolkata,4
FK-9573,Customer_8573,shoes,Puma Sneakers,74546,one,05-01-25,Returned,Kolkata,14
FK-9574,Customer_8574,Clothing,Jeans,10609,2,17-12-25,Delivered,Delhi,26
FK-9575,Customer_8575,Home & Kitchen,Pigeon Gas Stove,50342,two,26-02-26,Returned,Hyderabad,18
FK-9576,Customer_8576,Electronics,Sony Headphones,21741,1,19-03-26,Delivered,BLR,7
FK-9577,Customer_8577,Beauty,Maybelline Lipstick,36673,1,22-07-25,returned,Pune,16
FK-9578,Customer_8578,Books,Rich Dad Poor Dad,₹43224,two,26-11-25,delivered,Mumbai,23
FK-9579,,CLOTHING,Men's T-Shirt,33219,2,03-04-26,Returned,BLR,30
FK-9580,Customer_8580,Shoes,Adidas Sliders,7316,1,17-06-25,Canceled,Chennai,16%
FK-9581,Customer_8581,Beauty,Lakme Eyeliner,71444,2,Nov 21 2025,Returned,,NULL
FK-9582,,Beauty,Lakme Eyeliner,₹72917,1,07-11-25,Returned,Bengaluru,20
FK-9583,Customer_8583,,Sony Headphones,46367,3,26-03-26,Pending,Gurgaon,25%
FK-9584,Customer_8584,shoes,Puma Sneakers,36134,3,15-12-25,Shipped,Delhi,11
9585,Customer_8585,Clothing,Jacket,18796,2,21-02-25,delivered,Mumbai,15
FK-9586,Customer_8586,Electronics,Samsung Galaxy M14,11499,1,11-04-25,Pending,Mumbai,5
FK-9587,Customer_8587,Home & Kitchen,Bajaj Iron,17851,3,02-12-25,Shipped,Kolkata,12
FK-9588,Customer_8588,Books,Rich Dad Poor Dad,43266,1,16-02-26,delivered,,20
FK-9589,Customer_8589,Home & Kitchen,Prestige Cooker,39101,1,19-04-26,returned,Kolkata,16
FK-9590,Customer_8590,Shoes,Puma Sneakers,73325,3,19-01-25,delivered,Kolkata,30%
FK-9591,Customer_8591,Clothing,Jacket,3762,1,24-12-25,Pending,Bengaluru,28%
FK-9592,Customer_8592,Shoes,Puma Sneakers,46744,3,15-01-26,Shipped,Mumbai,8%
fk-9593,Customer_8593,Electronics,Samsung Galaxy M14,₹43513,1,07-05-26,returned,Mumbai,21
FK-9594,Customer_8594,Books,Dune,₹69725,2,02-02-25,Returned,Bengaluru,16
FK-9595,Customer_8595,Clothing,Men's T-Shirt,11882,1,22-02-25,Delivered,Hyderabad,5
FK-9596,Customer_8596,Electronics,Boat Airdopes,8505,1,27-03-25,Delivered,Hyd,21
FK-9597,Customer_8597,BOOKS,Python Crash Course,41152,3,24-11-25,Shipped,Chennai,9
FK-9598,Customer_8598,Electronics,Sony Headphones,32275,1,16-02-25,Shipped,Delhi,30
FK-9599,Customer_8599,beauty,Nivea Lotion,42250,1,07-05-25,Delivered,Hyd,1
fk-9600,Customer_8600,Electronics,Boat Airdopes,26215,4,Apr 07 2026,Pending,Delhi,16
FK-9601,Customer_8601,Home & Kitchen,Milton Thermos,65253,3,25-01-25,Shipped,Pune,26
FK-9602,Customer_8602,Shoes,Adidas Sliders,44868,1,06-10-25,returned,Bengaluru,N/A
FK-9603,Customer_8603,Shoes,Adidas Sliders,,1,28-09-25,Returned,,10
FK-9604,Customer_8604,Books,Python Crash Course,-27932,1,20-03-26,returned,Hyd,21
FK-9605,Customer_8605,shoes,Nike Running Shoes,Rs. 60891,1,16-02-26,Returned,Pune,7
FK-9606,Customer_8606,Clothing,Saree,44783,2,Mar 13 2025,Pending,Hyd,19
FK-9607,Customer_8607,CLOTHING,Men's T-Shirt,45502,1,27-07-25,Pending,Delhi,13
fk-9608,Customer_8608,Clothing,Jacket,56517,2,30-04-25,delivered,Mumbai,N/A
FK-9609,Customer_8609,Shoes,Nike Running Shoes,4323,1,11-11-25,Returned,Chennai,13
FK-9610,Customer_8610,Books,Dune,49386,1,,delivered,Mumbai,
FK-9611,,Electronics,Dell Mouse,38336,1,19-08-25,returned,Mumbai,12
FK-9612,Customer_8612,Clothing,Jacket,42006,1,Jan 23 2026,Shipped,,NULL
FK-9613,Customer_8613,Home & Kitchen,Prestige Cooker,30443,one,23-11-25,Delivered,BLR,30
fk-9614,Customer_8614,home & kitchen,Milton Thermos,48410,1,05-05-26,returned,Pune,8
FK-9615,Customer_8615,Shoes,Puma Sneakers,56574,1,18-06-25,delivered,BLR,1
fk-9616,Customer_8616,Electronics,Apple iPhone 15,₹39946,1,10-02-25,Canceled,Kolkata,27
FK-9617,Customer_8617,Home & Kitchen,Milton Thermos,62288,1,Aug 14 2025,returned,Gurgaon,
FK-9618,Customer_8618,Home & Kitchen,Pigeon Gas Stove,73056,1,23-06-25,Pending,Kolkata,19
FK-9619,Customer_8619,Clothing,Jeans,45373,1,24-03-25,Pending,Gurgaon,5%
FK-9620,Customer_8620,Books,Python Crash Course,13229,2,05-01-25,delivered,Hyderabad,20
FK-9621,Customer_8621,home & kitchen,Pigeon Gas Stove,60741,2,08-03-26,delivered,Pune,21
FK-9622,Customer_8622,Books,Dune,₹69401,1,24-04-26,Canceled,,4%
FK-9623,Customer_8623,Books,Python Crash Course,65340,4,03-06-25,Canceled,Gurgaon,24%
FK-9624,Customer_8624,Beauty,Nivea Lotion,,1,19-08-25,Returned,Mumbai,
FK-9625,,Shoes,Nike Running Shoes,43089,2,,Delivered,Mumbai,N/A
FK-9626,Customer_8626,Clothing,Men's T-Shirt,46869,1,15-08-25,delivered,Delhi,25%
FK-9627,Customer_8627,,Dell Mouse,43298,1,29-06-25,delivered,Bengaluru,23
FK-9628,Customer_8628,Electronics,Boat Airdopes,66028,2,Jul 28 2025,Returned,Bengaluru,11
FK-9629,Customer_8629,Home & Kitchen,Pigeon Gas Stove,₹61474,1,06-04-26,delivered,Delhi,16
FK-9630,Customer_8630,Shoes,Nike Running Shoes,3152,1,21-03-25,delivered,Hyderabad,14
FK-9631,Customer_8631,Shoes,Nike Running Shoes,Rs. 73027,1,15-12-25,Pending,Pune,26
FK-9632,Customer_8632,Clothing,Jeans,4118,4,03-02-26,returned,Bengaluru,28
FK-9633,Customer_8633,Home & Kitchen,Bajaj Iron,₹71614,4,14-01-26,Pending,Mumbai,3
FK-9634,Customer_8634,Books,Atomic Habits,26028,2,15-02-26,Delivered,Kolkata,23
FK-9635,Customer_8635,Shoes,Adidas Sliders,35176,1,29-05-25,Pending,Kolkata,12
9636,Customer_8636,Books,Rich Dad Poor Dad,23111,2,Jan 29 2026,Returned,Hyderabad,27
FK-9637,Customer_8637,Home & Kitchen,Pigeon Gas Stove,,1,15-07-25,Canceled,Delhi,24
FK-9638,Customer_8638,Home & Kitchen,Milton Thermos,58067,1,01-06-25,returned,BLR,N/A
FK-9639,Customer_8639,books,Python Crash Course,Rs. 25917,1,27-09-25,Delivered,Hyderabad,4
FK-9640,Customer_8640,Beauty,Lakme Eyeliner,60668,1,19-09-25,delivered,BLR,28
fk-9641,Customer_8641,home & kitchen,Pigeon Gas Stove,56480,1,06-10-25,Pending,Kolkata,14
FK-9642,Customer_8642,Books,Atomic Habits,51502,one,10-11-25,Pending,BLR,16
9643,Customer_8643,Books,Atomic Habits,561,999,04-03-26,Pending,Bengaluru,19
FK-9644,Customer_8644,Books,Atomic Habits,30156,1,Nov 06 2025,Shipped,Kolkata,9%
FK-9645,Customer_8645,Beauty,Nivea Lotion,18861,1,26-08-25,Delivered,Mumbai,18
FK-9646,Customer_8646,Home & Kitchen,Prestige Cooker,Rs. 63484,1,13-02-25,returned,Gurgaon,12%
FK-9647,Customer_8647,Clothing,Saree,₹43652,4,13-12-25,Shipped,Pune,26
FK-9648,Customer_8648,home & kitchen,Bajaj Iron,1072,1,15-07-25,Returned,Chennai,4
FK-9649,Customer_8649,Home & Kitchen,Bajaj Iron,Rs. 63073,1,28-11-25,Canceled,Hyd,5
FK-9650,Customer_8650,electronics,Samsung Galaxy M14,Rs. 11938,2,26-10-25,Pending,Chennai,26
FK-9651,Customer_8651,Home & Kitchen,Milton Thermos,37327,1,10-02-25,Delivered,Bengaluru,
FK-9652,Customer_8652,Electronics,Dell Mouse,56550,999,16-03-26,Returned,Gurgaon,26
FK-9653,Customer_8653,Electronics,Apple iPhone 15,66955,2,16-04-25,Pending,Chennai,13
FK-9654,,Clothing,Men's T-Shirt,₹433,one,15-07-25,returned,Mumbai,9
FK-9655,Customer_8655,Home & Kitchen,Prestige Cooker,49696,3,01-11-25,Delivered,Delhi,12
FK-9656,Customer_8656,Home & Kitchen,Prestige Cooker,₹50633,1,27-05-25,delivered,BLR,26
FK-9657,Customer_8657,Beauty,Maybelline Lipstick,72159,1,20-03-26,Pending,Pune,10
FK-9658,Customer_8658,Clothing,Men's T-Shirt,6156,1,07-04-25,Pending,Mumbai,20
FK-9659,Customer_8659,Electronics,Dell Mouse,-61301,1,19-08-25,Canceled,Bengaluru,20%
FK-9660,Customer_8660,Electronics,Apple iPhone 15,₹71928,2,14-07-25,Delivered,Kolkata,0
FK-9661,Customer_8661,Electronics,Sony Headphones,43279,1,,Returned,Mumbai,28
FK-9662,Customer_8662,Shoes,Adidas Sliders,13884,1,30-09-25,Returned,,8
FK-9663,Customer_8663,Shoes,Puma Sneakers,51137,2,31-03-26,returned,BLR,4
FK-9664,Customer_8664,Books,Python Crash Course,,1,26-01-25,Returned,Delhi,2
FK-9665,Customer_8665,Beauty,Lakme Eyeliner,₹15137,1,29-05-25,Shipped,Gurgaon,28
FK-9666,Customer_8666,Clothing,Saree,36337,2,16-02-26,Delivered,Hyd,17
FK-9667,Customer_8667,Shoes,Puma Sneakers,55359,2,01-09-25,Returned,Mumbai,N/A
FK-9668,Customer_8668,Clothing,Saree,2211,1,21-04-26,returned,Pune,
FK-9669,Customer_8669,Books,Rich Dad Poor Dad,39972,2,21-11-25,Canceled,,
FK-9670,Customer_8670,ELECTRONICS,Dell Mouse,31341,2,19-08-25,Returned,Pune,5
FK-9671,Customer_8671,Shoes,Adidas Sliders,33845,1,11-12-25,returned,Mumbai,5
FK-9672,Customer_8672,Beauty,Nivea Lotion,15284,1,10-02-26,Shipped,Mumbai,NULL
FK-9673,Customer_8673,Home & Kitchen,Milton Thermos,3695,2,Apr 13 2026,Delivered,Chennai,20
FK-9674,Customer_8674,,Sony Headphones,48157,1,Jul 02 2025,returned,Hyd,22
FK-9675,Customer_8675,Shoes,Nike Running Shoes,53046,4,22-01-26,Pending,Mumbai,24
FK-9676,Customer_8676,Shoes,Adidas Sliders,47654,4,03-05-25,Canceled,Bengaluru,NULL
FK-9677,Customer_8677,Electronics,Apple iPhone 15,3763,2,Jun 18 2025,Delivered,Gurgaon,17
FK-9678,Customer_8678,Books,Atomic Habits,Rs. 52873,3,14-04-25,Canceled,Gurgaon,0%
FK-9679,Customer_8679,Home & Kitchen,Bajaj Iron,,1,31-08-25,Canceled,Bengaluru,20
FK-9680,Customer_8680,Home & Kitchen,Milton Thermos,64499,1,19-05-25,Pending,Pune,15%
FK-9681,Customer_8681,home & kitchen,Bajaj Iron,₹8627,2,09-04-26,returned,Hyd,26%
FK-9682,Customer_8682,clothing,Jacket,65580,,05-02-25,returned,Delhi,18
FK-9683,Customer_8683,Clothing,Jacket,,1,15-02-26,Canceled,Hyderabad,11
FK-9684,Customer_8684,shoes,Nike Running Shoes,Rs. 52218,1,30-03-25,delivered,Bengaluru,2
FK-9685,Customer_8685,Electronics,Boat Airdopes,16707,2,29-12-25,Shipped,Chennai,10
FK-9686,Customer_8686,shoes,Puma Sneakers,34105,1,May 16 2026,delivered,Mumbai,8%
FK-9687,Customer_8687,clothing,Jeans,,3,17-04-26,delivered,Chennai,30
FK-9688,Customer_8688,Books,Python Crash Course,68797,999,03-01-25,returned,Kolkata,8
FK-9689,Customer_8689,Electronics,Apple iPhone 15,68187,3,17-06-25,Shipped,BLR,30
FK-9690,Customer_8690,electronics,Boat Airdopes,74454,3,23-11-25,Pending,Bengaluru,N/A
FK-9691,Customer_8691,HOME & KITCHEN,Bajaj Iron,₹69812,1,24-02-26,Canceled,Delhi,
FK-9692,Customer_8692,Books,Rich Dad Poor Dad,-61174,1,16-03-25,Canceled,Bengaluru,N/A
FK-9693,Customer_8693,electronics,Apple iPhone 15,36516,2,,Delivered,Mumbai,18
FK-9694,Customer_8694,Electronics,Samsung Galaxy M14,69802,1,28-02-25,returned,Delhi,3
FK-9695,Customer_8695,shoes,Adidas Sliders,-52593,2,20-01-26,Returned,Mumbai,25
FK-9696,Customer_8696,Beauty,Lakme Eyeliner,34202,1,19-12-25,Returned,Pune,18
FK-9697,Customer_8697,Shoes,Adidas Sliders,46964,1,02-05-26,Shipped,BLR,15
9698,Customer_8698,Books,Atomic Habits,18128,1,30-07-25,Shipped,Bengaluru,
FK-9699,Customer_8699,Home & Kitchen,Bajaj Iron,-43853,1,18-06-25,delivered,Gurgaon,14
FK-9700,Customer_8700,Shoes,Nike Running Shoes,3973,1,15-05-25,returned,Delhi,N/A
FK-9701,,Beauty,Lakme Eyeliner,Rs. 14716,3,11-01-25,delivered,Pune,3
FK-9702,Customer_8702,Electronics,Samsung Galaxy M14,Rs. 56143,1,25-03-25,Returned,Delhi,22%
FK-9703,Customer_8703,Beauty,Maybelline Lipstick,56180,1,23-08-25,returned,,19
FK-9704,Customer_8704,Electronics,Sony Headphones,₹57437,1,10-11-25,Shipped,Delhi,NULL
FK-9705,Customer_8705,books,Rich Dad Poor Dad,71505,1,01-04-25,Canceled,Delhi,24
FK-9706,Customer_8706,Home & Kitchen,Milton Thermos,44705,2,19-12-25,Pending,Hyderabad,
9707,Customer_8707,Books,Python Crash Course,₹64995,1,11-08-25,returned,Pune,2
FK-9708,Customer_8708,,HP Pavilion Laptop,,one,14-06-25,Canceled,BLR,15
FK-9709,Customer_8709,Clothing,Men's T-Shirt,Rs. 43941,3,23-04-26,Returned,Kolkata,20
FK-9710,Customer_8710,Clothing,Women's Kurta,Rs. 16941,1,06-01-26,Canceled,,N/A
FK-9711,Customer_8711,Books,Rich Dad Poor Dad,40283,two,24-05-25,Delivered,,
9712,Customer_8712,Beauty,Maybelline Lipstick,14557,1,23-10-25,returned,Hyderabad,1
FK-9713,Customer_8713,Clothing,Jeans,-11838,1,19-08-25,delivered,Mumbai,23
FK-9714,Customer_8714,Electronics,Apple iPhone 15,Rs. 15078,1,19-01-25,Canceled,,27%
FK-9715,Customer_8715,Electronics,Apple iPhone 15,41596,2,27-01-25,Returned,,
FK-9716,Customer_8716,Electronics,Samsung Galaxy M14,28548,2,26-11-25,Delivered,Delhi,8
FK-9717,Customer_8717,Beauty,Lakme Eyeliner,34190,,13-07-25,Returned,BLR,10
FK-9718,Customer_8718,Clothing,Jeans,₹3113,1,,Canceled,Bengaluru,23
FK-9719,Customer_8719,Home & Kitchen,Prestige Cooker,59905,1,22-02-25,Canceled,Gurgaon,25
FK-9720,,Electronics,HP Pavilion Laptop,34451,1,06-09-25,Pending,Hyderabad,6
FK-9721,Customer_8721,Beauty,Lakme Eyeliner,27249,1,01-01-26,Shipped,Kolkata,8
FK-9722,Customer_8722,Electronics,Dell Mouse,10747,1,20-04-26,Returned,Gurgaon,6
FK-9723,Customer_8723,Beauty,Maybelline Lipstick,71894,3,,Returned,Gurgaon,12
FK-9724,Customer_8724,Clothing,Women's Kurta,36594,1,26-07-25,Returned,Hyd,11
FK-9725,Customer_8725,Beauty,Nivea Lotion,13957,1,28-11-25,Shipped,Mumbai,21
FK-9726,Customer_8726,Electronics,Samsung Galaxy M14,16719,1,27-03-25,Shipped,,24
FK-9727,Customer_8727,Beauty,Maybelline Lipstick,66931,1,16-09-25,returned,Delhi,25
FK-9728,Customer_8728,Beauty,Maybelline Lipstick,58259,,13-01-26,Shipped,Hyderabad,8
fk-9729,Customer_8729,Books,Python Crash Course,2886,1,11-02-25,Delivered,Hyd,20
FK-9730,Customer_8730,Shoes,Puma Sneakers,2040,1,16-04-26,delivered,Hyderabad,24
FK-9731,Customer_8731,Books,Dune,6681,2,01-03-26,Returned,Pune,10%
FK-9732,Customer_8732,Clothing,Men's T-Shirt,67503,1,25-01-26,Shipped,Hyd,19
FK-9733,Customer_8733,Clothing,Women's Kurta,59688,5,13-09-25,Pending,Pune,23
FK-9734,Customer_8734,Shoes,Puma Sneakers,₹20444,one,30-06-25,Returned,BLR,8
FK-9735,Customer_8735,Clothing,Jeans,61777,1,24-10-25,delivered,,0%
FK-9736,Customer_8736,Shoes,Adidas Sliders,61390,1,19-01-25,Returned,Mumbai,NULL
FK-9737,Customer_8737,SHOES,Puma Sneakers,32054,5,01-09-25,Shipped,Gurgaon,13
FK-9738,Customer_8738,Beauty,Lakme Eyeliner,₹23384,1,01-09-25,Canceled,Pune,10
FK-9739,Customer_8739,Electronics,HP Pavilion Laptop,50983,3,15-08-25,returned,BLR,25
FK-9740,Customer_8740,Shoes,Puma Sneakers,74861,1,31-01-25,Shipped,Mumbai,27
FK-9741,Customer_8741,Clothing,Women's Kurta,44814,3,23-07-25,Shipped,Mumbai,2%
FK-9742,Customer_8742,Clothing,Women's Kurta,32585,1,09-07-25,delivered,Delhi,10
FK-9743,Customer_8743,Beauty,Lakme Eyeliner,Rs. 23253,1,22-04-26,Returned,Hyderabad,28
FK-9744,Customer_8744,Electronics,Boat Airdopes,27821,1,04-11-25,Pending,Bengaluru,18
FK-9745,Customer_8745,Home & Kitchen,Bajaj Iron,3251,4,15-04-25,Delivered,Chennai,10
FK-9746,Customer_8746,Shoes,Adidas Sliders,74505,1,14-08-25,Pending,Delhi,NULL
FK-9747,Customer_8747,Shoes,Adidas Sliders,₹44769,5,01-01-26,Returned,BLR,8
FK-9748,Customer_8748,Shoes,Adidas Sliders,26408,2,23-02-26,Returned,Hyderabad,3
FK-9749,Customer_8749,Beauty,Maybelline Lipstick,Rs. 54370,1,16-02-25,Shipped,Chennai,5
FK-9750,Customer_8750,Electronics,Apple iPhone 15,Rs. 24788,one,05-05-25,returned,Gurgaon,11
FK-9751,Customer_8751,Electronics,Samsung Galaxy M14,7116,4,20-05-25,Canceled,Hyderabad,10
FK-9752,Customer_8752,SHOES,Puma Sneakers,40187,2,23-07-25,returned,Gurgaon,18
FK-9753,Customer_8753,,Dell Mouse,₹15981,4,16-04-25,Canceled,Bengaluru,19
FK-9754,,Clothing,Men's T-Shirt,66580,2,03-03-25,Shipped,Pune,9%
FK-9755,Customer_8755,shoes,Puma Sneakers,53126,,07-12-25,returned,Delhi,30
FK-9756,Customer_8756,Beauty,Nivea Lotion,52631,3,11-04-26,Delivered,,5
FK-9757,Customer_8757,Beauty,Nivea Lotion,6605,1,09-11-25,Pending,Gurgaon,12
FK-9758,Customer_8758,Home & Kitchen,Bajaj Iron,Rs. 4090,1,20-02-25,Shipped,Mumbai,19
FK-9759,Customer_8759,Beauty,Lakme Eyeliner,Rs. 10980,1,Jul 17 2025,Returned,Kolkata,7
FK-9760,Customer_8760,clothing,Saree,11347,2,01-09-25,returned,Mumbai,2
FK-9761,Customer_8761,Books,Rich Dad Poor Dad,Rs. 45101,two,26-01-25,returned,Delhi,10
FK-9762,Customer_8762,Books,Atomic Habits,50678,1,15-07-25,Canceled,Delhi,18
FK-9763,,Home & Kitchen,Milton Thermos,-46397,1,13-11-25,Canceled,Bengaluru,29
FK-9764,Customer_8764,Electronics,Samsung Galaxy M14,Rs. 66691,4,26-01-25,Shipped,,16
FK-9765,Customer_8765,Shoes,Puma Sneakers,45948,1,04-03-25,Returned,Chennai,13
FK-9766,Customer_8766,Books,Rich Dad Poor Dad,,1,12-05-25,Delivered,Hyd,N/A
FK-9767,Customer_8767,CLOTHING,Saree,-72796,1,03-04-26,Returned,BLR,3
FK-9768,Customer_8768,,Apple iPhone 15,₹3727,1,27-08-25,Delivered,Delhi,16
FK-9769,Customer_8769,Clothing,Jacket,63297,2,29-01-26,Canceled,Gurgaon,30
FK-9770,Customer_8770,Books,Atomic Habits,67180,999,06-03-25,Pending,Hyderabad,2
FK-9771,Customer_8771,Electronics,Boat Airdopes,Rs. 26837,2,20-12-25,returned,Kolkata,9
FK-9772,Customer_8772,beauty,Nivea Lotion,₹52729,1,Dec 18 2025,delivered,Bengaluru,5
FK-9773,Customer_8773,beauty,Maybelline Lipstick,59031,2,13-06-25,delivered,Kolkata,23
FK-9774,Customer_8774,Electronics,Apple iPhone 15,45665,1,27-03-25,returned,,NULL
FK-9775,Customer_8775,Clothing,Women's Kurta,-43856,1,26-07-25,Pending,,28
FK-9776,Customer_8776,home & kitchen,Prestige Cooker,6192,1,08-02-26,delivered,Hyd,20
FK-9777,Customer_8777,Electronics,Samsung Galaxy M14,4949,1,06-05-26,Shipped,Pune,2
FK-9778,Customer_8778,Clothing,Women's Kurta,39793,1,21-03-26,delivered,Gurgaon,28%
FK-9779,Customer_8779,Books,Atomic Habits,40245,1,30-10-25,Delivered,BLR,26
FK-9780,Customer_8780,Electronics,Sony Headphones,25721,5,26-04-25,Shipped,Pune,8
FK-9781,Customer_8781,Home & Kitchen,Milton Thermos,₹29398,2,03-07-25,Returned,Hyderabad,27
FK-9782,Customer_8782,Books,Rich Dad Poor Dad,21225,2,15-08-25,Canceled,Delhi,12
FK-9783,,Electronics,Boat Airdopes,67967,2,,Canceled,Delhi,7
FK-9784,Customer_8784,Electronics,Apple iPhone 15,,1,,Shipped,Gurgaon,4
FK-9785,Customer_8785,,Sony Headphones,29866,4,15-02-26,returned,Mumbai,16
FK-9786,Customer_8786,Beauty,Nivea Lotion,10257,1,24-03-26,Canceled,Kolkata,11
FK-9787,Customer_8787,Beauty,Lakme Eyeliner,32884,3,06-03-26,Canceled,Pune,23
FK-9788,Customer_8788,Beauty,Lakme Eyeliner,21148,1,09-11-25,delivered,Pune,
FK-9789,Customer_8789,Shoes,Nike Running Shoes,3079,1,07-08-25,Canceled,Pune,16
FK-9790,Customer_8790,Books,Dune,39516,1,04-06-25,Shipped,Gurgaon,27
FK-9791,Customer_8791,Electronics,HP Pavilion Laptop,,1,19-07-25,returned,Pune,23
FK-9792,Customer_8792,Home & Kitchen,Pigeon Gas Stove,34534,5,15-05-26,Canceled,Pune,28
FK-9793,Customer_8793,Shoes,Nike Running Shoes,16866,1,07-11-25,Canceled,,18
FK-9794,Customer_8794,Shoes,Puma Sneakers,19539,1,21-12-25,Shipped,Hyd,26
FK-9795,Customer_8795,Books,Dune,-52909,1,22-08-25,Returned,Kolkata,14%
FK-9796,Customer_8796,Clothing,Jacket,18544,1,19-01-25,Delivered,Hyd,26
FK-9797,Customer_8797,books,Python Crash Course,-50409,1,19-09-25,Pending,Pune,18
FK-9798,Customer_8798,Home & Kitchen,Pigeon Gas Stove,8963,two,25-03-26,Pending,,7
FK-9799,Customer_8799,Beauty,Lakme Eyeliner,29959,3,05-02-25,returned,Chennai,NULL
FK-9800,,Clothing,Women's Kurta,14807,3,15-01-25,Delivered,Gurgaon,2%
FK-9801,Customer_8801,Clothing,Women's Kurta,43941,one,22-03-26,returned,Kolkata,2
FK-9802,,Shoes,Puma Sneakers,56753,1,26-10-25,returned,Kolkata,13
FK-9803,Customer_8803,Electronics,Samsung Galaxy M14,,2,02-01-26,returned,Pune,9%
9804,Customer_8804,Clothing,Women's Kurta,27670,one,12-08-25,Shipped,Kolkata,5
FK-9805,Customer_8805,Books,Atomic Habits,38593,-1,01-03-26,Shipped,Chennai,22
FK-9806,Customer_8806,Books,Rich Dad Poor Dad,58402,1,20-01-26,Delivered,BLR,8
FK-9807,Customer_8807,Shoes,Puma Sneakers,₹49729,1,31-12-25,Pending,Kolkata,11
FK-9808,Customer_8808,Home & Kitchen,Prestige Cooker,8059,1,18-02-25,Canceled,Gurgaon,9
FK-9809,Customer_8809,Shoes,Puma Sneakers,₹67802,2,05-08-25,Pending,Delhi,26
FK-9810,Customer_8810,Books,Dune,22712,4,01-05-25,Canceled,Chennai,21
FK-9811,Customer_8811,electronics,Samsung Galaxy M14,-15323,1,09-01-25,Returned,Gurgaon,2
FK-9812,Customer_8812,Home & Kitchen,Milton Thermos,50009,1,,Shipped,Chennai,N/A
FK-9812,Customer_8812,Home & Kitchen,Milton Thermos,50009,1,,Shipped,Chennai,N/A
FK-9813,Customer_8813,Books,Dune,50398,1,26-01-25,returned,Hyderabad,20
FK-9814,Customer_8814,Books,Python Crash Course,3934,1,22-02-26,delivered,Pune,8
FK-9815,Customer_8815,Home & Kitchen,Prestige Cooker,72232,1,22-02-26,Canceled,Hyd,N/A
FK-9816,Customer_8816,Shoes,Nike Running Shoes,57783,2,25-02-26,Returned,BLR,27
FK-9817,Customer_8817,Books,Atomic Habits,7966,2,06-02-26,Returned,BLR,17
FK-9818,Customer_8818,Home & Kitchen,Pigeon Gas Stove,₹74975,-1,01-09-25,returned,Hyd,5
FK-9819,Customer_8819,Home & Kitchen,Bajaj Iron,536,1,,delivered,Mumbai,6
FK-9820,Customer_8820,Beauty,Nivea Lotion,58182,1,29-11-25,Shipped,Chennai,30
FK-9821,Customer_8821,Home & Kitchen,Prestige Cooker,Rs. 48421,3,20-04-25,Pending,Hyderabad,NULL
FK-9822,Customer_8822,Shoes,Adidas Sliders,59290,1,Mar 30 2025,Shipped,Delhi,NULL
FK-9823,Customer_8823,Beauty,Lakme Eyeliner,15932,1,Feb 05 2025,Returned,Chennai,4
FK-9824,Customer_8824,Electronics,Samsung Galaxy M14,60655,1,22-11-25,returned,Bengaluru,8
FK-9825,Customer_8825,,Boat Airdopes,62177,2,12-02-25,delivered,Pune,29
FK-9826,Customer_8826,Shoes,Puma Sneakers,Rs. 56640,2,11-11-25,Delivered,Chennai,30%
FK-9827,Customer_8827,Clothing,Jeans,63016,1,Oct 26 2025,delivered,Hyd,23
FK-9828,Customer_8828,Books,Dune,Rs. 25621,1,26-11-25,returned,Bengaluru,10
FK-9829,Customer_8829,Home & Kitchen,Pigeon Gas Stove,19553,1,28-05-25,Delivered,Chennai,21
FK-9830,Customer_8830,Clothing,Jacket,58706,,15-04-25,Pending,Gurgaon,30
fk-9831,Customer_8831,,Dell Mouse,32665,1,25-12-25,Delivered,Gurgaon,19%
FK-9832,Customer_8832,Clothing,Saree,50525,1,,delivered,Mumbai,19
FK-9833,Customer_8833,Clothing,Jacket,44925,1,23-03-26,returned,Bengaluru,1
FK-9834,Customer_8834,Home & Kitchen,Bajaj Iron,5161,1,09-05-25,Pending,Hyd,5%
FK-9835,Customer_8835,Shoes,Puma Sneakers,₹65688,1,12-10-25,Delivered,Chennai,13
FK-9836,Customer_8836,Clothing,Jacket,48222,1,19-05-25,returned,Mumbai,24
FK-9837,Customer_8837,Clothing,Men's T-Shirt,28767,1,,Canceled,Delhi,9
FK-9838,Customer_8838,Books,Python Crash Course,₹9535,3,05-02-26,Canceled,BLR,17%
FK-9839,Customer_8839,,Samsung Galaxy M14,43755,1,09-05-26,delivered,,26
fk-9840,Customer_8840,Beauty,Maybelline Lipstick,70295,1,16-05-25,Returned,BLR,11
FK-9841,Customer_8841,Books,Atomic Habits,₹33939,2,24-08-25,returned,,7
FK-9842,Customer_8842,Shoes,Puma Sneakers,34858,two,,delivered,Chennai,12
FK-9843,Customer_8843,Home & Kitchen,Prestige Cooker,Rs. 41821,3,08-01-25,Shipped,Pune,6
FK-9844,Customer_8844,,Sony Headphones,38276,1,07-02-25,Delivered,BLR,12%
FK-9845,Customer_8845,Books,Atomic Habits,66812,2,14-01-26,delivered,Hyderabad,2
FK-9846,Customer_8846,Books,Rich Dad Poor Dad,10798,,24-04-25,returned,Mumbai,18
FK-9847,Customer_8847,Clothing,Women's Kurta,₹6042,2,24-10-25,returned,Delhi,5%
FK-9848,Customer_8848,books,Rich Dad Poor Dad,32724,1,18-03-25,Canceled,Delhi,23%
FK-9849,Customer_8849,Books,Atomic Habits,69180,2,13-06-25,Delivered,Chennai,17
FK-9850,Customer_8850,Beauty,Lakme Eyeliner,63113,1,29-01-25,returned,Gurgaon,1%
FK-9851,Customer_8851,beauty,Maybelline Lipstick,28716,1,12-01-25,delivered,Pune,
FK-9852,Customer_8852,Shoes,Puma Sneakers,27289,1,16-03-25,Shipped,Bengaluru,NULL
fk-9853,Customer_8853,Books,Atomic Habits,69241,1,09-03-26,Shipped,Bengaluru,0
9854,Customer_8854,Books,Python Crash Course,74971,1,04-05-26,Delivered,Hyderabad,30
FK-9855,Customer_8855,Shoes,Nike Running Shoes,12752,1,17-03-26,Delivered,Hyd,30
FK-9856,Customer_8856,Beauty,Maybelline Lipstick,-72518,4,05-02-26,Canceled,,2
FK-9857,Customer_8857,Beauty,Maybelline Lipstick,22640,1,20-08-25,Shipped,Chennai,18%
FK-9858,Customer_8858,beauty,Maybelline Lipstick,2390,2,25-03-25,delivered,Kolkata,
FK-9859,Customer_8859,Home & Kitchen,Pigeon Gas Stove,₹20136,4,24-12-25,delivered,Delhi,17
FK-9860,Customer_8860,Shoes,Nike Running Shoes,51651,1,Jan 23 2025,Delivered,,4
FK-9861,Customer_8861,SHOES,Nike Running Shoes,-36654,3,09-08-25,Shipped,BLR,17
FK-9862,Customer_8862,Shoes,Nike Running Shoes,69036,999,26-02-26,Canceled,Chennai,13
FK-9863,Customer_8863,Home & Kitchen,Milton Thermos,-18453,2,19-11-25,Pending,Gurgaon,20
9864,Customer_8864,Clothing,Men's T-Shirt,,1,30-05-25,delivered,Hyd,N/A
FK-9865,Customer_8865,home & kitchen,Pigeon Gas Stove,30224,2,27-03-25,delivered,Gurgaon,1
FK-9866,Customer_8866,Shoes,Puma Sneakers,3498,one,21-01-25,Delivered,Hyderabad,11
9867,Customer_8867,beauty,Maybelline Lipstick,65119,1,12-08-25,returned,Hyderabad,8
FK-9868,Customer_8868,Shoes,Puma Sneakers,Rs. 37599,2,Dec 17 2025,Shipped,Hyderabad,N/A
FK-9869,Customer_8869,Electronics,Samsung Galaxy M14,10904,1,25-05-25,returned,Chennai,27
FK-9870,Customer_8870,Clothing,Jacket,35633,1,22-08-25,Returned,Hyd,22
FK-9871,Customer_8871,,Sony Headphones,₹1143,1,27-01-25,returned,Kolkata,
FK-9872,Customer_8872,Electronics,Boat Airdopes,5463,1,23-11-25,delivered,Mumbai,26
FK-9873,Customer_8873,Clothing,Jacket,35164,2,25-03-25,Shipped,Kolkata,10
FK-9874,Customer_8874,Clothing,Jacket,73037,2,23-04-26,Returned,Kolkata,13
FK-9875,Customer_8875,electronics,HP Pavilion Laptop,44427,1,05-12-25,Pending,Hyderabad,29
FK-9876,Customer_8876,CLOTHING,Jacket,31687,3,Mar 14 2026,Pending,Pune,21
FK-9877,,Electronics,Apple iPhone 15,43015,4,,Delivered,Hyderabad,26
FK-9878,Customer_8878,Clothing,Jeans,38992,,27-12-25,Shipped,Bengaluru,3
FK-9879,Customer_8879,Books,Dune,59949,1,12-01-25,Returned,Chennai,N/A
FK-9880,Customer_8880,Electronics,Apple iPhone 15,15525,3,17-01-26,Canceled,Hyd,18
FK-9881,Customer_8881,Beauty,Nivea Lotion,3242,1,20-03-26,Pending,Mumbai,9
FK-9882,Customer_8882,Books,Rich Dad Poor Dad,₹15101,3,16-07-25,Delivered,Mumbai,0
fk-9883,Customer_8883,Beauty,Nivea Lotion,Rs. 49281,1,21-02-25,Returned,Delhi,19
FK-9884,Customer_8884,Shoes,Nike Running Shoes,48027,1,Mar 25 2026,Shipped,Chennai,26%
FK-9885,Customer_8885,electronics,Boat Airdopes,30936,3,30-03-26,Canceled,Mumbai,22
9886,Customer_8886,Electronics,Samsung Galaxy M14,-12707,2,07-06-25,Shipped,Gurgaon,7
FK-9887,Customer_8887,Books,Atomic Habits,22715,1,13-11-25,Shipped,Delhi,21%
FK-9888,Customer_8888,Clothing,Jacket,53982,1,04-04-26,Returned,Kolkata,
FK-9889,Customer_8889,CLOTHING,Saree,709,2,06-05-26,Delivered,Chennai,3
9890,Customer_8890,electronics,Sony Headphones,-59497,1,15-03-25,Canceled,Pune,19
FK-9891,Customer_8891,Beauty,Maybelline Lipstick,53204,4,21-01-26,delivered,,13
FK-9892,Customer_8892,Clothing,Men's T-Shirt,1233,3,11-10-25,Pending,Chennai,NULL
FK-9893,Customer_8893,Beauty,Maybelline Lipstick,12074,1,May 07 2025,Shipped,Bengaluru,28
FK-9894,Customer_8894,Home & Kitchen,Milton Thermos,28717,1,11-11-25,returned,Delhi,25
FK-9894,Customer_8894,Home & Kitchen,Milton Thermos,28717,1,11-11-25,returned,Delhi,25
FK-9895,Customer_8895,Shoes,Adidas Sliders,18301,1,14-08-25,Pending,,3
FK-9896,Customer_8896,Beauty,Lakme Eyeliner,18467,1,26-10-25,Pending,Bengaluru,28
FK-9897,Customer_8897,Electronics,Samsung Galaxy M14,17830,3,13-03-25,delivered,Delhi,14
FK-9898,Customer_8898,Books,Rich Dad Poor Dad,43984,1,,Returned,Hyderabad,29%
FK-9899,Customer_8899,Beauty,Lakme Eyeliner,3456,3,23-08-25,Delivered,BLR,13
FK-9900,Customer_8900,Clothing,Jacket,67314,3,12-08-25,Shipped,Chennai,3%
FK-9901,Customer_8901,Clothing,Jacket,46379,2,08-02-25,returned,,N/A
FK-9902,Customer_8902,Beauty,Lakme Eyeliner,-55731,1,12-12-25,Shipped,Pune,25
FK-9903,Customer_8903,Beauty,Maybelline Lipstick,28590,two,15-01-26,delivered,Bengaluru,15
9904,Customer_8904,Clothing,Jeans,11542,2,16-02-25,returned,Gurgaon,12
FK-9905,Customer_8905,Clothing,Saree,,1,14-01-26,Shipped,Hyd,10
FK-9906,Customer_8906,HOME & KITCHEN,Pigeon Gas Stove,50612,2,09-08-25,Canceled,Mumbai,20
fk-9907,Customer_8907,Shoes,Adidas Sliders,Rs. 11606,1,12-06-25,Canceled,,16%
FK-9908,Customer_8908,Home & Kitchen,Pigeon Gas Stove,36681,1,27-12-25,returned,Gurgaon,18
FK-9909,Customer_8909,Electronics,HP Pavilion Laptop,56052,1,11-01-25,Pending,Kolkata,27
FK-9910,Customer_8910,shoes,Puma Sneakers,16476,1,13-02-25,Returned,Delhi,1
FK-9911,Customer_8911,beauty,Lakme Eyeliner,20072,1,12-03-26,delivered,Chennai,23
FK-9912,Customer_8912,Home & Kitchen,Milton Thermos,58913,3,22-02-25,delivered,Kolkata,23
FK-9913,Customer_8913,Electronics,Dell Mouse,3256,1,22-04-25,Shipped,BLR,
FK-9914,Customer_8914,Clothing,Jacket,64977,1,16-02-25,Returned,Gurgaon,2
FK-9915,Customer_8915,Electronics,Dell Mouse,₹73935,3,23-03-25,Pending,Hyd,24%
FK-9915,Customer_8915,Electronics,Dell Mouse,₹73935,3,23-03-25,Pending,Hyd,24%
FK-9916,Customer_8916,Beauty,Lakme Eyeliner,6804,1,23-08-25,delivered,Bengaluru,11
FK-9917,Customer_8917,Books,Rich Dad Poor Dad,24682,2,18-04-25,returned,Chennai,12%
FK-9918,Customer_8918,shoes,Adidas Sliders,Rs. 33458,1,19-02-26,returned,BLR,5
FK-9919,Customer_8919,Beauty,Nivea Lotion,65221,2,26-01-25,delivered,Kolkata,5
FK-9920,Customer_8920,Home & Kitchen,Prestige Cooker,59420,2,13-05-25,Shipped,Pune,3
FK-9921,Customer_8921,Shoes,Nike Running Shoes,18520,1,18-11-25,Shipped,Bengaluru,N/A
FK-9922,Customer_8922,shoes,Adidas Sliders,63960,,20-04-26,Canceled,BLR,3
FK-9922,Customer_8922,shoes,Adidas Sliders,63960,,20-04-26,Canceled,BLR,3
FK-9923,Customer_8923,Home & Kitchen,Pigeon Gas Stove,Rs. 47120,1,20-11-25,returned,BLR,
FK-9924,Customer_8924,Home & Kitchen,Prestige Cooker,67690,-1,Feb 03 2025,delivered,Hyderabad,13
fk-9925,Customer_8925,Books,Rich Dad Poor Dad,36745,2,16-02-25,Returned,Kolkata,26%
9926,Customer_8926,electronics,Apple iPhone 15,₹17940,1,,Returned,Delhi,N/A
FK-9927,Customer_8927,Electronics,Sony Headphones,Rs. 72448,3,12-05-26,returned,Hyd,1
FK-9928,Customer_8928,Beauty,Maybelline Lipstick,73164,1,23-01-25,returned,Kolkata,N/A
FK-9929,Customer_8929,Home & Kitchen,Milton Thermos,16784,3,21-03-25,delivered,Delhi,21
FK-9930,Customer_8930,Electronics,Dell Mouse,-41117,2,26-08-25,delivered,Kolkata,30
FK-9930,Customer_8930,Electronics,Dell Mouse,-41117,2,26-08-25,delivered,Kolkata,30
FK-9931,Customer_8931,shoes,Nike Running Shoes,63768,2,02-03-25,Pending,Delhi,NULL
FK-9932,Customer_8932,Beauty,Nivea Lotion,5538,1,29-04-25,Shipped,Gurgaon,28
FK-9933,Customer_8933,Home & Kitchen,Milton Thermos,61782,2,01-04-26,delivered,BLR,
FK-9934,Customer_8934,Electronics,Sony Headphones,-61313,1,06-09-25,returned,Pune,7
FK-9935,Customer_8935,Shoes,Puma Sneakers,65345,1,02-01-25,returned,Chennai,15
FK-9936,Customer_8936,Books,Python Crash Course,7421,5,19-09-25,returned,Kolkata,28
FK-9937,Customer_8937,Home & Kitchen,Pigeon Gas Stove,44529,4,30-09-25,Returned,Hyd,15%
FK-9938,,Home & Kitchen,Pigeon Gas Stove,59109,1,18-01-26,Delivered,Gurgaon,23
9939,Customer_8939,Beauty,Maybelline Lipstick,35013,3,01-02-26,Pending,Hyd,1
FK-9940,Customer_8940,Beauty,Maybelline Lipstick,₹5714,2,06-07-25,delivered,Mumbai,23
FK-9941,Customer_8941,Beauty,Lakme Eyeliner,₹53809,one,19-06-25,delivered,Hyderabad,4%
FK-9942,Customer_8942,Books,Python Crash Course,56129,1,Nov 11 2025,delivered,Delhi,21
FK-9943,,Electronics,Samsung Galaxy M14,Rs. 3266,4,01-03-26,Pending,Pune,NULL
FK-9944,Customer_8944,Clothing,Jeans,-28578,2,17-10-25,Canceled,Gurgaon,NULL
FK-9945,Customer_8945,ELECTRONICS,Dell Mouse,61143,1,04-02-25,Delivered,Hyd,9
FK-9946,Customer_8946,Clothing,Jeans,55992,1,11-05-25,Delivered,Bengaluru,22
FK-9947,Customer_8947,Home & Kitchen,Milton Thermos,40549,1,25-03-26,Delivered,Gurgaon,5
FK-9948,Customer_8948,home & kitchen,Bajaj Iron,-42647,2,15-02-25,Pending,Hyderabad,9
FK-9949,Customer_8949,Books,Rich Dad Poor Dad,29380,1,07-04-26,Returned,,NULL
fk-9950,Customer_8950,Electronics,HP Pavilion Laptop,60974,1,15-06-25,Delivered,BLR,8%
FK-9951,Customer_8951,Shoes,Puma Sneakers,-16004,4,02-09-25,Canceled,Hyderabad,17
FK-9952,Customer_8952,Clothing,Jeans,45368,5,15-03-25,Delivered,Gurgaon,NULL
FK-9953,Customer_8953,Shoes,Adidas Sliders,Rs. 24565,1,13-01-25,Delivered,Mumbai,2
FK-9954,Customer_8954,Books,Dune,71582,3,May 16 2026,Pending,Delhi,25
FK-9955,Customer_8955,Electronics,Dell Mouse,34610,1,19-05-25,Pending,Mumbai,1
FK-9956,Customer_8956,Shoes,Adidas Sliders,71335,1,12-01-25,delivered,Gurgaon,17
FK-9957,Customer_8957,Books,Rich Dad Poor Dad,53473,2,01-08-25,returned,Pune,3
FK-9958,Customer_8958,Books,Dune,23229,2,05-03-26,Pending,Chennai,
FK-9959,Customer_8959,Beauty,Maybelline Lipstick,36846,1,Apr 12 2026,Pending,BLR,18%
FK-9960,Customer_8960,Home & Kitchen,Bajaj Iron,22278,1,28-03-25,Pending,Hyderabad,26
fk-9961,Customer_8961,Home & Kitchen,Prestige Cooker,Rs. 64496,1,26-07-25,Returned,Gurgaon,24%
FK-9962,Customer_8962,Clothing,Saree,9331,1,07-09-25,delivered,Delhi,2
FK-9963,Customer_8963,Home & Kitchen,Prestige Cooker,,2,03-04-25,Canceled,Gurgaon,16
FK-9964,Customer_8964,Clothing,Men's T-Shirt,62101,2,26-02-25,Pending,Pune,24
FK-9965,Customer_8965,Clothing,Women's Kurta,9049,two,19-03-26,delivered,Kolkata,3
FK-9966,Customer_8966,Electronics,Samsung Galaxy M14,Rs. 60037,1,02-02-25,Shipped,BLR,12
FK-9967,Customer_8967,Shoes,Puma Sneakers,4355,1,01-03-25,delivered,Delhi,
FK-9967,Customer_8967,Shoes,Puma Sneakers,4355,1,01-03-25,delivered,Delhi,
FK-9968,Customer_8968,Shoes,Puma Sneakers,,1,19-04-25,delivered,BLR,NULL
FK-9969,Customer_8969,Electronics,Sony Headphones,52066,1,01-09-25,Shipped,Pune,4
FK-9970,Customer_8970,Home & Kitchen,Prestige Cooker,52296,2,27-02-25,returned,Bengaluru,23
FK-9971,Customer_8971,books,Rich Dad Poor Dad,69891,1,01-10-25,returned,Gurgaon,9
FK-9972,Customer_8972,Shoes,Adidas Sliders,44151,2,31-05-25,delivered,Delhi,8
FK-9973,Customer_8973,Shoes,Adidas Sliders,68918,1,,returned,Kolkata,7
FK-9974,Customer_8974,Electronics,HP Pavilion Laptop,14708,1,06-05-26,delivered,Bengaluru,23%
FK-9975,Customer_8975,,HP Pavilion Laptop,62799,1,11-06-25,Returned,BLR,25
9976,Customer_8976,Beauty,Maybelline Lipstick,33642,2,16-06-25,Shipped,Hyd,NULL
FK-9977,Customer_8977,Books,Dune,51440,3,23-01-25,Pending,,25
FK-9978,Customer_8978,Electronics,Samsung Galaxy M14,34881,2,12-09-25,returned,Pune,NULL
FK-9979,Customer_8979,Shoes,Puma Sneakers,11322,1,21-09-25,delivered,Delhi,5
FK-9980,Customer_8980,Electronics,Dell Mouse,37192,1,19-06-25,Delivered,Pune,1
FK-9981,Customer_8981,Clothing,Jacket,33372,2,23-01-26,Shipped,Delhi,N/A
FK-9982,Customer_8982,Books,Atomic Habits,57727,2,05-02-25,Delivered,,6
FK-9983,Customer_8983,Electronics,Samsung Galaxy M14,-27931,2,30-06-25,Delivered,,19
FK-9984,Customer_8984,Clothing,Men's T-Shirt,₹14713,1,08-03-25,Delivered,Pune,22
FK-9985,Customer_8985,Beauty,Nivea Lotion,37961,1,29-01-25,returned,Hyd,26
fk-9986,Customer_8986,Electronics,Dell Mouse,₹59577,1,17-12-25,Returned,Bengaluru,26
FK-9987,Customer_8987,Books,Rich Dad Poor Dad,5515,2,18-02-26,Pending,Pune,23
FK-9988,Customer_8988,Books,Dune,₹44624,1,24-10-25,Shipped,Gurgaon,10
FK-9989,Customer_8989,Home & Kitchen,Prestige Cooker,30667,1,10-01-25,Delivered,Bengaluru,18
FK-9990,Customer_8990,Clothing,Women's Kurta,Rs. 67994,1,18-02-26,delivered,BLR,12
FK-9991,,Books,Python Crash Course,₹45324,2,26-01-26,delivered,Pune,2
9992,Customer_8992,Books,Dune,62462,1,05-02-25,returned,Kolkata,2%
fk-9993,Customer_8993,Beauty,Maybelline Lipstick,52972,2,22-01-26,Returned,Gurgaon,
FK-9994,Customer_8994,BEAUTY,Lakme Eyeliner,43362,1,18-02-26,Pending,Bengaluru,24
FK-9995,Customer_8995,Beauty,Lakme Eyeliner,2573,1,23-10-25,Returned,,2
FK-9996,Customer_8996,Clothing,Jeans,62099,1,,Pending,Bengaluru,16
FK-9997,Customer_8997,Books,Atomic Habits,35972,2,25-12-25,Shipped,Hyd,2
9998,Customer_8998,Clothing,Women's Kurta,10670,1,23-08-25,Returned,BLR,12
FK-9999,Customer_8999,Shoes,Nike Running Shoes,15426,1,24-04-26,Shipped,Pune,NULL
fk-10000,Customer_9000,Beauty,Lakme Eyeliner,20146,1,08-02-26,returned,BLR,15
10001,,Electronics,HP Pavilion Laptop,53339,4,05-09-25,Shipped,Hyderabad,30
FK-10002,Customer_9002,Shoes,Puma Sneakers,31042,4,,Delivered,Mumbai,5
FK-10003,Customer_9003,Shoes,Adidas Sliders,₹49266,2,03-04-26,Delivered,Gurgaon,10
FK-10004,Customer_9004,Beauty,Maybelline Lipstick,70064,1,21-03-26,Canceled,,29
FK-10005,Customer_9005,Clothing,Saree,18702,2,07-04-26,Pending,BLR,0
10006,Customer_9006,CLOTHING,Men's T-Shirt,Rs. 20173,2,11-01-25,returned,Hyderabad,
FK-10007,Customer_9007,Clothing,Women's Kurta,,1,21-10-25,Returned,Hyd,8
fk-10008,Customer_9008,Books,Rich Dad Poor Dad,,1,Mar 18 2026,returned,Bengaluru,22
fk-10009,Customer_9009,Clothing,Women's Kurta,Rs. 4199,1,08-03-26,Delivered,Gurgaon,NULL
FK-10010,Customer_9010,BEAUTY,Lakme Eyeliner,52212,1,07-06-25,Delivered,Mumbai,NULL
FK-10011,Customer_9011,Electronics,Dell Mouse,Rs. 14150,2,22-02-26,Canceled,Chennai,23
FK-10012,Customer_9012,books,Python Crash Course,-2619,1,08-04-25,delivered,Mumbai,NULL
FK-10013,Customer_9013,clothing,Jeans,24705,3,24-04-26,Returned,,6
FK-10014,Customer_9014,Electronics,Dell Mouse,64742,3,18-11-25,Canceled,BLR,29
FK-10015,Customer_9015,Home & Kitchen,Milton Thermos,53499,1,22-03-25,Returned,Chennai,25
FK-10016,Customer_9016,,Boat Airdopes,16366,4,Sep 23 2025,Shipped,Gurgaon,25
FK-10017,Customer_9017,Shoes,Nike Running Shoes,71390,1,09-10-25,Pending,Pune,17
fk-10018,Customer_9018,Home & Kitchen,Pigeon Gas Stove,33415,1,14-01-26,Returned,Gurgaon,
FK-10019,Customer_9019,Books,Dune,63418,3,08-05-26,Canceled,BLR,1
FK-10020,Customer_9020,Clothing,Men's T-Shirt,11850,4,22-02-26,delivered,Chennai,6
FK-10021,Customer_9021,Books,Atomic Habits,₹71079,1,,delivered,,13
FK-10022,Customer_9022,Home & Kitchen,Milton Thermos,63117,two,05-05-26,Returned,Pune,13
FK-10023,Customer_9023,Books,Atomic Habits,38581,1,11-02-26,Canceled,BLR,20
FK-10024,Customer_9024,Shoes,Adidas Sliders,52230,4,27-09-25,Pending,Chennai,5
FK-10025,Customer_9025,Electronics,Samsung Galaxy M14,12714,1,16-04-26,Delivered,Pune,28
FK-10026,Customer_9026,Clothing,Saree,9911,1,23-02-25,delivered,Pune,10
FK-10027,Customer_9027,Home & Kitchen,Milton Thermos,₹68781,3,09-11-25,Shipped,,23
FK-10027,Customer_9027,Home & Kitchen,Milton Thermos,₹68781,3,09-11-25,Shipped,,23
fk-10028,Customer_9028,Electronics,Samsung Galaxy M14,46320,1,11-04-26,Pending,Hyd,19
FK-10029,Customer_9029,,Sony Headphones,55192,1,17-07-25,Pending,Delhi,NULL
FK-10030,Customer_9030,Beauty,Maybelline Lipstick,27112,1,26-04-25,Shipped,BLR,5
FK-10031,Customer_9031,Electronics,Boat Airdopes,₹8902,2,11-03-25,returned,BLR,8
FK-10032,Customer_9032,Shoes,Puma Sneakers,56856,1,01-03-25,Pending,Hyd,8
FK-10033,Customer_9033,Beauty,Lakme Eyeliner,23146,1,15-01-25,Returned,,10
FK-10033,Customer_9033,Beauty,Lakme Eyeliner,23146,1,15-01-25,Returned,,10
FK-10034,Customer_9034,Home & Kitchen,Bajaj Iron,30785,1,19-02-25,delivered,Gurgaon,0
FK-10035,Customer_9035,shoes,Adidas Sliders,Rs. 43651,3,05-10-25,returned,Delhi,26
10036,Customer_9036,clothing,Jeans,9986,1,,Pending,,
FK-10037,Customer_9037,Clothing,Saree,-30816,2,Sep 19 2025,Shipped,BLR,19
FK-10038,Customer_9038,Beauty,Nivea Lotion,37666,1,20-01-26,Canceled,Gurgaon,25
FK-10039,Customer_9039,Beauty,Lakme Eyeliner,41655,1,15-03-25,Canceled,Gurgaon,5%
FK-10040,Customer_9040,Beauty,Lakme Eyeliner,42169,1,19-11-25,returned,Kolkata,25
FK-10041,Customer_9041,Books,Dune,50534,1,06-02-25,delivered,Delhi,22
FK-10042,Customer_9042,Home & Kitchen,Milton Thermos,18131,1,05-02-26,Delivered,BLR,
10043,Customer_9043,Clothing,Saree,65073,1,03-02-26,delivered,Pune,8
FK-10044,Customer_9044,Shoes,Puma Sneakers,13291,4,17-04-25,Delivered,Bengaluru,N/A
FK-10045,Customer_9045,Home & Kitchen,Pigeon Gas Stove,41005,2,24-03-26,Returned,BLR,NULL
FK-10046,Customer_9046,Books,Python Crash Course,31689,1,22-03-25,Returned,Chennai,21
FK-10047,Customer_9047,Beauty,Maybelline Lipstick,Rs. 68236,1,09-01-26,Delivered,Hyd,26
FK-10048,Customer_9048,Home & Kitchen,Bajaj Iron,31786,5,27-03-25,Canceled,BLR,26
FK-10049,Customer_9049,home & kitchen,Prestige Cooker,Rs. 47485,3,27-10-25,Returned,Gurgaon,N/A
FK-10050,Customer_9050,Books,Atomic Habits,17119,1,18-01-25,delivered,BLR,26
FK-10051,Customer_9051,Shoes,Nike Running Shoes,9795,2,16-01-26,returned,Chennai,6
FK-10052,Customer_9052,Home & Kitchen,Pigeon Gas Stove,2777,3,14-10-25,delivered,Mumbai,29
fk-10053,Customer_9053,Beauty,Maybelline Lipstick,-29961,1,21-02-26,Delivered,Mumbai,NULL
FK-10054,,Clothing,Saree,33532,1,,Shipped,BLR,1
FK-10055,Customer_9055,Clothing,Men's T-Shirt,17011,2,30-05-25,delivered,Chennai,26%
FK-10056,,Electronics,Boat Airdopes,Rs. 48795,3,13-03-25,Returned,Pune,NULL
FK-10057,Customer_9057,Electronics,Samsung Galaxy M14,-70418,1,04-08-25,delivered,,3
FK-10058,Customer_9058,Electronics,Dell Mouse,Rs. 13692,1,Dec 08 2025,Pending,Mumbai,
FK-10058,Customer_9058,Electronics,Dell Mouse,Rs. 13692,1,Dec 08 2025,Pending,Mumbai,
FK-10059,Customer_9059,Shoes,Puma Sneakers,8913,999,08-09-25,Pending,Gurgaon,9
FK-10060,Customer_9060,Shoes,Nike Running Shoes,48291,1,29-01-25,Pending,Gurgaon,26%
FK-10061,Customer_9061,Clothing,Jeans,₹14831,3,19-07-25,Pending,Hyd,12
FK-10062,Customer_9062,Shoes,Adidas Sliders,49436,1,28-11-25,Shipped,Hyderabad,28
FK-10063,Customer_9063,Shoes,Adidas Sliders,42378,1,24-03-26,Returned,Chennai,9
FK-10064,Customer_9064,Books,Python Crash Course,38841,1,Nov 19 2025,Delivered,Hyderabad,5
fk-10065,Customer_9065,Home & Kitchen,Bajaj Iron,69598,1,03-05-25,Delivered,Kolkata,10
FK-10066,Customer_9066,Home & Kitchen,Pigeon Gas Stove,74524,1,05-02-25,Returned,Bengaluru,NULL
FK-10067,Customer_9067,Home & Kitchen,Pigeon Gas Stove,49579,2,23-12-25,delivered,,22
FK-10068,,Shoes,Nike Running Shoes,₹39015,1,06-12-25,Pending,Mumbai,N/A
FK-10069,Customer_9069,Electronics,Boat Airdopes,₹27439,1,01-08-25,Canceled,Pune,26
FK-10070,Customer_9070,Clothing,Saree,71255,1,14-12-25,Delivered,Mumbai,12%
FK-10071,Customer_9071,books,Rich Dad Poor Dad,42240,1,Jan 26 2025,Shipped,Bengaluru,24
FK-10072,Customer_9072,Clothing,Women's Kurta,7210,3,13-04-25,Shipped,Mumbai,27
FK-10073,Customer_9073,Books,Rich Dad Poor Dad,₹73064,two,07-10-25,Canceled,Chennai,26
FK-10074,Customer_9074,Home & Kitchen,Milton Thermos,37069,3,13-05-26,Pending,Kolkata,17
FK-10075,Customer_9075,Shoes,Puma Sneakers,Rs. 45768,2,21-10-25,Returned,Delhi,4
FK-10076,,Electronics,HP Pavilion Laptop,9579,1,26-01-25,Shipped,Hyd,7
FK-10077,Customer_9077,Books,Atomic Habits,72761,1,28-01-26,Returned,Mumbai,4
FK-10078,Customer_9078,CLOTHING,Jacket,73046,two,30-05-25,Pending,Delhi,26
FK-10079,Customer_9079,books,Dune,1189,3,03-02-25,Pending,,1
FK-10080,Customer_9080,Home & Kitchen,Pigeon Gas Stove,72062,1,,Canceled,Delhi,21
FK-10081,Customer_9081,books,Dune,48440,1,27-11-25,Delivered,Delhi,21
FK-10082,Customer_9082,electronics,Boat Airdopes,21425,,02-10-25,Returned,Hyderabad,16
FK-10083,Customer_9083,beauty,Nivea Lotion,20820,2,06-04-26,delivered,Bengaluru,N/A
fk-10084,Customer_9084,Home & Kitchen,Pigeon Gas Stove,Rs. 36072,1,19-08-25,returned,Delhi,6
FK-10085,Customer_9085,Shoes,Nike Running Shoes,57834,2,13-01-25,Shipped,Pune,1
FK-10086,Customer_9086,Shoes,Nike Running Shoes,14504,1,May 24 2025,delivered,Chennai,5
FK-10087,Customer_9087,Books,Atomic Habits,74247,2,09-03-26,Canceled,Mumbai,9
FK-10088,Customer_9088,Beauty,Nivea Lotion,5431,2,07-04-25,Delivered,Chennai,NULL
FK-10089,Customer_9089,Shoes,Nike Running Shoes,402,1,29-11-25,Delivered,BLR,17
fk-10090,Customer_9090,BOOKS,Python Crash Course,5710,2,09-05-25,delivered,Gurgaon,NULL
10091,Customer_9091,Home & Kitchen,Prestige Cooker,₹52475,1,08-01-25,returned,Delhi,6
FK-10092,Customer_9092,Home & Kitchen,Bajaj Iron,Rs. 11480,1,25-03-26,Delivered,Pune,12
FK-10092,Customer_9092,Home & Kitchen,Bajaj Iron,Rs. 11480,1,25-03-26,Delivered,Pune,12
FK-10093,Customer_9093,Shoes,Puma Sneakers,27261,1,04-01-25,Canceled,Pune,15%
FK-10094,Customer_9094,Home & Kitchen,Bajaj Iron,29845,two,26-01-26,Returned,Mumbai,27
FK-10095,Customer_9095,Electronics,Samsung Galaxy M14,71017,1,27-09-25,Delivered,BLR,20
FK-10095,Customer_9095,Electronics,Samsung Galaxy M14,71017,1,27-09-25,Delivered,BLR,20
FK-10096,Customer_9096,Electronics,Boat Airdopes,48880,1,27-11-25,Delivered,Chennai,24
FK-10097,Customer_9097,Shoes,Nike Running Shoes,33931,1,13-04-26,Shipped,Chennai,2%
FK-10097,Customer_9097,Shoes,Nike Running Shoes,33931,1,13-04-26,Shipped,Chennai,2%
FK-10098,Customer_9098,Shoes,Adidas Sliders,10723,2,18-12-25,delivered,,30
FK-10099,Customer_9099,Books,Dune,52836,2,28-01-26,Delivered,Pune,24
FK-10099,Customer_9099,Books,Dune,52836,2,28-01-26,Delivered,Pune,24
FK-10100,Customer_9100,,Dell Mouse,Rs. 57971,1,22-06-25,Canceled,,5
FK-10101,Customer_9101,Electronics,Dell Mouse,65753,1,08-09-25,Shipped,Hyd,24
FK-10102,Customer_9102,Electronics,Apple iPhone 15,69522,1,08-01-26,delivered,,20
FK-10103,Customer_9103,Shoes,Nike Running Shoes,47788,3,30-01-25,Pending,Kolkata,0
FK-10104,Customer_9104,Clothing,Jeans,53368,2,,Shipped,Hyderabad,NULL
FK-10105,Customer_9105,books,Python Crash Course,60069,1,11-02-26,delivered,Pune,25
FK-10106,Customer_9106,shoes,Nike Running Shoes,7255,1,07-01-26,Shipped,BLR,N/A
FK-10107,Customer_9107,Books,Python Crash Course,₹22395,2,27-02-25,Canceled,Gurgaon,24
FK-10108,Customer_9108,Shoes,Puma Sneakers,Rs. 35001,2,02-03-26,Returned,Bengaluru,20
FK-10109,Customer_9109,Clothing,Men's T-Shirt,2972,1,04-03-26,delivered,Delhi,3
FK-10110,Customer_9110,Shoes,Nike Running Shoes,17080,2,26-08-25,returned,Gurgaon,1
FK-10111,Customer_9111,Shoes,Adidas Sliders,42271,3,02-07-25,returned,BLR,27
FK-10112,Customer_9112,Home & Kitchen,Prestige Cooker,Rs. 12222,3,19-02-26,Delivered,BLR,N/A
FK-10113,Customer_9113,Beauty,Lakme Eyeliner,56191,2,20-05-25,returned,Gurgaon,22%
FK-10114,Customer_9114,Books,Python Crash Course,53647,999,16-01-25,Shipped,BLR,26%
FK-10115,Customer_9115,Clothing,Women's Kurta,54529,2,23-11-25,delivered,Chennai,8
FK-10116,Customer_9116,BOOKS,Dune,69423,1,Feb 10 2025,Canceled,Hyderabad,14
fk-10117,Customer_9117,Clothing,Women's Kurta,-2866,1,09-07-25,Delivered,Chennai,8%
FK-10118,Customer_9118,Books,Atomic Habits,36042,2,15-11-25,delivered,Gurgaon,27
FK-10119,Customer_9119,Home & Kitchen,Pigeon Gas Stove,-13773,1,26-02-26,Pending,,13
FK-10120,Customer_9120,Clothing,Men's T-Shirt,27656,1,04-05-25,Shipped,Mumbai,22
FK-10121,Customer_9121,Books,Dune,73451,1,12-11-25,delivered,,24
FK-10122,Customer_9122,,Boat Airdopes,₹46732,1,04-10-25,Pending,,8
FK-10123,Customer_9123,Beauty,Lakme Eyeliner,72975,,17-02-26,Shipped,Hyd,17
FK-10124,Customer_9124,Electronics,HP Pavilion Laptop,-44630,1,11-01-26,delivered,Kolkata,N/A
FK-10125,Customer_9125,Books,Python Crash Course,64898,1,09-03-25,Shipped,Kolkata,13
FK-10126,,Shoes,Adidas Sliders,5079,1,11-08-25,Delivered,Pune,17
FK-10127,Customer_9127,Shoes,Adidas Sliders,14612,2,14-02-25,Returned,Chennai,22
FK-10128,Customer_9128,Home & Kitchen,Prestige Cooker,,3,19-10-25,Pending,Kolkata,NULL
FK-10129,Customer_9129,Beauty,Maybelline Lipstick,487,1,Jan 02 2025,Returned,Gurgaon,26
FK-10130,Customer_9130,Shoes,Puma Sneakers,28933,2,24-03-26,Delivered,Chennai,13
FK-10131,Customer_9131,Clothing,Men's T-Shirt,Rs. 74257,3,24-08-25,returned,Chennai,12
FK-10132,,Beauty,Nivea Lotion,₹51388,3,,returned,Delhi,NULL
FK-10133,Customer_9133,Electronics,Dell Mouse,11626,1,18-06-25,Shipped,,13
FK-10134,Customer_9134,Electronics,Boat Airdopes,₹70978,1,Nov 27 2025,Delivered,Delhi,19
FK-10135,Customer_9135,books,Dune,29639,two,30-03-25,Pending,,30%
FK-10136,Customer_9136,Electronics,Dell Mouse,,1,13-07-25,Pending,Hyd,25
FK-10137,Customer_9137,Shoes,Puma Sneakers,6026,1,Jan 16 2025,returned,Mumbai,13
FK-10138,Customer_9138,,HP Pavilion Laptop,35303,1,15-04-25,Returned,BLR,2
FK-10139,Customer_9139,,Sony Headphones,13871,1,16-11-25,Shipped,Pune,22
FK-10140,Customer_9140,Beauty,Maybelline Lipstick,Rs. 15055,1,08-03-26,Delivered,,13%
10141,Customer_9141,Home & Kitchen,Milton Thermos,26532,1,Feb 28 2026,Delivered,Hyd,6%
FK-10142,Customer_9142,Clothing,Men's T-Shirt,7036,1,Jun 05 2025,Pending,Mumbai,16
FK-10143,Customer_9143,Home & Kitchen,Bajaj Iron,-63221,1,03-01-26,Returned,Gurgaon,16
FK-10144,Customer_9144,Home & Kitchen,Milton Thermos,63638,1,04-01-26,Returned,,3%
FK-10145,Customer_9145,Books,Atomic Habits,40473,2,29-11-25,Returned,Delhi,9
FK-10146,Customer_9146,Clothing,Women's Kurta,63173,1,16-01-25,Canceled,BLR,22
FK-10147,Customer_9147,Electronics,Boat Airdopes,276,1,Mar 12 2025,delivered,Chennai,
FK-10148,Customer_9148,Shoes,Adidas Sliders,Rs. 30570,1,26-01-26,Canceled,Gurgaon,17
FK-10149,Customer_9149,Beauty,Nivea Lotion,13441,1,10-05-25,Delivered,,26
FK-10150,Customer_9150,Home & Kitchen,Bajaj Iron,4823,2,20-01-25,Delivered,Mumbai,23
10151,Customer_9151,Electronics,Dell Mouse,3710,3,03-12-25,returned,Gurgaon,19%
FK-10152,,Shoes,Adidas Sliders,63198,1,15-04-25,delivered,Hyd,NULL
FK-10153,Customer_9153,Electronics,Sony Headphones,44355,1,25-05-25,Canceled,BLR,24
FK-10154,Customer_9154,Electronics,HP Pavilion Laptop,54804,3,21-04-26,delivered,Kolkata,8
FK-10155,Customer_9155,home & kitchen,Milton Thermos,28162,1,10-06-25,returned,Chennai,29
FK-10156,Customer_9156,Clothing,Jacket,Rs. 30671,2,30-04-26,Shipped,Gurgaon,15
10157,Customer_9157,Clothing,Men's T-Shirt,7424,1,14-05-25,Pending,Chennai,18
FK-10158,Customer_9158,CLOTHING,Jeans,60404,4,19-06-25,returned,Hyderabad,0
FK-10159,Customer_9159,Clothing,Jacket,,1,14-08-25,delivered,Mumbai,11
FK-10160,Customer_9160,Books,Atomic Habits,14105,1,04-01-25,returned,Hyderabad,
FK-10161,Customer_9161,Beauty,Lakme Eyeliner,₹28639,1,22-05-25,Returned,Chennai,10
FK-10162,Customer_9162,Clothing,Jeans,,1,02-01-25,returned,,30
FK-10163,Customer_9163,Shoes,Adidas Sliders,63789,2,08-10-25,Pending,Hyd,N/A
fk-10164,Customer_9164,Books,Atomic Habits,,2,14-02-25,Returned,Bengaluru,30
FK-10165,Customer_9165,Shoes,Adidas Sliders,61420,-1,15-01-26,Shipped,Delhi,18%
FK-10166,Customer_9166,,Samsung Galaxy M14,21618,1,01-08-25,Returned,Hyderabad,23
FK-10167,Customer_9167,Beauty,Maybelline Lipstick,16447,1,04-04-25,delivered,Mumbai,13
10168,Customer_9168,,Dell Mouse,,1,08-02-25,Pending,Gurgaon,18
FK-10169,Customer_9169,Books,Python Crash Course,22078,3,01-05-26,Pending,,6
FK-10170,Customer_9170,Electronics,Sony Headphones,9098,,29-09-25,delivered,Pune,17
FK-10171,Customer_9171,Clothing,Jeans,₹71242,2,14-05-26,Canceled,Hyd,8%
FK-10172,Customer_9172,Books,Dune,48728,1,25-03-26,Pending,BLR,29
FK-10173,Customer_9173,Books,Python Crash Course,20699,5,30-01-25,Shipped,Hyderabad,19
FK-10174,,beauty,Lakme Eyeliner,3355,2,21-04-25,Canceled,Delhi,23
FK-10175,Customer_9175,Clothing,Saree,67365,3,21-01-26,Canceled,Hyderabad,13
FK-10176,Customer_9176,Home & Kitchen,Bajaj Iron,54864,1,24-08-25,Delivered,Kolkata,8%
FK-10177,Customer_9177,Clothing,Women's Kurta,71704,3,16-10-25,delivered,BLR,27
FK-10178,Customer_9178,Beauty,Lakme Eyeliner,₹44763,2,,Canceled,Pune,23
FK-10179,Customer_9179,Home & Kitchen,Prestige Cooker,-2163,1,09-12-25,Shipped,Mumbai,10%
FK-10180,Customer_9180,Clothing,Women's Kurta,61390,2,29-04-26,Returned,Kolkata,NULL
FK-10181,Customer_9181,Books,Rich Dad Poor Dad,59612,2,10-06-25,Shipped,Chennai,7
fk-10182,Customer_9182,Shoes,Nike Running Shoes,₹70302,1,12-01-26,Delivered,Mumbai,27
FK-10183,Customer_9183,Home & Kitchen,Milton Thermos,71502,1,31-07-25,Returned,Bengaluru,NULL
FK-10184,Customer_9184,,Apple iPhone 15,47448,3,04-02-26,Pending,Hyd,0
FK-10185,,Clothing,Saree,45318,1,20-03-26,Delivered,Mumbai,23
FK-10186,Customer_9186,Shoes,Nike Running Shoes,17852,1,29-03-26,Shipped,Bengaluru,0
FK-10187,Customer_9187,Shoes,Nike Running Shoes,25345,4,Jul 04 2025,Delivered,Pune,12
FK-10188,Customer_9188,Beauty,Lakme Eyeliner,₹72689,1,10-08-25,Pending,,0
FK-10189,Customer_9189,Shoes,Puma Sneakers,Rs. 5212,2,01-03-26,Shipped,Chennai,2
FK-10190,Customer_9190,Books,Rich Dad Poor Dad,10164,1,30-05-25,Returned,Hyd,11
FK-10191,Customer_9191,Books,Atomic Habits,4359,1,21-03-25,Delivered,Chennai,14
FK-10192,Customer_9192,Beauty,Lakme Eyeliner,64027,2,03-05-26,delivered,Kolkata,12
FK-10193,Customer_9193,Shoes,Nike Running Shoes,35770,1,14-08-25,Canceled,,11
FK-10194,Customer_9194,Clothing,Jacket,38507,1,09-01-26,Shipped,Mumbai,25
FK-10195,Customer_9195,Beauty,Maybelline Lipstick,-9234,2,06-09-25,Pending,BLR,20
FK-10196,Customer_9196,Beauty,Nivea Lotion,24533,3,12-11-25,returned,Mumbai,28%
FK-10197,Customer_9197,Shoes,Adidas Sliders,5875,3,06-11-25,Shipped,Hyderabad,30
10198,Customer_9198,Clothing,Men's T-Shirt,₹65964,1,01-01-26,Canceled,Chennai,21
FK-10199,Customer_9199,BOOKS,Dune,42614,,Jan 17 2026,Delivered,Chennai,23
10200,Customer_9200,Books,Dune,Rs. 41402,1,26-03-26,Shipped,Mumbai,1
FK-10201,Customer_9201,Home & Kitchen,Bajaj Iron,63219,1,27-11-25,Returned,Chennai,14
FK-10202,Customer_9202,Clothing,Jeans,20907,4,08-01-26,returned,Mumbai,7
FK-10203,Customer_9203,Beauty,Lakme Eyeliner,40141,1,20-03-25,returned,Delhi,
FK-10204,Customer_9204,BEAUTY,Maybelline Lipstick,Rs. 22284,1,27-12-25,delivered,Bengaluru,0
FK-10205,Customer_9205,SHOES,Adidas Sliders,69160,1,07-03-25,Shipped,,26
FK-10206,Customer_9206,home & kitchen,Milton Thermos,Rs. 45148,1,13-09-25,Returned,BLR,N/A
FK-10206,Customer_9206,home & kitchen,Milton Thermos,Rs. 45148,1,13-09-25,Returned,BLR,N/A
FK-10207,Customer_9207,clothing,Jacket,25875,2,08-04-26,returned,Pune,16
FK-10208,,,HP Pavilion Laptop,345,2,04-06-25,Pending,,26
FK-10209,Customer_9209,books,Dune,43240,2,29-01-26,delivered,Gurgaon,
FK-10210,Customer_9210,,Dell Mouse,18857,1,17-03-26,Returned,Delhi,N/A
FK-10211,Customer_9211,Shoes,Nike Running Shoes,756,1,14-05-26,Delivered,Bengaluru,18%
10212,Customer_9212,Electronics,Apple iPhone 15,10543,1,22-01-26,returned,Pune,13%
FK-10213,Customer_9213,Books,Rich Dad Poor Dad,55604,1,01-06-25,Delivered,Chennai,10
FK-10214,Customer_9214,Electronics,Samsung Galaxy M14,₹46635,1,01-01-26,Shipped,Chennai,25%
FK-10215,Customer_9215,Books,Dune,Rs. 10753,2,04-04-26,Delivered,Mumbai,21
10216,Customer_9216,Beauty,Lakme Eyeliner,73050,1,19-05-25,delivered,Mumbai,1
FK-10217,,Home & Kitchen,Bajaj Iron,4130,1,02-05-26,Pending,BLR,27%
FK-10218,Customer_9218,Shoes,Nike Running Shoes,41840,2,09-02-26,Returned,Delhi,16
fk-10219,Customer_9219,Clothing,Jeans,27823,1,24-03-26,Pending,Delhi,6
FK-10220,Customer_9220,Shoes,Nike Running Shoes,8864,1,12-11-25,returned,Delhi,24
FK-10221,Customer_9221,Shoes,Adidas Sliders,-57158,4,,returned,BLR,8
FK-10222,Customer_9222,Home & Kitchen,Prestige Cooker,21345,3,07-05-25,returned,,25
FK-10223,Customer_9223,Home & Kitchen,Pigeon Gas Stove,29249,2,27-04-25,Shipped,Gurgaon,22%
FK-10224,Customer_9224,home & kitchen,Prestige Cooker,,1,13-12-25,Pending,BLR,28%
FK-10225,Customer_9225,,Samsung Galaxy M14,₹14799,1,Jan 27 2025,Returned,Pune,21
FK-10226,Customer_9226,HOME & KITCHEN,Bajaj Iron,34613,1,,returned,Bengaluru,NULL
FK-10227,Customer_9227,Electronics,Dell Mouse,Rs. 13080,1,17-10-25,Returned,BLR,19
10228,Customer_9228,beauty,Nivea Lotion,48260,2,,Canceled,Hyderabad,17
FK-10229,Customer_9229,Electronics,Samsung Galaxy M14,Rs. 28257,2,01-08-25,Canceled,,NULL
FK-10230,Customer_9230,Beauty,Lakme Eyeliner,69327,3,31-08-25,delivered,Delhi,7
FK-10231,Customer_9231,BEAUTY,Maybelline Lipstick,42150,4,29-10-25,delivered,Kolkata,24
FK-10232,Customer_9232,Electronics,Samsung Galaxy M14,44127,3,Aug 19 2025,Delivered,BLR,12
FK-10233,Customer_9233,CLOTHING,Saree,37709,2,15-04-26,Returned,Kolkata,18
fk-10234,Customer_9234,Books,Python Crash Course,23925,1,Sep 19 2025,Canceled,Delhi,NULL
FK-10235,Customer_9235,Books,Python Crash Course,18907,2,26-02-26,delivered,Chennai,24
FK-10236,Customer_9236,Books,Python Crash Course,889,1,23-07-25,Returned,Kolkata,18
FK-10237,Customer_9237,Clothing,Women's Kurta,31030,1,02-01-25,Returned,Chennai,0
FK-10238,Customer_9238,Shoes,Puma Sneakers,18754,3,25-02-25,Delivered,Hyd,NULL
FK-10239,Customer_9239,Clothing,Jacket,12029,2,08-05-25,Pending,Bengaluru,17
FK-10240,Customer_9240,Home & Kitchen,Milton Thermos,15489,1,07-01-25,Pending,Gurgaon,20
FK-10241,Customer_9241,Home & Kitchen,Milton Thermos,19475,1,27-02-25,Canceled,Chennai,15
FK-10242,Customer_9242,Books,Dune,33411,2,14-11-25,Delivered,Pune,N/A
FK-10243,Customer_9243,HOME & KITCHEN,Bajaj Iron,12695,5,14-03-26,Shipped,Hyd,3
FK-10244,Customer_9244,Shoes,Puma Sneakers,43699,3,13-07-25,returned,,5
FK-10245,Customer_9245,Home & Kitchen,Pigeon Gas Stove,73614,2,09-08-25,delivered,Gurgaon,19
FK-10246,Customer_9246,Shoes,Nike Running Shoes,45672,1,Jun 11 2025,Canceled,Mumbai,13
FK-10247,Customer_9247,Beauty,Maybelline Lipstick,-61132,1,05-12-25,delivered,,3
FK-10248,Customer_9248,Beauty,Maybelline Lipstick,₹26151,1,Feb 20 2026,Canceled,Pune,6%
FK-10249,Customer_9249,Clothing,Saree,17001,1,10-11-25,returned,Hyderabad,19
fk-10250,,Books,Dune,26979,2,25-04-26,Delivered,Gurgaon,6
fk-10251,Customer_9251,Clothing,Women's Kurta,62270,999,15-02-26,Returned,,NULL
FK-10252,Customer_9252,shoes,Adidas Sliders,20068,5,20-10-25,Canceled,Mumbai,3
FK-10253,Customer_9253,Books,Atomic Habits,49628,1,04-04-25,delivered,,1
FK-10254,Customer_9254,Books,Atomic Habits,73877,two,18-10-25,Returned,Hyd,26
FK-10255,Customer_9255,Electronics,Sony Headphones,50733,2,14-04-25,Returned,Bengaluru,24
10256,Customer_9256,Home & Kitchen,Milton Thermos,Rs. 3291,1,Jan 28 2026,Returned,Bengaluru,24
FK-10257,Customer_9257,Clothing,Men's T-Shirt,18516,1,29-01-26,returned,Hyd,13
FK-10258,Customer_9258,beauty,Nivea Lotion,₹3923,1,20-10-25,delivered,Chennai,13%
FK-10259,Customer_9259,Clothing,Jacket,73633,2,01-11-25,delivered,Bengaluru,21
FK-10260,Customer_9260,Home & Kitchen,Milton Thermos,74574,2,18-02-25,Pending,Mumbai,29
fk-10261,Customer_9261,Shoes,Adidas Sliders,7653,1,08-08-25,Returned,,NULL
FK-10262,Customer_9262,Shoes,Puma Sneakers,10250,2,05-01-26,Shipped,BLR,N/A
FK-10263,Customer_9263,Home & Kitchen,Milton Thermos,,1,01-01-26,Shipped,Hyderabad,27
FK-10264,Customer_9264,Electronics,Apple iPhone 15,,2,01-02-25,Shipped,BLR,24%
FK-10265,Customer_9265,Beauty,Lakme Eyeliner,63826,1,13-04-25,Pending,,15%
FK-10266,Customer_9266,Clothing,Saree,57403,3,17-05-25,Returned,Gurgaon,30
FK-10267,Customer_9267,Books,Dune,57864,4,22-07-25,Returned,Bengaluru,25
FK-10268,Customer_9268,Shoes,Nike Running Shoes,64481,1,Jun 14 2025,Shipped,Hyd,29
FK-10269,Customer_9269,Electronics,HP Pavilion Laptop,16867,1,30-03-26,Shipped,Pune,22
10270,Customer_9270,Home & Kitchen,Bajaj Iron,49616,1,04-04-26,Returned,Kolkata,19
FK-10271,Customer_9271,Beauty,Nivea Lotion,-52609,2,16-08-25,Canceled,Hyd,22
FK-10272,Customer_9272,home & kitchen,Prestige Cooker,59223,1,03-06-25,Delivered,,NULL
FK-10273,Customer_9273,Books,Dune,7541,1,,Shipped,Chennai,27
FK-10274,Customer_9274,Home & Kitchen,Pigeon Gas Stove,53604,1,29-06-25,Canceled,Gurgaon,15
FK-10275,Customer_9275,Electronics,Boat Airdopes,54586,2,29-05-25,Pending,,3
FK-10275,Customer_9275,Electronics,Boat Airdopes,54586,2,29-05-25,Pending,,3
FK-10276,Customer_9276,Books,Atomic Habits,73641,2,03-06-25,Returned,Pune,25
FK-10277,,Electronics,Boat Airdopes,1702,2,20-12-25,Pending,Hyderabad,23
FK-10278,Customer_9278,Shoes,Adidas Sliders,₹17847,2,15-02-26,Shipped,Gurgaon,17
FK-10279,Customer_9279,Shoes,Puma Sneakers,3850,1,Mar 24 2026,Pending,Hyd,6
FK-10280,Customer_9280,Books,Dune,28068,1,,Returned,Hyd,28
10281,,Clothing,Jacket,₹72178,one,06-02-26,returned,Bengaluru,10
FK-10282,Customer_9282,Beauty,Maybelline Lipstick,31942,1,29-01-26,Shipped,BLR,9%
FK-10283,Customer_9283,Shoes,Puma Sneakers,37993,4,15-02-26,returned,Gurgaon,16
FK-10284,Customer_9284,CLOTHING,Jacket,66027,1,23-02-25,Delivered,Chennai,7
FK-10285,Customer_9285,Electronics,Dell Mouse,33964,1,02-01-25,Pending,Bengaluru,22
FK-10286,Customer_9286,Shoes,Nike Running Shoes,-5156,1,15-09-25,Pending,Delhi,16%
FK-10287,Customer_9287,CLOTHING,Women's Kurta,₹73298,3,09-11-25,Delivered,Mumbai,29%
fk-10288,,electronics,Dell Mouse,1959,two,31-12-25,delivered,BLR,10
FK-10289,Customer_9289,Electronics,Boat Airdopes,,1,22-02-25,Shipped,Gurgaon,13%
FK-10290,Customer_9290,HOME & KITCHEN,Bajaj Iron,Rs. 62052,1,14-03-25,delivered,Hyderabad,15
FK-10291,,Books,Rich Dad Poor Dad,6187,999,13-11-25,Canceled,,14
FK-10292,Customer_9292,Books,Python Crash Course,35592,1,16-11-25,Delivered,Chennai,17
FK-10292,Customer_9292,Books,Python Crash Course,35592,1,16-11-25,Delivered,Chennai,17
FK-10293,Customer_9293,Shoes,Adidas Sliders,₹64709,1,28-01-26,Canceled,BLR,20
FK-10294,Customer_9294,Books,Atomic Habits,57136,1,28-04-26,Returned,,15
FK-10295,Customer_9295,Books,Dune,20555,,Feb 21 2025,Shipped,,25
FK-10295,Customer_9295,Books,Dune,20555,,Feb 21 2025,Shipped,,25
FK-10296,Customer_9296,beauty,Lakme Eyeliner,8089,2,24-06-25,Returned,Kolkata,17
FK-10297,Customer_9297,Clothing,Jeans,₹61535,1,,Shipped,Delhi,12
FK-10298,Customer_9298,shoes,Nike Running Shoes,Rs. 59799,1,11-01-26,Returned,Kolkata,27
FK-10299,Customer_9299,Electronics,Samsung Galaxy M14,62014,1,27-11-25,Delivered,,12
FK-10300,Customer_9300,Books,Python Crash Course,63278,3,08-05-26,Returned,Chennai,
FK-10301,Customer_9301,Shoes,Puma Sneakers,74622,1,Jan 10 2026,returned,Mumbai,6
FK-10302,Customer_9302,Books,Dune,67368,1,,Shipped,Pune,8
FK-10303,Customer_9303,Home & Kitchen,Prestige Cooker,44203,2,02-01-26,Delivered,Hyderabad,NULL
FK-10304,Customer_9304,Beauty,Maybelline Lipstick,₹63874,1,01-08-25,Shipped,Bengaluru,N/A
FK-10305,Customer_9305,Clothing,Women's Kurta,Rs. 56072,1,12-05-25,Canceled,,NULL
FK-10306,,Home & Kitchen,Pigeon Gas Stove,₹62271,1,27-06-25,delivered,Pune,17
FK-10307,Customer_9307,Beauty,Maybelline Lipstick,27626,1,Oct 25 2025,Pending,Bengaluru,
FK-10308,Customer_9308,books,Python Crash Course,₹40228,2,25-09-25,Canceled,BLR,6
FK-10309,Customer_9309,Beauty,Lakme Eyeliner,₹16142,1,25-08-25,delivered,Chennai,0
FK-10310,Customer_9310,Home & Kitchen,Pigeon Gas Stove,64701,1,02-02-25,delivered,Bengaluru,NULL
FK-10311,Customer_9311,Home & Kitchen,Milton Thermos,Rs. 68174,3,16-03-25,returned,Gurgaon,NULL
FK-10312,Customer_9312,,Sony Headphones,11619,1,Aug 16 2025,Canceled,Hyd,19
FK-10313,Customer_9313,HOME & KITCHEN,Milton Thermos,46395,2,05-09-25,returned,Bengaluru,7
FK-10314,Customer_9314,Books,Dune,9329,2,,Shipped,Hyd,10
FK-10315,Customer_9315,Books,Python Crash Course,65740,two,08-10-25,returned,Bengaluru,4
FK-10316,Customer_9316,shoes,Nike Running Shoes,28112,1,Aug 19 2025,returned,,8
FK-10317,Customer_9317,Books,Python Crash Course,39721,1,03-05-26,Returned,Gurgaon,13
FK-10318,Customer_9318,Home & Kitchen,Prestige Cooker,68737,1,15-02-25,Returned,Hyd,NULL
FK-10319,Customer_9319,Clothing,Saree,35360,one,29-12-25,Pending,BLR,27%
FK-10320,Customer_9320,Beauty,Nivea Lotion,,2,24-04-26,Returned,Chennai,22
FK-10321,Customer_9321,Beauty,Maybelline Lipstick,-26075,5,08-11-25,Delivered,Gurgaon,30
FK-10322,Customer_9322,shoes,Nike Running Shoes,61238,2,20-01-25,Pending,Bengaluru,9
FK-10323,Customer_9323,CLOTHING,Jeans,48830,1,19-09-25,Shipped,Kolkata,N/A
FK-10324,Customer_9324,Electronics,Apple iPhone 15,51655,1,10-04-25,returned,Delhi,15
FK-10325,Customer_9325,shoes,Nike Running Shoes,Rs. 31305,2,17-09-25,Shipped,Bengaluru,18
10326,Customer_9326,Books,Dune,Rs. 1274,1,01-02-26,delivered,Gurgaon,12
FK-10327,Customer_9327,Books,Dune,₹50296,1,14-05-25,Pending,BLR,7
FK-10328,Customer_9328,Clothing,Jeans,Rs. 58474,4,14-12-25,Pending,,21
FK-10329,Customer_9329,Home & Kitchen,Milton Thermos,21507,1,16-08-25,Returned,Delhi,0
10330,Customer_9330,Electronics,Samsung Galaxy M14,15215,2,18-08-25,Pending,Bengaluru,13
10331,Customer_9331,home & kitchen,Milton Thermos,7964,1,23-04-26,returned,BLR,3
FK-10332,Customer_9332,Clothing,Men's T-Shirt,-41624,1,16-01-26,Shipped,Pune,9%
FK-10333,Customer_9333,Beauty,Maybelline Lipstick,42347,1,Aug 25 2025,Delivered,Bengaluru,NULL
FK-10334,Customer_9334,ELECTRONICS,Dell Mouse,64093,3,04-02-26,delivered,Kolkata,11
FK-10335,Customer_9335,Beauty,Maybelline Lipstick,-2090,2,Mar 03 2025,delivered,BLR,NULL
FK-10336,Customer_9336,Books,Dune,67480,1,May 16 2026,Delivered,BLR,1
FK-10337,Customer_9337,Books,Dune,39760,2,04-02-26,Delivered,Hyd,
FK-10338,Customer_9338,Beauty,Nivea Lotion,Rs. 7662,1,31-05-25,Returned,Bengaluru,21
FK-10339,Customer_9339,Beauty,Nivea Lotion,69351,1,22-08-25,Shipped,Gurgaon,N/A
FK-10340,Customer_9340,electronics,Apple iPhone 15,33208,1,07-05-26,returned,Mumbai,
FK-10341,Customer_9341,Shoes,Nike Running Shoes,Rs. 63477,2,09-04-25,Canceled,Kolkata,14
FK-10342,Customer_9342,Shoes,Adidas Sliders,21533,1,27-11-25,Canceled,Chennai,26
FK-10343,Customer_9343,Home & Kitchen,Prestige Cooker,17368,2,07-09-25,Shipped,Kolkata,13
FK-10344,Customer_9344,Clothing,Jacket,₹39049,2,21-05-25,Returned,Hyderabad,8
FK-10345,Customer_9345,Books,Atomic Habits,47662,1,08-02-25,Delivered,Chennai,6
FK-10346,Customer_9346,Electronics,Dell Mouse,,4,16-06-25,Shipped,Chennai,
FK-10347,Customer_9347,Beauty,Nivea Lotion,5656,1,14-01-26,Pending,BLR,6%
FK-10348,Customer_9348,Beauty,Maybelline Lipstick,17865,1,04-02-26,Delivered,,5
FK-10349,Customer_9349,Electronics,Sony Headphones,25385,2,23-01-25,Delivered,Pune,15
FK-10350,Customer_9350,HOME & KITCHEN,Pigeon Gas Stove,2762,,Nov 12 2025,Pending,Mumbai,NULL
FK-10351,Customer_9351,,Apple iPhone 15,39454,1,Jan 25 2025,delivered,,3
FK-10352,Customer_9352,Shoes,Puma Sneakers,₹36670,1,24-06-25,returned,Hyderabad,0
FK-10353,Customer_9353,electronics,HP Pavilion Laptop,Rs. 62704,1,06-01-26,delivered,,23
FK-10354,Customer_9354,Clothing,Jeans,71062,2,06-11-25,returned,,N/A
FK-10355,Customer_9355,Books,Dune,66906,one,10-05-25,Pending,Pune,27
fk-10356,Customer_9356,Home & Kitchen,Pigeon Gas Stove,Rs. 18646,2,,Delivered,BLR,4
FK-10357,Customer_9357,Electronics,HP Pavilion Laptop,34414,1,17-09-25,delivered,Hyderabad,24
FK-10358,Customer_9358,shoes,Adidas Sliders,12824,1,17-12-25,Shipped,BLR,16
fk-10359,Customer_9359,ELECTRONICS,Boat Airdopes,,1,09-10-25,Pending,Kolkata,20
FK-10360,Customer_9360,Shoes,Adidas Sliders,45520,4,15-09-25,Canceled,BLR,10
10361,Customer_9361,Shoes,Nike Running Shoes,1876,-1,20-06-25,Canceled,Pune,23
FK-10362,Customer_9362,Electronics,HP Pavilion Laptop,-6380,1,10-05-25,Returned,,15
FK-10363,Customer_9363,Beauty,Nivea Lotion,Rs. 54131,1,Aug 24 2025,Shipped,Hyderabad,1%
FK-10364,Customer_9364,Books,Dune,18463,1,06-04-26,Canceled,Pune,18
FK-10365,Customer_9365,Electronics,Apple iPhone 15,,1,09-05-26,Returned,Hyderabad,30
FK-10366,Customer_9366,Home & Kitchen,Prestige Cooker,67110,1,10-12-25,Canceled,Bengaluru,21%
FK-10367,Customer_9367,Beauty,Maybelline Lipstick,15976,1,11-11-25,Pending,Hyd,24
FK-10368,Customer_9368,Books,Rich Dad Poor Dad,-35588,2,04-05-25,Delivered,Chennai,NULL
10369,Customer_9369,Home & Kitchen,Prestige Cooker,8358,1,02-05-25,Shipped,Hyderabad,24
FK-10370,Customer_9370,Books,Rich Dad Poor Dad,8608,2,May 10 2026,Delivered,,2
FK-10371,Customer_9371,Home & Kitchen,Bajaj Iron,60922,1,08-11-25,Canceled,Pune,
FK-10372,Customer_9372,Electronics,Samsung Galaxy M14,58288,1,30-10-25,delivered,Hyd,9%
FK-10373,Customer_9373,CLOTHING,Saree,21521,1,Nov 15 2025,Pending,Hyd,N/A
FK-10374,Customer_9374,Shoes,Puma Sneakers,40703,2,17-11-25,Canceled,BLR,NULL
FK-10375,Customer_9375,Clothing,Women's Kurta,18155,1,27-01-25,Pending,Bengaluru,3
FK-10376,Customer_9376,Beauty,Lakme Eyeliner,50389,1,19-03-26,Pending,Pune,7
FK-10377,Customer_9377,,Samsung Galaxy M14,Rs. 13126,4,23-03-26,delivered,Hyd,1
FK-10378,Customer_9378,beauty,Maybelline Lipstick,₹73107,1,01-09-25,returned,BLR,18%
FK-10379,Customer_9379,Home & Kitchen,Prestige Cooker,56833,1,26-11-25,Canceled,Bengaluru,N/A
FK-10379,Customer_9379,Home & Kitchen,Prestige Cooker,56833,1,26-11-25,Canceled,Bengaluru,N/A
FK-10380,Customer_9380,Electronics,Apple iPhone 15,66545,1,16-05-26,Delivered,Pune,18%
FK-10381,Customer_9381,Beauty,Nivea Lotion,44647,4,15-05-25,Pending,Chennai,27%
fk-10382,Customer_9382,BOOKS,Dune,51995,1,,Delivered,Kolkata,14%
FK-10383,Customer_9383,,Apple iPhone 15,19106,4,24-01-25,Returned,Kolkata,0
FK-10384,Customer_9384,Shoes,Adidas Sliders,54754,1,28-08-25,Delivered,Kolkata,
FK-10385,Customer_9385,Beauty,Maybelline Lipstick,₹34661,,Feb 18 2025,Returned,Delhi,12
FK-10386,Customer_9386,Shoes,Adidas Sliders,25776,1,26-06-25,Pending,BLR,N/A
FK-10387,Customer_9387,Clothing,Women's Kurta,48136,1,19-06-25,delivered,Pune,22
FK-10388,Customer_9388,Electronics,Apple iPhone 15,₹72591,1,13-02-25,Returned,Gurgaon,6
FK-10389,Customer_9389,beauty,Lakme Eyeliner,71501,3,03-11-25,Canceled,Hyd,
FK-10390,Customer_9390,Electronics,Sony Headphones,28352,3,01-06-25,Delivered,Chennai,15%
FK-10391,Customer_9391,Books,Rich Dad Poor Dad,62014,3,16-04-26,Returned,,7
FK-10392,Customer_9392,Beauty,Lakme Eyeliner,-36725,1,Jan 24 2025,Returned,Kolkata,5
FK-10393,,Home & Kitchen,Milton Thermos,22960,1,06-12-25,Returned,Gurgaon,12
FK-10394,Customer_9394,Home & Kitchen,Pigeon Gas Stove,37585,2,08-05-26,returned,Hyd,2
FK-10395,Customer_9395,Beauty,Maybelline Lipstick,,1,01-06-25,Canceled,Delhi,18
FK-10396,Customer_9396,Electronics,Boat Airdopes,Rs. 59416,1,04-02-25,returned,Bengaluru,7
FK-10397,Customer_9397,Home & Kitchen,Prestige Cooker,56235,2,13-06-25,Pending,Delhi,1
FK-10398,Customer_9398,Beauty,Maybelline Lipstick,₹48340,1,30-01-25,Delivered,Delhi,
FK-10399,Customer_9399,Home & Kitchen,Prestige Cooker,,1,13-08-25,returned,Hyderabad,15%
FK-10400,Customer_9400,Electronics,Dell Mouse,24444,1,12-03-25,delivered,Delhi,4
FK-10401,Customer_9401,Clothing,Jacket,35900,1,14-12-25,Shipped,BLR,4
FK-10402,Customer_9402,Home & Kitchen,Milton Thermos,,1,31-01-26,Delivered,Bengaluru,29%
FK-10403,Customer_9403,Clothing,Women's Kurta,67347,1,23-07-25,Returned,Hyd,21
FK-10404,Customer_9404,Home & Kitchen,Prestige Cooker,-70524,1,15-09-25,Delivered,BLR,26
FK-10405,Customer_9405,Electronics,Apple iPhone 15,72762,1,30-04-26,delivered,Pune,12
FK-10406,Customer_9406,Electronics,Boat Airdopes,49541,2,06-01-26,Delivered,Delhi,20
FK-10407,Customer_9407,home & kitchen,Bajaj Iron,72896,2,03-10-25,Shipped,Kolkata,16
FK-10408,Customer_9408,Beauty,Nivea Lotion,47837,two,17-10-25,Returned,Gurgaon,24
FK-10409,Customer_9409,Clothing,Jacket,24267,1,23-03-25,returned,Chennai,15%
FK-10410,,Beauty,Maybelline Lipstick,21021,1,17-02-25,Shipped,Delhi,24
FK-10411,Customer_9411,Clothing,Saree,5975,1,01-06-25,Pending,Delhi,30%
FK-10412,Customer_9412,Electronics,Sony Headphones,40580,one,19-09-25,Pending,,3%
10413,Customer_9413,Clothing,Women's Kurta,38420,1,09-06-25,Canceled,Chennai,7
FK-10414,Customer_9414,Home & Kitchen,Prestige Cooker,59711,999,20-02-26,Shipped,Bengaluru,18
FK-10415,Customer_9415,Home & Kitchen,Bajaj Iron,₹71895,one,08-09-25,returned,Bengaluru,22
FK-10416,Customer_9416,Beauty,Nivea Lotion,47692,1,06-12-25,Delivered,BLR,NULL
FK-10417,Customer_9417,Shoes,Puma Sneakers,6668,1,21-04-26,delivered,,11
fk-10418,Customer_9418,Beauty,Nivea Lotion,61624,3,05-11-25,Shipped,Bengaluru,19
10419,Customer_9419,Home & Kitchen,Prestige Cooker,-65728,,03-10-25,Pending,Gurgaon,9
FK-10420,Customer_9420,Books,Atomic Habits,12901,1,27-06-25,Pending,Hyderabad,4
FK-10421,,Electronics,HP Pavilion Laptop,68069,1,03-11-25,Pending,Hyderabad,25
FK-10422,Customer_9422,Beauty,Maybelline Lipstick,37495,3,03-04-25,Returned,Pune,27
FK-10423,Customer_9423,Home & Kitchen,Prestige Cooker,8347,4,09-01-26,returned,Kolkata,20
FK-10424,Customer_9424,Clothing,Saree,Rs. 68176,1,06-08-25,Canceled,Chennai,9
FK-10425,Customer_9425,Clothing,Jeans,3675,3,28-11-25,Delivered,Hyd,23
FK-10426,Customer_9426,Beauty,Maybelline Lipstick,73389,4,21-12-25,Delivered,Bengaluru,NULL
FK-10427,Customer_9427,Home & Kitchen,Pigeon Gas Stove,23408,1,13-01-25,Returned,,18
FK-10428,Customer_9428,Books,Python Crash Course,26108,2,Feb 03 2026,returned,,1
FK-10429,Customer_9429,Clothing,Women's Kurta,25220,1,31-01-25,Canceled,,25
FK-10430,,SHOES,Puma Sneakers,596,1,19-05-25,returned,Hyd,N/A
FK-10431,Customer_9431,CLOTHING,Jeans,20203,1,Mar 12 2025,Canceled,Pune,3
FK-10432,Customer_9432,Beauty,Maybelline Lipstick,27973,1,11-05-25,Canceled,Chennai,13
FK-10433,Customer_9433,Books,Dune,38248,1,25-03-25,Delivered,Pune,
FK-10434,Customer_9434,Home & Kitchen,Bajaj Iron,38862,2,05-09-25,Delivered,Delhi,7
FK-10435,Customer_9435,Beauty,Nivea Lotion,9032,1,14-03-26,Pending,Pune,15
FK-10436,Customer_9436,Home & Kitchen,Milton Thermos,5903,1,18-07-25,Pending,Pune,12
10437,Customer_9437,Home & Kitchen,Bajaj Iron,67199,2,23-03-26,Returned,Chennai,NULL
FK-10438,Customer_9438,,Dell Mouse,Rs. 19115,1,Aug 09 2025,Shipped,Mumbai,26
FK-10439,Customer_9439,beauty,Lakme Eyeliner,Rs. 59638,-1,26-06-25,returned,Hyderabad,
FK-10440,Customer_9440,home & kitchen,Pigeon Gas Stove,-55465,1,26-04-26,Delivered,Mumbai,27
FK-10441,Customer_9441,electronics,Sony Headphones,-6862,3,15-01-26,Pending,BLR,14
FK-10442,Customer_9442,Electronics,Sony Headphones,55206,1,22-08-25,Pending,Mumbai,NULL
FK-10443,Customer_9443,,Boat Airdopes,53162,1,11-08-25,Canceled,Delhi,23
FK-10444,Customer_9444,Books,Dune,₹40238,1,,returned,Pune,11
FK-10445,Customer_9445,Shoes,Puma Sneakers,50301,1,21-08-25,Shipped,Hyderabad,24
FK-10446,Customer_9446,Beauty,Nivea Lotion,35307,1,18-02-25,Canceled,Kolkata,18
FK-10447,Customer_9447,Beauty,Lakme Eyeliner,52137,1,Jan 12 2026,Delivered,BLR,3
FK-10448,Customer_9448,Home & Kitchen,Pigeon Gas Stove,56868,1,21-03-26,Returned,Mumbai,6
FK-10449,Customer_9449,Books,Rich Dad Poor Dad,72383,1,02-02-25,Returned,Mumbai,30
FK-10450,Customer_9450,Electronics,Apple iPhone 15,12359,1,22-10-25,delivered,Mumbai,26
FK-10451,Customer_9451,Beauty,Lakme Eyeliner,-34170,4,20-12-25,returned,Pune,17
FK-10452,Customer_9452,Shoes,Nike Running Shoes,60758,1,13-10-25,Pending,Hyd,21
FK-10453,,Books,Dune,8466,4,10-05-25,Pending,BLR,8
FK-10454,Customer_9454,Shoes,Nike Running Shoes,8791,1,20-11-25,Delivered,,21
FK-10455,Customer_9455,Books,Atomic Habits,24863,4,27-06-25,returned,Hyderabad,26
FK-10456,Customer_9456,Clothing,Jacket,74213,2,31-03-25,Delivered,Delhi,30%
FK-10457,Customer_9457,Beauty,Maybelline Lipstick,64862,1,01-01-25,Delivered,BLR,4
FK-10458,Customer_9458,Clothing,Jeans,61772,4,16-01-25,delivered,Chennai,27
FK-10459,Customer_9459,Clothing,Saree,59731,1,24-04-25,Shipped,BLR,6
FK-10460,Customer_9460,Clothing,Jeans,31573,1,07-06-25,Delivered,Kolkata,4
FK-10461,,electronics,Boat Airdopes,61006,1,17-01-26,returned,Chennai,0
FK-10462,Customer_9462,Home & Kitchen,Milton Thermos,1041,3,12-02-26,delivered,Kolkata,
FK-10463,,Books,Rich Dad Poor Dad,₹23676,3,21-05-25,returned,Chennai,21
FK-10464,Customer_9464,Clothing,Jacket,24460,1,23-11-25,Shipped,BLR,18
FK-10465,Customer_9465,Books,Dune,63296,1,10-03-25,returned,Kolkata,21
FK-10466,Customer_9466,Books,Python Crash Course,13995,1,Oct 26 2025,Delivered,Gurgaon,
FK-10467,Customer_9467,Shoes,Nike Running Shoes,Rs. 26734,1,20-07-25,delivered,Mumbai,11
FK-10468,,Shoes,Puma Sneakers,-4402,2,28-03-26,Returned,,2
FK-10469,Customer_9469,Home & Kitchen,Prestige Cooker,11880,2,12-11-25,returned,Hyd,N/A
FK-10470,Customer_9470,shoes,Nike Running Shoes,2805,2,08-01-25,returned,Mumbai,25
FK-10471,Customer_9471,Beauty,Lakme Eyeliner,₹51384,1,05-07-25,Shipped,BLR,N/A
FK-10472,Customer_9472,,Samsung Galaxy M14,-29565,1,05-12-25,Delivered,Pune,21
10473,Customer_9473,Beauty,Lakme Eyeliner,₹55342,-1,10-01-25,returned,Hyderabad,19%
FK-10474,Customer_9474,home & kitchen,Milton Thermos,15106,4,22-08-25,Returned,Mumbai,30
10475,Customer_9475,Home & Kitchen,Bajaj Iron,₹371,1,24-02-25,Canceled,Hyderabad,25
FK-10476,Customer_9476,Electronics,Dell Mouse,20252,2,23-03-26,returned,Bengaluru,9
FK-10477,Customer_9477,Beauty,Maybelline Lipstick,5750,1,17-08-25,Pending,Kolkata,12
FK-10478,Customer_9478,Electronics,Apple iPhone 15,55978,2,07-03-25,Pending,,3%
FK-10479,Customer_9479,Shoes,Nike Running Shoes,32204,1,27-04-26,Returned,Kolkata,30%
FK-10480,Customer_9480,Clothing,Jacket,Rs. 49631,1,08-01-25,delivered,Mumbai,29%
FK-10481,Customer_9481,books,Atomic Habits,37193,1,02-02-26,Shipped,Hyd,0
FK-10482,Customer_9482,Clothing,Jeans,55156,1,03-04-25,Canceled,Pune,12
FK-10483,Customer_9483,books,Python Crash Course,71416,1,10-05-25,returned,Delhi,9
FK-10484,Customer_9484,electronics,Boat Airdopes,37554,2,Jul 15 2025,Shipped,Hyd,1
FK-10485,Customer_9485,Shoes,Nike Running Shoes,58080,1,22-09-25,delivered,Hyderabad,26
FK-10486,Customer_9486,Shoes,Nike Running Shoes,67218,1,,Canceled,Bengaluru,29
FK-10487,Customer_9487,Home & Kitchen,Milton Thermos,11479,1,09-03-26,delivered,Gurgaon,28
FK-10488,Customer_9488,Clothing,Saree,,1,18-02-25,delivered,Hyderabad,N/A
FK-10489,Customer_9489,Home & Kitchen,Bajaj Iron,6127,2,24-08-25,delivered,Pune,12
FK-10490,Customer_9490,Shoes,Nike Running Shoes,9279,1,Apr 28 2026,delivered,Kolkata,2
FK-10491,Customer_9491,shoes,Nike Running Shoes,-2867,1,Mar 14 2025,Returned,Hyd,5%
FK-10492,Customer_9492,Shoes,Nike Running Shoes,57277,5,19-05-25,delivered,,19%
FK-10493,Customer_9493,Books,Python Crash Course,31119,1,06-04-26,Delivered,Hyderabad,18
FK-10494,Customer_9494,clothing,Women's Kurta,₹10185,1,28-02-25,delivered,Chennai,29
FK-10495,Customer_9495,Shoes,Puma Sneakers,₹50980,2,05-11-25,Canceled,BLR,23
FK-10496,Customer_9496,Shoes,Adidas Sliders,₹55446,1,10-03-26,Returned,BLR,28
FK-10497,Customer_9497,Home & Kitchen,Milton Thermos,,3,01-09-25,Canceled,Kolkata,14
FK-10498,Customer_9498,Electronics,HP Pavilion Laptop,1536,1,20-07-25,Returned,Hyderabad,NULL
FK-10499,Customer_9499,Beauty,Nivea Lotion,9387,1,15-03-26,Shipped,,6
FK-10500,Customer_9500,Home & Kitchen,Milton Thermos,28271,1,05-02-26,delivered,Kolkata,18
FK-10501,Customer_9501,Electronics,Apple iPhone 15,40268,1,03-02-25,returned,Pune,19
FK-10502,Customer_9502,Beauty,Lakme Eyeliner,36853,2,27-11-25,Shipped,Pune,
10503,Customer_9503,,Boat Airdopes,40937,1,03-08-25,Shipped,Pune,28
FK-10504,,Electronics,Boat Airdopes,23683,2,05-10-25,delivered,Kolkata,15%
FK-10505,Customer_9505,Clothing,Jacket,29091,1,16-08-25,Shipped,Bengaluru,19%
FK-10506,Customer_9506,Electronics,Dell Mouse,25693,2,20-02-26,Returned,BLR,8
FK-10507,Customer_9507,Clothing,Saree,74452,2,21-07-25,delivered,Hyd,NULL
FK-10508,Customer_9508,,HP Pavilion Laptop,₹22877,1,07-04-26,returned,Hyderabad,23
FK-10509,Customer_9509,Home & Kitchen,Pigeon Gas Stove,₹24268,4,02-02-25,Pending,Hyderabad,20
FK-10510,Customer_9510,Beauty,Nivea Lotion,Rs. 33881,4,Jan 06 2026,Delivered,Delhi,4%
FK-10511,Customer_9511,SHOES,Adidas Sliders,3986,1,09-01-25,Shipped,Delhi,5
FK-10512,Customer_9512,electronics,Apple iPhone 15,74184,1,28-04-25,returned,Mumbai,3
FK-10513,Customer_9513,Electronics,Boat Airdopes,29155,3,31-01-26,Shipped,,8
FK-10514,Customer_9514,Beauty,Maybelline Lipstick,-4687,3,28-02-25,returned,Hyderabad,7
FK-10515,Customer_9515,Shoes,Puma Sneakers,74977,1,Nov 18 2025,Shipped,Pune,27
FK-10516,Customer_9516,Shoes,Nike Running Shoes,72277,1,05-01-26,Returned,Pune,27
FK-10517,,Electronics,Apple iPhone 15,6068,1,15-08-25,Shipped,Gurgaon,0
FK-10518,Customer_9518,Books,Python Crash Course,Rs. 4722,1,26-01-25,Pending,Mumbai,3
FK-10519,Customer_9519,Home & Kitchen,Prestige Cooker,70248,1,24-02-26,Canceled,Kolkata,
FK-10520,Customer_9520,Home & Kitchen,Milton Thermos,74288,1,06-12-25,Canceled,Hyd,19
FK-10521,Customer_9521,Shoes,Puma Sneakers,₹10561,1,30-01-25,Canceled,Bengaluru,
FK-10522,Customer_9522,Beauty,Maybelline Lipstick,₹66591,1,12-05-25,Pending,BLR,1
FK-10523,Customer_9523,Clothing,Men's T-Shirt,Rs. 44351,1,27-06-25,Delivered,Mumbai,11
FK-10524,Customer_9524,Clothing,Men's T-Shirt,30960,3,05-09-25,Canceled,Bengaluru,17
FK-10524,Customer_9524,Clothing,Men's T-Shirt,30960,3,05-09-25,Canceled,Bengaluru,17
FK-10525,Customer_9525,Electronics,Dell Mouse,41602,1,20-01-25,returned,Gurgaon,4
fk-10526,Customer_9526,Beauty,Maybelline Lipstick,-3483,1,12-02-25,Returned,Pune,11
FK-10527,Customer_9527,Clothing,Women's Kurta,7890,1,31-01-26,Returned,Delhi,17
FK-10528,Customer_9528,Books,Rich Dad Poor Dad,Rs. 16987,1,31-05-25,returned,Mumbai,26
FK-10529,Customer_9529,Books,Rich Dad Poor Dad,14423,1,26-03-26,Returned,Gurgaon,27
FK-10530,Customer_9530,home & kitchen,Pigeon Gas Stove,69623,4,11-03-25,Delivered,Hyd,26%
FK-10531,Customer_9531,Home & Kitchen,Bajaj Iron,,2,20-01-26,Pending,Delhi,23
FK-10532,Customer_9532,Shoes,Puma Sneakers,Rs. 29335,2,07-03-26,returned,Kolkata,18
FK-10533,Customer_9533,Home & Kitchen,Milton Thermos,9726,one,31-08-25,delivered,Hyderabad,26%
FK-10533,Customer_9533,Home & Kitchen,Milton Thermos,9726,one,31-08-25,delivered,Hyderabad,26%
FK-10534,Customer_9534,Home & Kitchen,Bajaj Iron,36124,1,06-10-25,Pending,Pune,11
fk-10535,Customer_9535,beauty,Maybelline Lipstick,,1,Jul 08 2025,Shipped,Mumbai,3
fk-10536,Customer_9536,Home & Kitchen,Prestige Cooker,16649,1,29-06-25,Returned,Hyderabad,8
FK-10537,Customer_9537,Beauty,Nivea Lotion,₹58016,1,14-05-25,Shipped,,10
FK-10538,Customer_9538,Home & Kitchen,Bajaj Iron,Rs. 51245,1,21-01-25,delivered,Mumbai,24
FK-10539,Customer_9539,Clothing,Jeans,46230,5,02-01-26,returned,Hyderabad,15
FK-10540,Customer_9540,Shoes,Adidas Sliders,-62971,3,30-04-26,Canceled,Pune,12
FK-10541,Customer_9541,Electronics,Sony Headphones,Rs. 43346,1,22-04-26,Pending,Kolkata,7%
FK-10541,Customer_9541,Electronics,Sony Headphones,Rs. 43346,1,22-04-26,Pending,Kolkata,7%
FK-10542,,,Sony Headphones,36852,3,,Delivered,Hyderabad,24%
FK-10543,Customer_9543,Books,Rich Dad Poor Dad,₹47544,2,05-09-25,Pending,Mumbai,16
FK-10544,Customer_9544,Beauty,Nivea Lotion,51285,4,Apr 22 2025,returned,Pune,NULL
FK-10545,Customer_9545,Books,Python Crash Course,24237,1,04-03-25,Canceled,Gurgaon,27
FK-10546,Customer_9546,Home & Kitchen,Bajaj Iron,,1,03-02-25,delivered,Delhi,8
FK-10547,Customer_9547,Beauty,Lakme Eyeliner,71174,1,21-11-25,Returned,Hyderabad,15
FK-10548,Customer_9548,Books,Python Crash Course,Rs. 51591,2,07-05-25,Returned,Bengaluru,17
FK-10549,Customer_9549,Clothing,Jacket,,2,,Canceled,Hyd,14
FK-10550,Customer_9550,Electronics,Samsung Galaxy M14,51930,1,21-01-25,Returned,Kolkata,27
10551,,Books,Rich Dad Poor Dad,57012,2,28-12-25,Delivered,,
FK-10552,Customer_9552,Beauty,Maybelline Lipstick,46561,1,25-01-25,Delivered,Kolkata,14%
FK-10553,Customer_9553,Home & Kitchen,Pigeon Gas Stove,17991,1,04-02-26,Pending,Bengaluru,9
FK-10554,Customer_9554,Shoes,Adidas Sliders,Rs. 20431,1,05-02-26,Returned,Hyd,9
FK-10555,Customer_9555,Home & Kitchen,Bajaj Iron,14852,1,08-09-25,Pending,Kolkata,7
FK-10556,Customer_9556,Home & Kitchen,Bajaj Iron,71797,1,26-03-26,Canceled,Mumbai,19%
FK-10557,Customer_9557,Home & Kitchen,Milton Thermos,,one,30-10-25,returned,Chennai,NULL
FK-10558,Customer_9558,Books,Atomic Habits,,2,Jan 12 2026,Canceled,BLR,7
FK-10559,Customer_9559,Shoes,Puma Sneakers,71429,2,21-09-25,Shipped,Hyd,23
FK-10560,Customer_9560,Home & Kitchen,Bajaj Iron,₹62477,1,28-02-25,Pending,Pune,26
FK-10561,Customer_9561,Clothing,Jacket,39438,1,20-02-26,Delivered,BLR,13%
FK-10562,Customer_9562,Home & Kitchen,Pigeon Gas Stove,65651,1,16-05-26,Pending,BLR,8
FK-10563,Customer_9563,Home & Kitchen,Pigeon Gas Stove,1863,,12-04-25,Canceled,Gurgaon,10
FK-10564,Customer_9564,electronics,Sony Headphones,27873,1,Feb 21 2026,delivered,Hyderabad,19
FK-10565,Customer_9565,Clothing,Jeans,21322,3,02-03-25,Returned,Mumbai,1%
FK-10566,Customer_9566,Books,Rich Dad Poor Dad,-31102,1,30-01-26,returned,Bengaluru,3
fk-10567,Customer_9567,Beauty,Nivea Lotion,-39811,1,03-06-25,Delivered,BLR,25%
FK-10568,Customer_9568,Home & Kitchen,Pigeon Gas Stove,66101,1,13-04-26,delivered,,2%
FK-10569,Customer_9569,Clothing,Women's Kurta,44966,3,25-11-25,Shipped,Gurgaon,27
FK-10570,Customer_9570,Electronics,Dell Mouse,-47368,1,13-08-25,returned,Kolkata,12
FK-10571,Customer_9571,Electronics,Dell Mouse,₹21727,1,Sep 12 2025,Delivered,Gurgaon,8
FK-10572,Customer_9572,Beauty,Lakme Eyeliner,65738,1,14-11-25,Delivered,,30
FK-10573,Customer_9573,Shoes,Adidas Sliders,50107,1,15-07-25,Delivered,Hyderabad,N/A
FK-10574,Customer_9574,electronics,Apple iPhone 15,₹2650,1,29-01-25,delivered,Hyderabad,15
FK-10575,Customer_9575,Clothing,Jacket,17065,1,23-02-26,returned,Kolkata,10
FK-10576,Customer_9576,Books,Rich Dad Poor Dad,50706,1,28-11-25,Pending,Kolkata,30
FK-10577,Customer_9577,Clothing,Women's Kurta,6188,5,21-05-25,Returned,Kolkata,27
FK-10578,Customer_9578,electronics,Apple iPhone 15,33615,3,07-09-25,Canceled,Mumbai,19
fk-10579,Customer_9579,Clothing,Jeans,3184,,04-03-26,Canceled,Bengaluru,
FK-10580,Customer_9580,Shoes,Nike Running Shoes,-61881,1,30-09-25,returned,Pune,N/A
10581,Customer_9581,books,Atomic Habits,47765,1,Jul 23 2025,Canceled,Gurgaon,14
FK-10582,Customer_9582,Beauty,Nivea Lotion,36645,1,04-07-25,Shipped,Mumbai,
FK-10583,Customer_9583,Shoes,Adidas Sliders,₹3182,1,,returned,Kolkata,30
fk-10584,Customer_9584,Electronics,Samsung Galaxy M14,Rs. 57152,2,07-03-25,Pending,Delhi,5
FK-10585,,Beauty,Maybelline Lipstick,-2444,4,01-10-25,Returned,Kolkata,13
10586,Customer_9586,Shoes,Puma Sneakers,,1,22-03-25,Returned,,6
FK-10587,Customer_9587,beauty,Nivea Lotion,74588,1,29-06-25,Pending,Mumbai,12
FK-10588,Customer_9588,Books,Rich Dad Poor Dad,35225,1,01-07-25,Shipped,Chennai,9
FK-10589,Customer_9589,Beauty,Lakme Eyeliner,72919,5,21-11-25,Canceled,Gurgaon,16
FK-10590,Customer_9590,Beauty,Maybelline Lipstick,39497,1,25-02-25,Delivered,Chennai,19
FK-10591,Customer_9591,Beauty,Nivea Lotion,9334,1,29-11-25,returned,Kolkata,23
FK-10592,Customer_9592,home & kitchen,Bajaj Iron,70261,4,13-02-25,Returned,,6
FK-10593,Customer_9593,Beauty,Lakme Eyeliner,19612,1,26-04-26,Shipped,Mumbai,12
FK-10593,Customer_9593,Beauty,Lakme Eyeliner,19612,1,26-04-26,Shipped,Mumbai,12
FK-10594,Customer_9594,books,Dune,-66883,1,07-05-26,Canceled,Bengaluru,9
FK-10595,Customer_9595,books,Python Crash Course,33769,-1,31-03-25,returned,Mumbai,11
FK-10596,Customer_9596,Electronics,Sony Headphones,16068,3,17-10-25,Returned,Kolkata,NULL
FK-10597,Customer_9597,Home & Kitchen,Milton Thermos,72302,1,18-01-26,Pending,,NULL
FK-10598,Customer_9598,Beauty,Maybelline Lipstick,4464,1,28-07-25,Returned,Gurgaon,7
FK-10599,Customer_9599,Shoes,Puma Sneakers,45362,one,Mar 30 2026,Shipped,Gurgaon,17
FK-10600,Customer_9600,Shoes,Nike Running Shoes,70601,5,05-01-25,Returned,Pune,23
FK-10601,Customer_9601,HOME & KITCHEN,Prestige Cooker,33374,2,15-10-25,delivered,Chennai,10
FK-10602,Customer_9602,shoes,Adidas Sliders,38420,2,Jul 29 2025,Canceled,Mumbai,12
fk-10603,Customer_9603,Clothing,Saree,25121,3,20-09-25,delivered,Kolkata,19
FK-10604,Customer_9604,Shoes,Nike Running Shoes,50530,1,21-05-25,Delivered,Hyd,5
FK-10605,Customer_9605,books,Atomic Habits,27524,1,01-01-25,Canceled,Kolkata,N/A
FK-10606,Customer_9606,Clothing,Women's Kurta,Rs. 40325,1,09-07-25,Delivered,Hyd,2
FK-10607,Customer_9607,Shoes,Puma Sneakers,₹70112,1,10-02-25,Pending,Bengaluru,5
FK-10608,Customer_9608,Books,Python Crash Course,37645,1,15-06-25,Shipped,Pune,15
FK-10609,Customer_9609,BEAUTY,Lakme Eyeliner,63354,1,18-05-25,Returned,Bengaluru,28
FK-10609,Customer_9609,BEAUTY,Lakme Eyeliner,63354,1,18-05-25,Returned,Bengaluru,28
FK-10610,Customer_9610,Clothing,Jeans,₹40765,1,09-01-25,returned,Gurgaon,4
FK-10611,Customer_9611,Clothing,Jeans,60560,1,30-03-25,Delivered,Kolkata,24
FK-10612,Customer_9612,Books,Atomic Habits,47787,3,24-07-25,delivered,BLR,25
10613,Customer_9613,Beauty,Maybelline Lipstick,47501,1,26-05-25,Returned,Hyderabad,9
FK-10614,Customer_9614,Books,Rich Dad Poor Dad,Rs. 10249,1,19-05-25,returned,Chennai,NULL
FK-10614,Customer_9614,Books,Rich Dad Poor Dad,Rs. 10249,1,19-05-25,returned,Chennai,NULL
FK-10615,Customer_9615,Clothing,Women's Kurta,42876,1,03-06-25,Delivered,,29
FK-10616,Customer_9616,Shoes,Nike Running Shoes,21994,two,18-03-26,Returned,Gurgaon,10
FK-10617,Customer_9617,Electronics,Dell Mouse,55936,1,25-09-25,Delivered,Hyderabad,28
FK-10618,Customer_9618,Electronics,Sony Headphones,13603,1,10-04-26,returned,Chennai,16
FK-10619,Customer_9619,Beauty,Lakme Eyeliner,Rs. 73731,1,Aug 21 2025,Returned,Delhi,20
FK-10620,Customer_9620,Clothing,Saree,26023,,,delivered,Kolkata,21
FK-10621,Customer_9621,Beauty,Nivea Lotion,Rs. 34207,1,08-01-26,Canceled,Gurgaon,6
FK-10622,Customer_9622,,Apple iPhone 15,17297,2,25-01-25,Delivered,BLR,4
FK-10623,Customer_9623,Electronics,HP Pavilion Laptop,66152,1,04-01-26,Shipped,Pune,27
FK-10624,Customer_9624,Books,Dune,₹45288,2,24-04-25,Delivered,,4
FK-10625,Customer_9625,Books,Atomic Habits,67613,1,15-12-25,Delivered,Bengaluru,
FK-10626,Customer_9626,Clothing,Jacket,65041,2,26-11-25,Delivered,Pune,17
FK-10627,Customer_9627,Clothing,Saree,29395,1,27-05-25,Canceled,Mumbai,3
FK-10628,Customer_9628,clothing,Men's T-Shirt,Rs. 9253,1,10-02-25,returned,Mumbai,4
FK-10629,Customer_9629,Electronics,HP Pavilion Laptop,₹19297,1,19-01-26,delivered,Delhi,6
FK-10630,Customer_9630,Beauty,Maybelline Lipstick,13947,2,24-02-25,returned,Kolkata,24%
FK-10631,Customer_9631,home & kitchen,Prestige Cooker,57999,1,16-05-26,Returned,Hyd,2
FK-10632,Customer_9632,Electronics,Sony Headphones,13092,1,30-01-25,Shipped,Delhi,
FK-10633,Customer_9633,Clothing,Jeans,,2,04-11-25,Shipped,Gurgaon,6%
FK-10634,Customer_9634,Clothing,Women's Kurta,37483,2,18-02-25,Returned,BLR,30
FK-10635,Customer_9635,Books,Rich Dad Poor Dad,-19687,1,07-06-25,Shipped,Pune,1
FK-10636,Customer_9636,Shoes,Puma Sneakers,11607,1,16-01-25,delivered,Pune,10
FK-10637,Customer_9637,Clothing,Jacket,,1,18-06-25,Canceled,Gurgaon,0
FK-10638,Customer_9638,Shoes,Adidas Sliders,4221,1,05-05-25,Delivered,Bengaluru,24
FK-10639,Customer_9639,Shoes,Puma Sneakers,-17898,1,20-04-25,Canceled,Delhi,N/A
FK-10640,Customer_9640,Beauty,Maybelline Lipstick,₹11476,2,,returned,Gurgaon,22
FK-10641,Customer_9641,books,Python Crash Course,,3,11-04-26,Canceled,Pune,30
FK-10642,,Shoes,Nike Running Shoes,-57463,1,29-04-25,Delivered,Bengaluru,
FK-10643,Customer_9643,Shoes,Nike Running Shoes,-32124,1,12-08-25,Delivered,Bengaluru,18
FK-10644,Customer_9644,shoes,Nike Running Shoes,57188,3,04-03-25,returned,Delhi,14
FK-10645,Customer_9645,Electronics,Samsung Galaxy M14,38041,3,23-08-25,Delivered,Chennai,29
FK-10646,Customer_9646,Shoes,Adidas Sliders,Rs. 31017,1,17-02-25,Delivered,Bengaluru,7
FK-10647,Customer_9647,Books,Atomic Habits,Rs. 7338,2,16-02-25,Canceled,Chennai,24
10648,Customer_9648,Beauty,Nivea Lotion,15947,3,11-12-25,Delivered,,29
fk-10649,Customer_9649,Electronics,Samsung Galaxy M14,37165,1,13-05-25,Delivered,Gurgaon,16
FK-10650,Customer_9650,Books,Dune,₹2602,4,04-05-26,Shipped,Chennai,13
FK-10651,Customer_9651,Beauty,Lakme Eyeliner,,1,25-01-26,returned,Gurgaon,25
FK-10652,,Beauty,Nivea Lotion,₹6116,1,22-01-25,returned,BLR,
FK-10653,Customer_9653,Home & Kitchen,Milton Thermos,19402,4,Dec 11 2025,Shipped,Mumbai,20
FK-10654,Customer_9654,Beauty,Nivea Lotion,70645,1,Jul 12 2025,delivered,Bengaluru,20
FK-10655,Customer_9655,Home & Kitchen,Bajaj Iron,59032,1,20-11-25,Canceled,,17
FK-10656,Customer_9656,Home & Kitchen,Pigeon Gas Stove,36260,1,17-03-25,Pending,Pune,18
FK-10657,Customer_9657,shoes,Adidas Sliders,13941,3,30-01-25,Shipped,Bengaluru,3
FK-10658,Customer_9658,clothing,Saree,71211,1,17-11-25,delivered,Kolkata,13%
FK-10659,Customer_9659,beauty,Lakme Eyeliner,36070,1,12-09-25,Canceled,Hyd,18
FK-10660,Customer_9660,Clothing,Saree,53188,1,21-03-26,Delivered,Kolkata,NULL
FK-10661,Customer_9661,Beauty,Nivea Lotion,13428,1,,Pending,Hyd,16%
FK-10662,Customer_9662,Books,Python Crash Course,₹25802,4,12-10-25,Canceled,Hyd,24
FK-10663,Customer_9663,Beauty,Nivea Lotion,64625,1,Mar 05 2026,Shipped,,4
FK-10664,Customer_9664,BEAUTY,Nivea Lotion,26787,1,14-01-26,Delivered,Delhi,16
fk-10665,Customer_9665,books,Atomic Habits,33727,2,18-05-25,delivered,Delhi,21
FK-10666,Customer_9666,Clothing,Women's Kurta,39880,1,16-09-25,Pending,Mumbai,26
FK-10667,Customer_9667,BOOKS,Python Crash Course,50301,2,30-03-26,Pending,Delhi,14
FK-10668,Customer_9668,Clothing,Jacket,,2,Apr 03 2026,delivered,Hyd,6
FK-10669,Customer_9669,Books,Python Crash Course,Rs. 6014,3,23-03-25,Pending,Hyd,17
FK-10670,Customer_9670,Shoes,Adidas Sliders,62146,1,25-06-25,Returned,Kolkata,4
FK-10671,Customer_9671,Clothing,Jacket,24545,1,23-04-25,Pending,Hyd,7
FK-10672,Customer_9672,Shoes,Nike Running Shoes,,2,16-01-25,Canceled,Hyd,2
FK-10673,Customer_9673,Electronics,Dell Mouse,59715,1,21-10-25,Pending,Hyderabad,5
FK-10674,Customer_9674,Books,Python Crash Course,₹71562,2,03-01-25,delivered,Chennai,6
FK-10675,Customer_9675,Clothing,Jeans,Rs. 11733,1,03-11-25,Canceled,Kolkata,5
FK-10676,Customer_9676,Electronics,Sony Headphones,28855,1,12-10-25,Pending,Mumbai,8
FK-10677,Customer_9677,Shoes,Puma Sneakers,51925,1,19-12-25,delivered,Pune,18
fk-10678,Customer_9678,books,Rich Dad Poor Dad,Rs. 11014,3,18-03-25,Returned,Pune,
10679,Customer_9679,Electronics,Sony Headphones,14083,2,27-09-25,Shipped,Chennai,22
FK-10680,Customer_9680,Home & Kitchen,Bajaj Iron,45631,2,09-06-25,Pending,,16
FK-10681,Customer_9681,Clothing,Jacket,43010,1,10-08-25,Pending,Hyderabad,14
FK-10682,Customer_9682,Electronics,Sony Headphones,60388,1,20-10-25,returned,Mumbai,
FK-10683,Customer_9683,Home & Kitchen,Milton Thermos,-6319,1,16-01-25,Pending,Hyd,NULL
FK-10683,Customer_9683,Home & Kitchen,Milton Thermos,-6319,1,16-01-25,Pending,Hyd,NULL
FK-10684,Customer_9684,Home & Kitchen,Bajaj Iron,41596,1,22-12-25,Canceled,Gurgaon,9
FK-10685,Customer_9685,Shoes,Adidas Sliders,23370,999,17-08-25,Canceled,Pune,N/A
FK-10686,Customer_9686,Home & Kitchen,Pigeon Gas Stove,22696,1,17-10-25,Pending,,28
FK-10687,Customer_9687,Clothing,Saree,₹13173,1,02-12-25,Pending,Delhi,29
10688,Customer_9688,Clothing,Jacket,23767,2,05-01-25,Pending,Hyd,17
10689,Customer_9689,Electronics,HP Pavilion Laptop,-71325,2,05-06-25,Canceled,Delhi,N/A
FK-10690,Customer_9690,Books,Atomic Habits,33148,1,11-08-25,delivered,Kolkata,15
FK-10691,Customer_9691,Beauty,Nivea Lotion,52018,2,04-10-25,Canceled,Bengaluru,4
FK-10692,Customer_9692,Books,Python Crash Course,Rs. 55406,3,13-11-25,Returned,Hyderabad,28
FK-10693,Customer_9693,Clothing,Women's Kurta,Rs. 17821,2,02-01-25,Pending,,NULL
FK-10694,Customer_9694,,Apple iPhone 15,52575,1,23-12-25,Shipped,Chennai,22
FK-10695,Customer_9695,Books,Dune,25159,1,May 03 2025,Returned,Bengaluru,16
FK-10696,Customer_9696,Home & Kitchen,Bajaj Iron,65651,1,10-08-25,Canceled,Kolkata,30
FK-10697,Customer_9697,Books,Atomic Habits,6105,3,19-03-25,Pending,Kolkata,17
FK-10698,Customer_9698,Clothing,Jacket,-15581,1,11-09-25,Delivered,Hyd,N/A
FK-10699,Customer_9699,Shoes,Nike Running Shoes,6037,1,27-03-26,Canceled,Gurgaon,23
FK-10700,Customer_9700,Books,Atomic Habits,26322,1,09-03-26,Shipped,Bengaluru,18
FK-10701,Customer_9701,Beauty,Maybelline Lipstick,,1,15-02-25,returned,BLR,8
FK-10702,Customer_9702,Electronics,Dell Mouse,8869,1,22-04-25,Returned,Mumbai,1%
10703,Customer_9703,Clothing,Jeans,22674,1,20-05-25,Delivered,BLR,25
FK-10704,Customer_9704,Shoes,Puma Sneakers,46095,1,Oct 11 2025,returned,Pune,9
FK-10705,Customer_9705,Electronics,Samsung Galaxy M14,44508,2,14-05-26,Shipped,Kolkata,9
FK-10706,Customer_9706,Clothing,Saree,₹73600,2,29-03-26,Canceled,BLR,
FK-10707,Customer_9707,Books,Python Crash Course,₹7535,1,31-08-25,returned,Delhi,2
FK-10708,Customer_9708,Shoes,Nike Running Shoes,42984,2,24-05-25,Returned,Bengaluru,10%
FK-10709,Customer_9709,Books,Python Crash Course,21309,1,28-04-26,Canceled,Gurgaon,5
FK-10710,Customer_9710,Shoes,Nike Running Shoes,47958,1,12-04-25,returned,Delhi,30%
FK-10711,Customer_9711,Electronics,Boat Airdopes,53863,1,29-06-25,returned,BLR,5
FK-10712,Customer_9712,electronics,Boat Airdopes,Rs. 51451,1,14-07-25,Shipped,BLR,10%
FK-10713,Customer_9713,shoes,Nike Running Shoes,28285,-1,08-12-25,Shipped,Chennai,NULL
FK-10714,Customer_9714,,Apple iPhone 15,54503,one,24-01-26,Shipped,BLR,26%
10715,Customer_9715,Electronics,Apple iPhone 15,₹21531,4,16-06-25,Canceled,Gurgaon,10
FK-10716,Customer_9716,Clothing,Men's T-Shirt,,1,15-03-25,Delivered,Bengaluru,9
FK-10717,Customer_9717,Electronics,Apple iPhone 15,-6855,one,19-11-25,Delivered,Hyd,11
FK-10718,Customer_9718,Home & Kitchen,Pigeon Gas Stove,-7842,3,01-04-25,Shipped,Hyderabad,N/A
FK-10719,Customer_9719,Electronics,HP Pavilion Laptop,13903,1,10-09-25,returned,,10
FK-10720,Customer_9720,Electronics,Dell Mouse,₹12076,2,,returned,Hyd,21
FK-10721,Customer_9721,Shoes,Adidas Sliders,25203,1,18-05-25,delivered,Bengaluru,30
FK-10722,Customer_9722,Shoes,Puma Sneakers,74482,1,19-05-25,Pending,Chennai,13
10723,Customer_9723,shoes,Adidas Sliders,59756,3,22-03-26,Canceled,Hyderabad,18
FK-10724,,Clothing,Women's Kurta,-72820,1,Sep 20 2025,Canceled,Delhi,20
FK-10725,Customer_9725,Clothing,Jeans,₹34908,1,30-08-25,Returned,Delhi,10
FK-10726,Customer_9726,Books,Dune,24306,1,31-07-25,Returned,Chennai,19
FK-10727,Customer_9727,Shoes,Adidas Sliders,52665,1,Feb 22 2025,Pending,BLR,
FK-10728,Customer_9728,SHOES,Puma Sneakers,Rs. 9300,1,,Canceled,Gurgaon,N/A
FK-10729,Customer_9729,Electronics,Boat Airdopes,,1,22-06-25,Pending,Delhi,0
FK-10730,Customer_9730,Electronics,Sony Headphones,,1,08-04-26,Delivered,Mumbai,21%
FK-10731,Customer_9731,Home & Kitchen,Milton Thermos,,1,11-07-25,Shipped,Pune,7
FK-10732,Customer_9732,Books,Dune,28251,1,15-01-25,delivered,Pune,19
FK-10733,Customer_9733,CLOTHING,Jeans,-33439,1,02-08-25,Pending,Hyderabad,12
FK-10734,Customer_9734,Clothing,Jeans,₹5508,1,16-12-25,Delivered,Pune,15
FK-10735,Customer_9735,shoes,Puma Sneakers,₹52821,999,07-06-25,Delivered,Delhi,
FK-10736,Customer_9736,Clothing,Jacket,56162,3,23-03-25,Canceled,,0
FK-10737,Customer_9737,Beauty,Nivea Lotion,10472,1,17-04-25,delivered,Pune,8
FK-10738,Customer_9738,HOME & KITCHEN,Milton Thermos,₹57174,1,22-04-26,Delivered,Hyderabad,26
FK-10739,Customer_9739,Shoes,Nike Running Shoes,50568,1,27-01-26,Delivered,Pune,3
fk-10740,Customer_9740,Books,Rich Dad Poor Dad,Rs. 68815,2,29-05-25,Delivered,Hyderabad,24
FK-10741,,Shoes,Adidas Sliders,₹65067,1,Mar 26 2025,Returned,Pune,16
FK-10742,Customer_9742,Books,Atomic Habits,63692,2,12-05-26,Returned,Mumbai,12
FK-10743,Customer_9743,Shoes,Adidas Sliders,17587,3,16-08-25,Shipped,Kolkata,19
fk-10744,Customer_9744,Home & Kitchen,Bajaj Iron,53137,,29-09-25,returned,Kolkata,NULL
FK-10745,Customer_9745,Shoes,Puma Sneakers,31678,1,04-03-26,delivered,Mumbai,0
FK-10746,Customer_9746,Electronics,Apple iPhone 15,53725,1,19-03-25,Shipped,Hyd,10
FK-10747,Customer_9747,Clothing,Jeans,25179,1,Mar 26 2026,Returned,Hyd,25
FK-10748,Customer_9748,Electronics,Sony Headphones,64976,3,22-03-26,Returned,Delhi,24
FK-10749,Customer_9749,Home & Kitchen,Milton Thermos,11085,4,29-09-25,delivered,BLR,11
FK-10750,Customer_9750,Electronics,HP Pavilion Laptop,,1,13-02-26,Shipped,Bengaluru,25%
FK-10751,Customer_9751,Clothing,Women's Kurta,57162,3,15-04-25,Canceled,Hyd,6
FK-10752,Customer_9752,Beauty,Nivea Lotion,53057,1,27-07-25,returned,Hyd,25
FK-10753,Customer_9753,Books,Python Crash Course,-43189,3,12-05-26,delivered,Bengaluru,8
FK-10754,Customer_9754,Home & Kitchen,Pigeon Gas Stove,22806,3,22-05-25,Pending,Hyd,25
FK-10755,Customer_9755,Clothing,Saree,35651,one,22-11-25,returned,Bengaluru,26
FK-10756,Customer_9756,Shoes,Nike Running Shoes,9267,2,16-03-25,Canceled,Bengaluru,8
FK-10757,Customer_9757,Clothing,Jeans,2582,1,14-05-25,returned,Pune,16
FK-10758,Customer_9758,beauty,Maybelline Lipstick,40039,1,14-03-26,Canceled,Chennai,10%
FK-10759,Customer_9759,Shoes,Nike Running Shoes,₹57286,-1,02-08-25,Canceled,Bengaluru,1%
FK-10760,Customer_9760,Clothing,Saree,₹53084,2,Mar 23 2025,Pending,Hyderabad,3
FK-10761,Customer_9761,shoes,Puma Sneakers,65228,2,25-07-25,Shipped,Chennai,20
FK-10762,Customer_9762,Electronics,Dell Mouse,₹40055,-1,06-11-25,Canceled,Hyd,1
10763,Customer_9763,,Sony Headphones,3188,1,Jan 17 2025,returned,Gurgaon,7
FK-10764,Customer_9764,Shoes,Nike Running Shoes,Rs. 18696,2,29-07-25,Pending,Gurgaon,1
FK-10765,Customer_9765,Home & Kitchen,Prestige Cooker,14455,5,13-10-25,Delivered,Bengaluru,7
FK-10766,Customer_9766,Clothing,Jeans,Rs. 10181,2,25-06-25,Delivered,Pune,23%
FK-10767,Customer_9767,Electronics,Apple iPhone 15,1272,1,01-06-25,returned,,6
fk-10768,Customer_9768,Beauty,Maybelline Lipstick,Rs. 41158,2,16-10-25,delivered,Delhi,22
FK-10769,Customer_9769,Home & Kitchen,Pigeon Gas Stove,29875,3,03-08-25,Shipped,Delhi,4
FK-10770,Customer_9770,Books,Atomic Habits,37934,1,18-04-25,Pending,Hyderabad,1
FK-10771,Customer_9771,Clothing,Women's Kurta,27175,3,12-01-26,returned,,30
FK-10772,Customer_9772,Books,Dune,Rs. 61286,1,01-04-26,Canceled,,7
fk-10773,Customer_9773,Electronics,Boat Airdopes,10384,1,,returned,Kolkata,2
FK-10774,Customer_9774,Beauty,Lakme Eyeliner,23754,1,15-08-25,delivered,,30
FK-10775,Customer_9775,Clothing,Saree,62384,-1,Apr 11 2025,Shipped,Pune,22
FK-10776,Customer_9776,Home & Kitchen,Bajaj Iron,34722,one,16-07-25,returned,Bengaluru,11
FK-10777,Customer_9777,Electronics,Sony Headphones,64103,1,03-02-25,Canceled,Pune,16
FK-10778,Customer_9778,Clothing,Women's Kurta,₹34975,1,29-03-25,returned,Chennai,10
FK-10779,Customer_9779,CLOTHING,Jeans,13538,1,22-01-26,returned,Pune,14%
FK-10780,,clothing,Saree,27622,1,19-05-25,Pending,BLR,13
FK-10781,Customer_9781,Books,Atomic Habits,39352,1,23-09-25,Pending,Mumbai,7
FK-10782,Customer_9782,Shoes,Nike Running Shoes,43723,2,17-01-25,delivered,Hyd,6%
FK-10783,Customer_9783,Clothing,Men's T-Shirt,63868,3,Apr 13 2026,Pending,Bengaluru,23
FK-10784,Customer_9784,Clothing,Saree,Rs. 30959,1,15-12-25,returned,Gurgaon,20%
FK-10785,Customer_9785,,Dell Mouse,Rs. 61616,2,02-01-26,Shipped,Hyderabad,14
FK-10786,Customer_9786,Books,Rich Dad Poor Dad,-50350,1,10-01-25,Delivered,Mumbai,11
FK-10787,Customer_9787,Books,Atomic Habits,10821,2,23-12-25,delivered,Kolkata,13
FK-10788,Customer_9788,Electronics,Boat Airdopes,Rs. 11712,1,Dec 08 2025,returned,Kolkata,7
FK-10789,Customer_9789,Electronics,HP Pavilion Laptop,-33889,1,20-02-26,Returned,Hyderabad,8
FK-10790,Customer_9790,Beauty,Maybelline Lipstick,36222,1,31-05-25,Delivered,Gurgaon,25
10791,Customer_9791,Books,Rich Dad Poor Dad,33901,1,05-03-25,Returned,Kolkata,17
FK-10792,Customer_9792,Beauty,Nivea Lotion,11548,5,28-02-26,Shipped,Delhi,1
FK-10793,Customer_9793,Clothing,Jacket,53143,1,23-07-25,delivered,Hyderabad,
FK-10794,Customer_9794,Shoes,Puma Sneakers,19522,1,17-04-26,Shipped,Pune,24
FK-10795,Customer_9795,Electronics,Boat Airdopes,58602,3,27-07-25,Delivered,,NULL
FK-10796,Customer_9796,Beauty,Lakme Eyeliner,9258,1,07-11-25,Returned,Delhi,5
FK-10797,Customer_9797,,HP Pavilion Laptop,25009,1,23-11-25,Delivered,Bengaluru,N/A
FK-10798,Customer_9798,Clothing,Saree,51969,two,22-02-25,Shipped,,18
FK-10799,Customer_9799,Books,Rich Dad Poor Dad,Rs. 63592,2,25-01-25,Canceled,,22
FK-10800,Customer_9800,Shoes,Puma Sneakers,₹8121,2,08-03-26,Delivered,Kolkata,N/A
FK-10801,Customer_9801,Home & Kitchen,Bajaj Iron,45276,1,20-12-25,Returned,Gurgaon,13%
FK-10802,Customer_9802,books,Atomic Habits,22649,1,18-07-25,Shipped,BLR,17
FK-10803,Customer_9803,Home & Kitchen,Prestige Cooker,17658,1,12-05-26,Canceled,Gurgaon,9
10804,Customer_9804,HOME & KITCHEN,Prestige Cooker,40190,1,21-02-25,Pending,Gurgaon,2%
FK-10805,Customer_9805,Clothing,Saree,60292,5,23-02-25,Pending,Bengaluru,3
FK-10806,Customer_9806,ELECTRONICS,Sony Headphones,66867,2,15-05-26,returned,Kolkata,7
FK-10807,Customer_9807,Shoes,Adidas Sliders,42947,1,29-07-25,Delivered,Pune,9
FK-10808,Customer_9808,CLOTHING,Saree,₹68517,3,11-04-25,Pending,Gurgaon,23
fk-10809,Customer_9809,Clothing,Women's Kurta,₹43375,3,24-02-25,Pending,Kolkata,4
FK-10810,Customer_9810,Beauty,Nivea Lotion,28904,3,22-02-26,delivered,Kolkata,28
10811,Customer_9811,Home & Kitchen,Pigeon Gas Stove,12167,1,23-04-25,Pending,Pune,24
FK-10812,Customer_9812,Beauty,Lakme Eyeliner,64892,1,28-09-25,Canceled,,
FK-10813,Customer_9813,Beauty,Maybelline Lipstick,27921,1,20-06-25,returned,Pune,18
FK-10814,Customer_9814,Beauty,Maybelline Lipstick,₹54796,1,31-05-25,Canceled,,21%
FK-10815,Customer_9815,Books,Rich Dad Poor Dad,Rs. 27638,2,02-02-26,Canceled,Gurgaon,
FK-10815,Customer_9815,Books,Rich Dad Poor Dad,Rs. 27638,2,02-02-26,Canceled,Gurgaon,
FK-10816,Customer_9816,Beauty,Maybelline Lipstick,-28475,5,05-02-25,Returned,Mumbai,16
FK-10817,Customer_9817,Clothing,Men's T-Shirt,₹29125,1,21-04-25,Shipped,Bengaluru,30
FK-10818,Customer_9818,Home & Kitchen,Pigeon Gas Stove,46182,one,21-04-26,Canceled,Kolkata,N/A
FK-10819,Customer_9819,,Samsung Galaxy M14,₹73753,1,01-04-26,delivered,Bengaluru,3
FK-10820,Customer_9820,Electronics,Samsung Galaxy M14,55322,1,Apr 19 2025,returned,Bengaluru,18
FK-10821,Customer_9821,Electronics,Dell Mouse,58463,1,08-02-26,Canceled,BLR,24
FK-10822,Customer_9822,,Dell Mouse,42975,2,13-09-25,returned,Gurgaon,28
FK-10823,Customer_9823,Clothing,Saree,₹62221,1,20-07-25,Pending,Gurgaon,18
FK-10824,Customer_9824,Clothing,Jeans,13499,1,02-05-26,Pending,Gurgaon,6
FK-10825,Customer_9825,Beauty,Lakme Eyeliner,Rs. 7536,1,09-10-25,Returned,Bengaluru,12%
FK-10826,Customer_9826,Clothing,Jacket,39001,1,12-05-26,Delivered,Delhi,23
fk-10827,Customer_9827,Beauty,Nivea Lotion,56638,,16-04-25,Shipped,Hyderabad,12
FK-10828,Customer_9828,Shoes,Puma Sneakers,14910,1,27-02-25,Pending,BLR,11
FK-10829,Customer_9829,Books,Atomic Habits,Rs. 53277,1,07-01-26,delivered,Gurgaon,
FK-10830,,Shoes,Puma Sneakers,₹70260,1,02-03-25,Shipped,Chennai,14
FK-10831,Customer_9831,Shoes,Adidas Sliders,₹64027,1,,returned,Bengaluru,23
FK-10832,Customer_9832,clothing,Women's Kurta,Rs. 6684,5,09-03-25,Delivered,BLR,22%
FK-10833,Customer_9833,Home & Kitchen,Bajaj Iron,36165,1,06-11-25,Returned,Hyderabad,11
FK-10834,Customer_9834,Clothing,Jeans,Rs. 74818,1,15-09-25,Shipped,BLR,
FK-10835,Customer_9835,Books,Atomic Habits,36465,2,13-02-25,Returned,Pune,11
FK-10836,Customer_9836,Home & Kitchen,Pigeon Gas Stove,50320,2,07-01-25,delivered,Mumbai,3
fk-10837,Customer_9837,Books,Atomic Habits,10641,2,Jan 09 2025,Shipped,BLR,16
FK-10838,Customer_9838,Clothing,Jacket,33652,2,09-10-25,delivered,Pune,10
10839,,Home & Kitchen,Milton Thermos,63325,5,14-10-25,delivered,Hyd,4
FK-10840,Customer_9840,Books,Atomic Habits,31133,1,13-05-26,Returned,Pune,30%
FK-10841,Customer_9841,Clothing,Men's T-Shirt,₹13494,1,11-03-26,Returned,Hyderabad,25%
10842,,Shoes,Puma Sneakers,54551,2,08-11-25,Canceled,Mumbai,17
FK-10843,Customer_9843,clothing,Saree,-32654,1,21-04-25,delivered,Mumbai,12
FK-10844,Customer_9844,Books,Dune,19752,1,25-02-25,Returned,Pune,6%
FK-10845,Customer_9845,Home & Kitchen,Bajaj Iron,74660,1,06-11-25,Delivered,Gurgaon,11
10846,Customer_9846,Clothing,Jacket,₹70531,1,25-02-25,Pending,Gurgaon,24
FK-10847,Customer_9847,Clothing,Jeans,47487,2,Apr 30 2026,Shipped,Chennai,19
FK-10848,Customer_9848,Shoes,Adidas Sliders,17025,999,03-06-25,Canceled,Delhi,26
FK-10849,Customer_9849,Clothing,Men's T-Shirt,₹3399,1,20-07-25,Shipped,,25
FK-10850,Customer_9850,home & kitchen,Milton Thermos,35465,3,16-05-25,returned,,2
FK-10851,Customer_9851,Clothing,Women's Kurta,₹11582,1,Aug 27 2025,Delivered,Kolkata,21
FK-10852,Customer_9852,Clothing,Saree,₹2663,1,Oct 26 2025,delivered,Pune,5%
FK-10853,Customer_9853,Beauty,Lakme Eyeliner,Rs. 57906,1,12-01-25,delivered,Bengaluru,4
FK-10854,Customer_9854,Electronics,Sony Headphones,55705,1,15-12-25,Shipped,Mumbai,N/A
FK-10855,Customer_9855,Clothing,Jeans,28706,1,11-02-26,Pending,Chennai,
FK-10856,Customer_9856,Beauty,Lakme Eyeliner,15418,1,26-09-25,Returned,Pune,19
FK-10857,Customer_9857,Electronics,Sony Headphones,52315,1,06-02-26,Delivered,Gurgaon,13
FK-10858,Customer_9858,Electronics,Samsung Galaxy M14,27370,,27-03-26,Pending,Kolkata,25%
FK-10859,Customer_9859,beauty,Nivea Lotion,33585,1,16-04-26,Shipped,,12
FK-10860,Customer_9860,Clothing,Women's Kurta,Rs. 28978,2,10-02-25,Returned,Hyderabad,16
fk-10861,Customer_9861,clothing,Saree,Rs. 6631,2,02-06-25,returned,Chennai,N/A
FK-10862,Customer_9862,Home & Kitchen,Prestige Cooker,47200,1,05-05-25,Shipped,Hyderabad,28
FK-10863,Customer_9863,Clothing,Jeans,,1,19-07-25,Pending,Chennai,12
FK-10864,,Home & Kitchen,Prestige Cooker,54296,1,25-02-25,Canceled,Pune,0
FK-10865,Customer_9865,Books,Atomic Habits,39672,2,07-05-26,Pending,,22
FK-10866,Customer_9866,Shoes,Nike Running Shoes,60848,3,Jan 15 2025,Shipped,Gurgaon,27
FK-10867,Customer_9867,Beauty,Maybelline Lipstick,34814,4,01-09-25,Canceled,Delhi,29
FK-10868,Customer_9868,Clothing,Saree,36977,1,04-07-25,delivered,Mumbai,18
FK-10869,Customer_9869,Home & Kitchen,Pigeon Gas Stove,1427,1,22-02-26,Returned,Delhi,6
FK-10870,Customer_9870,Beauty,Nivea Lotion,23105,1,17-05-25,returned,Delhi,10
FK-10871,Customer_9871,Shoes,Puma Sneakers,₹69307,1,27-05-25,Delivered,Bengaluru,11
FK-10872,Customer_9872,Beauty,Maybelline Lipstick,Rs. 24059,1,09-04-26,Pending,Bengaluru,2
FK-10873,Customer_9873,Shoes,Adidas Sliders,40325,1,21-04-26,delivered,Hyd,29
FK-10874,Customer_9874,Electronics,Samsung Galaxy M14,74649,2,29-04-25,delivered,,NULL
FK-10875,Customer_9875,Books,Python Crash Course,-18655,1,May 16 2025,Pending,,25
FK-10876,Customer_9876,Home & Kitchen,Pigeon Gas Stove,30053,1,Oct 08 2025,Returned,Hyd,20
FK-10876,Customer_9876,Home & Kitchen,Pigeon Gas Stove,30053,1,Oct 08 2025,Returned,Hyd,20
FK-10877,Customer_9877,Clothing,Men's T-Shirt,52516,1,18-08-25,Canceled,Hyd,3
FK-10878,,Home & Kitchen,Milton Thermos,25149,1,09-02-25,Delivered,,28
FK-10879,Customer_9879,Books,Rich Dad Poor Dad,32162,3,08-01-26,Pending,Gurgaon,5
FK-10880,Customer_9880,Home & Kitchen,Milton Thermos,₹69320,1,29-07-25,Returned,Bengaluru,1
FK-10881,Customer_9881,,Boat Airdopes,4254,1,17-05-25,Delivered,Bengaluru,8
FK-10882,Customer_9882,Books,Dune,65350,1,26-02-26,Delivered,Bengaluru,11
10883,Customer_9883,BEAUTY,Maybelline Lipstick,15808,3,10-10-25,returned,Gurgaon,8
FK-10884,Customer_9884,Clothing,Jacket,26623,1,30-08-25,Pending,Delhi,29
FK-10885,Customer_9885,Electronics,Boat Airdopes,26855,1,01-05-25,Canceled,Pune,17
10886,Customer_9886,Books,Atomic Habits,55682,1,09-05-26,Pending,Gurgaon,4
fk-10887,Customer_9887,Electronics,HP Pavilion Laptop,Rs. 57422,1,10-05-25,Shipped,Delhi,28
FK-10888,Customer_9888,BEAUTY,Lakme Eyeliner,Rs. 19045,4,30-01-25,Delivered,Pune,12
10889,Customer_9889,Beauty,Lakme Eyeliner,₹4265,1,06-04-25,Delivered,Hyderabad,N/A
FK-10890,Customer_9890,Electronics,Apple iPhone 15,₹72468,1,21-11-25,Pending,BLR,23
FK-10891,Customer_9891,SHOES,Adidas Sliders,37245,999,,Pending,Hyd,3
FK-10892,Customer_9892,Electronics,Samsung Galaxy M14,40289,1,04-06-25,returned,Pune,16%
FK-10893,Customer_9893,Shoes,Nike Running Shoes,10971,1,Apr 25 2026,Returned,Kolkata,22
FK-10894,Customer_9894,Clothing,Jeans,-40572,2,02-04-25,Returned,,
fk-10895,Customer_9895,books,Atomic Habits,42833,1,21-06-25,Delivered,Hyd,N/A
FK-10896,Customer_9896,Shoes,Nike Running Shoes,11848,1,,returned,Gurgaon,28
FK-10897,Customer_9897,Shoes,Adidas Sliders,61480,1,06-01-26,Delivered,Kolkata,19
FK-10898,Customer_9898,,Sony Headphones,57290,2,03-09-25,Shipped,Pune,11%
FK-10899,Customer_9899,Beauty,Nivea Lotion,39585,1,23-10-25,Delivered,Mumbai,30%
FK-10900,Customer_9900,Beauty,Lakme Eyeliner,9541,1,08-03-25,Returned,Hyderabad,NULL
FK-10901,Customer_9901,Clothing,Saree,-4761,3,09-03-26,returned,,19
FK-10902,Customer_9902,Electronics,Apple iPhone 15,26862,3,12-04-25,Canceled,BLR,22
FK-10903,Customer_9903,Clothing,Saree,56817,1,,Pending,Bengaluru,29%
FK-10903,Customer_9903,Clothing,Saree,56817,1,,Pending,Bengaluru,29%
FK-10904,Customer_9904,BEAUTY,Nivea Lotion,36753,1,29-04-25,Delivered,Gurgaon,9
10905,Customer_9905,Shoes,Nike Running Shoes,16813,1,30-03-26,delivered,Kolkata,14
fk-10906,Customer_9906,beauty,Maybelline Lipstick,26926,1,29-03-25,Canceled,Kolkata,NULL
FK-10907,Customer_9907,Shoes,Adidas Sliders,₹74118,2,14-04-26,Canceled,Hyderabad,25
FK-10908,,Home & Kitchen,Milton Thermos,Rs. 68717,2,03-07-25,Returned,Hyderabad,4
FK-10909,Customer_9909,Home & Kitchen,Milton Thermos,₹56090,1,28-04-26,Shipped,Kolkata,24
FK-10910,Customer_9910,Beauty,Lakme Eyeliner,₹23788,1,,returned,Hyderabad,13
FK-10911,Customer_9911,Clothing,Men's T-Shirt,72311,1,14-01-25,Canceled,Hyd,22
FK-10912,,Books,Python Crash Course,73793,1,,Pending,,28
FK-10912,,Books,Python Crash Course,73793,1,,Pending,,28
FK-10913,,Shoes,Adidas Sliders,Rs. 21260,1,Jan 29 2026,Shipped,Bengaluru,13
FK-10914,Customer_9914,Electronics,Boat Airdopes,5989,2,14-03-25,Delivered,Delhi,8
FK-10915,Customer_9915,Home & Kitchen,Milton Thermos,27604,1,03-02-26,Pending,Hyderabad,14
FK-10916,Customer_9916,,Boat Airdopes,31108,2,10-12-25,Delivered,BLR,12
10917,Customer_9917,clothing,Women's Kurta,₹58511,1,20-01-26,Canceled,Bengaluru,29
FK-10918,Customer_9918,Books,Rich Dad Poor Dad,10222,3,,Delivered,Kolkata,5
FK-10919,Customer_9919,books,Atomic Habits,₹36901,2,20-10-25,Shipped,Hyderabad,12
FK-10920,Customer_9920,Books,Rich Dad Poor Dad,2548,5,01-04-25,Delivered,Hyd,29%
FK-10921,Customer_9921,Beauty,Lakme Eyeliner,Rs. 19212,two,18-10-25,returned,,9
FK-10922,Customer_9922,Beauty,Nivea Lotion,47160,two,07-03-25,Canceled,Gurgaon,10
FK-10923,Customer_9923,Home & Kitchen,Pigeon Gas Stove,24487,1,24-12-25,Delivered,Hyd,12
FK-10924,Customer_9924,Books,Rich Dad Poor Dad,₹17558,1,11-10-25,Pending,Bengaluru,N/A
FK-10925,Customer_9925,Home & Kitchen,Milton Thermos,47724,1,24-01-26,Returned,,4
FK-10926,,Home & Kitchen,Milton Thermos,7646,2,,returned,Delhi,18
FK-10927,Customer_9927,Beauty,Nivea Lotion,67567,1,06-01-26,Canceled,Mumbai,6
FK-10928,Customer_9928,electronics,Dell Mouse,-42703,2,Jun 09 2025,Canceled,Chennai,NULL
FK-10929,Customer_9929,Books,Atomic Habits,28720,3,03-10-25,Canceled,Gurgaon,27
FK-10930,Customer_9930,Shoes,Nike Running Shoes,Rs. 1018,1,09-04-25,Canceled,Mumbai,25
fk-10931,Customer_9931,Home & Kitchen,Milton Thermos,10807,2,21-01-25,Canceled,Hyderabad,6%
FK-10932,Customer_9932,Beauty,Lakme Eyeliner,29728,1,17-08-25,delivered,Hyderabad,6
FK-10933,Customer_9933,Books,Rich Dad Poor Dad,63956,1,11-07-25,Shipped,Kolkata,N/A
FK-10934,Customer_9934,Home & Kitchen,Prestige Cooker,9615,3,21-08-25,Shipped,BLR,14%
FK-10935,Customer_9935,Clothing,Jacket,13739,1,03-02-26,Pending,Delhi,3
FK-10936,Customer_9936,Books,Rich Dad Poor Dad,40081,1,30-08-25,Returned,Hyderabad,N/A
FK-10937,Customer_9937,Books,Python Crash Course,69128,3,Apr 21 2026,Returned,Hyderabad,2
FK-10938,Customer_9938,,Boat Airdopes,43077,2,03-07-25,Returned,Hyd,N/A
FK-10939,Customer_9939,Books,Dune,,999,15-07-25,Canceled,,21
FK-10940,Customer_9940,Electronics,Samsung Galaxy M14,-65729,two,14-04-25,Canceled,Hyd,26
FK-10941,Customer_9941,Home & Kitchen,Pigeon Gas Stove,Rs. 69588,2,11-09-25,Shipped,Mumbai,6
fk-10942,Customer_9942,Clothing,Saree,43798,1,16-02-25,Canceled,Pune,17
FK-10943,Customer_9943,home & kitchen,Pigeon Gas Stove,27823,1,29-10-25,Canceled,Mumbai,19
FK-10944,Customer_9944,electronics,Boat Airdopes,32008,1,15-02-26,Shipped,Gurgaon,20%
FK-10945,Customer_9945,Electronics,Samsung Galaxy M14,58258,1,19-02-25,Returned,Kolkata,18
FK-10946,Customer_9946,beauty,Maybelline Lipstick,39430,3,11-04-26,returned,Hyd,2
FK-10947,Customer_9947,Electronics,Dell Mouse,42223,1,12-02-26,Shipped,Hyd,16
FK-10948,Customer_9948,HOME & KITCHEN,Bajaj Iron,36406,2,,Pending,Pune,25%
FK-10949,Customer_9949,Beauty,Nivea Lotion,Rs. 10316,1,16-08-25,Delivered,BLR,3
fk-10950,Customer_9950,Electronics,Samsung Galaxy M14,37762,1,19-02-26,Canceled,Chennai,4
FK-10951,Customer_9951,clothing,Jacket,21807,1,28-09-25,Returned,Hyd,2
FK-10952,Customer_9952,Home & Kitchen,Pigeon Gas Stove,₹20661,5,26-09-25,Shipped,Chennai,1
10953,Customer_9953,Home & Kitchen,Prestige Cooker,Rs. 31084,1,Jun 10 2025,Pending,BLR,28
FK-10954,Customer_9954,Books,Atomic Habits,₹26916,2,03-01-25,returned,Bengaluru,11
FK-10954,Customer_9954,Books,Atomic Habits,₹26916,2,03-01-25,returned,Bengaluru,11
FK-10955,Customer_9955,Books,Dune,-74632,2,26-06-25,delivered,,9
FK-10956,Customer_9956,Shoes,Nike Running Shoes,18027,3,06-01-26,delivered,BLR,2
FK-10957,Customer_9957,Books,Python Crash Course,55307,1,28-09-25,Delivered,Kolkata,3
FK-10958,Customer_9958,Beauty,Maybelline Lipstick,25112,2,03-12-25,returned,Pune,2
FK-10959,Customer_9959,Electronics,Samsung Galaxy M14,20349,1,07-06-25,returned,Gurgaon,21
FK-10960,Customer_9960,Electronics,Sony Headphones,30268,1,19-07-25,Canceled,Chennai,2
FK-10961,Customer_9961,Clothing,Women's Kurta,53003,2,Mar 20 2025,Returned,Kolkata,7
FK-10962,Customer_9962,Home & Kitchen,Pigeon Gas Stove,56969,1,Jan 04 2026,Delivered,Kolkata,16
FK-10963,Customer_9963,Books,Python Crash Course,29990,1,09-08-25,Delivered,Gurgaon,8
FK-10964,,Beauty,Nivea Lotion,63373,1,27-11-25,Delivered,Mumbai,11
FK-10965,Customer_9965,Clothing,Women's Kurta,Rs. 54799,1,07-10-25,Pending,Bengaluru,13
FK-10966,Customer_9966,Books,Python Crash Course,6125,1,27-11-25,returned,Kolkata,17%
FK-10967,Customer_9967,Electronics,Apple iPhone 15,72831,1,22-02-26,returned,Hyderabad,24%
FK-10968,Customer_9968,Clothing,Jeans,9648,1,01-11-25,delivered,Mumbai,14%
FK-10969,Customer_9969,Clothing,Jeans,₹28503,1,02-02-26,Returned,Kolkata,17
FK-10970,Customer_9970,Shoes,Puma Sneakers,17994,1,21-07-25,Returned,Delhi,13
FK-10971,Customer_9971,Beauty,Nivea Lotion,34965,1,01-02-26,Canceled,Chennai,26
FK-10972,Customer_9972,shoes,Nike Running Shoes,44598,999,05-05-26,returned,Mumbai,13
FK-10973,Customer_9973,Books,Dune,21854,1,22-01-26,Pending,Chennai,4
FK-10974,Customer_9974,Electronics,Apple iPhone 15,29182,1,22-01-26,Delivered,Chennai,13
FK-10975,Customer_9975,Home & Kitchen,Pigeon Gas Stove,,2,09-03-26,Canceled,Pune,N/A
FK-10976,Customer_9976,Electronics,HP Pavilion Laptop,35967,1,15-01-26,returned,,NULL
FK-10977,Customer_9977,Shoes,Puma Sneakers,,2,27-03-26,returned,Gurgaon,25
10978,Customer_9978,Books,Rich Dad Poor Dad,₹29578,1,,returned,Kolkata,2
FK-10979,Customer_9979,HOME & KITCHEN,Prestige Cooker,40144,3,10-03-26,returned,Mumbai,12
10980,Customer_9980,Beauty,Nivea Lotion,71879,1,24-01-26,Returned,Gurgaon,21
FK-10981,Customer_9981,books,Atomic Habits,-10683,1,11-05-25,Delivered,BLR,3
FK-10982,Customer_9982,Shoes,Adidas Sliders,49216,1,14-03-26,Shipped,,1
FK-10983,Customer_9983,Home & Kitchen,Prestige Cooker,68769,1,30-01-25,Canceled,Hyderabad,5
FK-10984,Customer_9984,Electronics,Samsung Galaxy M14,Rs. 61598,-1,14-01-26,Delivered,Hyderabad,9%
FK-10985,Customer_9985,beauty,Nivea Lotion,31963,1,01-11-25,Canceled,Hyderabad,1
FK-10986,Customer_9986,Electronics,Boat Airdopes,Rs. 59925,4,May 12 2025,returned,Hyderabad,6
FK-10987,Customer_9987,Books,Rich Dad Poor Dad,Rs. 50101,3,Dec 24 2025,Canceled,Bengaluru,6
FK-10988,Customer_9988,Beauty,Lakme Eyeliner,57656,1,05-07-25,Shipped,Kolkata,13
FK-10989,Customer_9989,Electronics,Sony Headphones,4994,1,12-05-26,Delivered,Hyderabad,11
FK-10990,Customer_9990,Electronics,Sony Headphones,40721,3,May 30 2025,Returned,Pune,1
FK-10991,Customer_9991,Clothing,Jacket,Rs. 51141,1,22-01-25,Shipped,BLR,23
FK-10992,Customer_9992,Electronics,Boat Airdopes,71910,1,09-10-25,delivered,BLR,8
10993,Customer_9993,clothing,Men's T-Shirt,₹15682,one,18-04-26,returned,Hyderabad,11
FK-10994,,home & kitchen,Bajaj Iron,1726,two,01-02-25,Returned,Hyd,4%
FK-10995,Customer_9995,Clothing,Jeans,52738,2,30-09-25,Shipped,BLR,17
FK-10996,Customer_9996,,Boat Airdopes,23911,,28-12-25,delivered,Bengaluru,23
FK-10997,Customer_9997,Home & Kitchen,Pigeon Gas Stove,Rs. 46120,2,25-03-25,Pending,BLR,17
FK-10998,Customer_9998,,HP Pavilion Laptop,18065,-1,Nov 12 2025,Shipped,,25
FK-10999,Customer_9999,Home & Kitchen,Milton Thermos,29515,1,20-03-26,Pending,,28
FK-11000,Customer_10000,Clothing,Saree,-34921,1,08-09-25,Canceled,Hyderabad,NULL
